Date,Open,High,Low,Close,Volume
07-Aug-26,355.2799987792969,357.54998779296875,352.82000732421875,353.4700012207031,14480400
06-Aug-26,358.7919921875,361.9599914550781,355.8299865722656,356.6199951171875,16513400
05-Aug-26,380.0,381.80999755859375,355.1600036621094,360.1300048828125,29436300
04-Aug-26,366.5199890136719,377.66900634765625,366.1600036621094,375.3500061035156,19983300
03-Aug-26,365.29998779296875,376.1000061035156,363.260009765625,372.4700012207031,27165400
31-Jul-26,340.07000732421875,358.8800048828125,339.1600036621094,356.6499938964844,30514500
30-Jul-26,333.0799865722656,335.45001220703125,329.82000732421875,333.67999267578125,17309500
29-Jul-26,333.5,341.9800109863281,330.4079895019531,335.760009765625,20242900
28-Jul-26,327.79998779296875,335.2099914550781,324.5400085449219,332.6000061035156,20986900
27-Jul-26,324.739990234375,330.10101318359375,324.4100036621094,326.57000732421875,21419600
24-Jul-26,318.29998779296875,323.9800109863281,317.5,319.0899963378906,21630800
23-Jul-26,321.6300048828125,324.45001220703125,314.8900146484375,318.3399963378906,46751900
22-Jul-26,347.17999267578125,349.45001220703125,341.6400146484375,341.9100036621094,23273800
21-Jul-26,350.55999755859375,350.739990234375,346.010009765625,346.19000244140625,17419500
20-Jul-26,350.1700134277344,359.489990234375,350.0050048828125,351.3699951171875,13203300
17-Jul-26,345.7699890136719,348.1700134277344,341.125,346.1199951171875,22023900
16-Jul-26,372.1700134277344,374.3500061035156,351.6700134277344,353.80999755859375,23603700
15-Jul-26,356.010009765625,372.1400146484375,355.6700134277344,370.2099914550781,20258200
14-Jul-26,348.8399963378906,357.8800048828125,348.8399963378906,357.3299865722656,11252600
13-Jul-26,353.989990234375,355.75,349.82000732421875,350.6700134277344,10583500
10-Jul-26,354.9540100097656,355.67999267578125,350.70001220703125,355.0299987792969,11618500
09-Jul-26,351.0849914550781,356.7300109863281,348.6600036621094,356.239990234375,17217400
08-Jul-26,362.2099914550781,364.9800109863281,354.70001220703125,358.7099914550781,14710400
07-Jul-26,367.2349853515625,370.8900146484375,362.4200134277344,363.6199951171875,16443900
06-Jul-26,358.19500732421875,365.67999267578125,354.19000244140625,364.8999938964844,22652700
02-Jul-26,356.1499938964844,360.989990234375,350.32000732421875,356.17999267578125,15532900
01-Jul-26,354.614990234375,359.55999755859375,353.2300109863281,357.8900146484375,19546800
30-Jun-26,350.9599914550781,355.3900146484375,348.1099853515625,353.3299865722656,21278400
29-Jun-26,339.95001220703125,351.9700012207031,338.80999755859375,351.2799987792969,25565700
26-Jun-26,340.9800109863281,344.1199951171875,333.69000244140625,334.69000244140625,82484600
25-Jun-26,336.9200134277344,343.19000244140625,335.8999938964844,342.19000244140625,27687600
24-Jun-26,348.7200012207031,352.8299865722656,341.5,345.0400085449219,23898400
23-Jun-26,340.1050109863281,348.7200012207031,339.7149963378906,346.0799865722656,21820900
22-Jun-26,357.135009765625,358.20001220703125,340.94000244140625,348.7799987792969,32211200
18-Jun-26,363.8900146484375,369.0,356.6080017089844,367.4599914550781,29339100
17-Jun-26,367.04998779296875,370.1499938964844,360.2300109863281,362.1000061035156,16003500
16-Jun-26,367.4649963378906,373.6000061035156,365.32000732421875,371.1000061035156,16492800
15-Jun-26,365.989990234375,370.6499938964844,364.6499938964844,367.1099853515625,17268600
12-Jun-26,361.1000061035156,364.77301025390625,353.3399963378906,358.1600036621094,17637100
11-Jun-26,353.04998779296875,358.010009765625,343.6300048828125,356.55999755859375,28771800
10-Jun-26,361.04998779296875,366.30999755859375,352.80999755859375,353.32000732421875,19878600
09-Jun-26,364.885009765625,369.6919860839844,354.7200012207031,362.2900085449219,19873600
08-Jun-26,362.4849853515625,363.3800048828125,357.8900146484375,361.1700134277344,18739000
05-Jun-26,363.3800048828125,369.20001220703125,361.6300048828125,365.760009765625,23411500
04-Jun-26,355.44000244140625,369.8599853515625,354.79998779296875,369.2699890136719,37746200
03-Jun-26,358.3349914550781,362.5,354.3800048828125,355.67999267578125,43031000
02-Jun-26,363.1600036621094,369.7900085449219,355.0,358.3900146484375,34648600
01-Jun-26,372.57501220703125,374.6000061035156,369.7099914550781,372.5799865722656,19091900
29-May-26,381.2250061035156,381.6499938964844,374.29998779296875,376.42999267578125,48018600
28-May-26,383.8599853515625,390.0,381.25,386.1199951171875,20795400
27-May-26,382.7650146484375,389.7250061035156,382.0,384.8299865722656,16893100
26-May-26,380.9949951171875,385.3900146484375,379.1400146484375,384.8399963378906,16150900
22-May-26,383.260009765625,384.8699951171875,378.260009765625,379.3800048828125,13382800
21-May-26,382.010009765625,388.67999267578125,379.4800109863281,383.4700012207031,16837600
20-May-26,385.0400085449219,390.70001220703125,380.0,384.8999938964844,16488100
19-May-26,393.29998779296875,393.3630065917969,383.0,384.8999938964844,25559400
18-May-26,392.125,404.4700012207031,390.8999938964844,393.1099853515625,18592800
15-May-26,393.2149963378906,395.8800048828125,389.760009765625,393.32000732421875,15801900
14-May-26,393.7900085449219,399.10400390625,392.7279968261719,397.1700134277344,13805400
13-May-26,381.9049987792969,399.92999267578125,381.5799865722656,399.0400085449219,18160100
12-May-26,385.0,386.44000244140625,379.7200012207031,383.82000732421875,17103900
11-May-26,390.69000244140625,394.3299865722656,386.2300109863281,386.7699890136719,16314900
08-May-26,394.2699890136719,398.3699951171875,393.6700134277344,397.04998779296875,13762500
07-May-26,397.05999755859375,397.3550109863281,390.30999755859375,395.29998779296875,15153600
06-May-26,389.5899963378906,396.3800048828125,387.1000061035156,395.1400146484375,23097300
05-May-26,381.8699951171875,388.9599914550781,380.3500061035156,384.2699890136719,15432500
04-May-26,382.32000732421875,384.17999267578125,376.7699890136719,379.6400146484375,18275000
01-May-26,377.9800109863281,383.3900146484375,375.260009765625,383.2200012207031,28047900
30-Apr-26,371.2550048828125,382.6300048828125,363.0899963378906,381.94000244140625,44570500
29-Apr-26,345.4800109863281,353.3999938964844,342.42999267578125,347.30999755859375,22232200
28-Apr-26,346.9200134277344,349.8999938964844,344.2799987792969,347.5,18502300
27-Apr-26,343.8800048828125,350.8999938964844,340.80999755859375,348.5199890136719,17443000
24-Apr-26,337.7200012207031,343.69000244140625,334.04998779296875,342.32000732421875,18260900
23-Apr-26,339.57501220703125,340.1600036621094,335.05999755859375,337.75,13442100
22-Apr-26,334.885009765625,338.0299987792969,332.9599914550781,337.7300109863281,12954200
21-Apr-26,335.5849914550781,337.1700134277344,329.6300048828125,330.4700012207031,14623800
20-Apr-26,338.55999755859375,339.1600036621094,334.6300048828125,335.3999938964844,12897300
17-Apr-26,334.42999267578125,339.9849853515625,333.2900085449219,339.3999938964844,19683800
16-Apr-26,335.8500061035156,337.3800048828125,331.6499938964844,332.7699890136719,13949600
15-Apr-26,330.55999755859375,335.0,328.6600036621094,334.4700012207031,15104100
14-Apr-26,322.06500244140625,330.6400146484375,321.1499938964844,330.5799865722656,18557500
13-Apr-26,315.4200134277344,319.42999267578125,313.69000244140625,319.2099914550781,12212800
10-Apr-26,318.2250061035156,319.5,314.5400085449219,315.7200012207031,11997600
09-Apr-26,313.19000244140625,317.42999267578125,309.4700012207031,316.3699951171875,14606800
08-Apr-26,317.8299865722656,319.3900146484375,312.7049865722656,314.739990234375,20887500
07-Apr-26,300.1400146484375,304.1000061035156,295.42498779296875,303.92999267578125,17317700
06-Apr-26,294.70001220703125,298.42498779296875,293.7900085449219,297.6600036621094,10121700
02-Apr-26,288.989990234375,295.8999938964844,287.57000732421875,294.4599914550781,13433400
01-Apr-26,289.9800109863281,297.9849853515625,289.4700012207031,294.8999938964844,24403600
31-Mar-26,277.5400085449219,287.04998779296875,276.760009765625,286.8599853515625,31625100
30-Mar-26,275.44000244140625,276.260009765625,271.5350036621094,273.1400146484375,22752300
27-Mar-26,277.3999938964844,279.0899963378906,273.4800109863281,273.760009765625,25703300
26-Mar-26,286.19000244140625,286.5150146484375,279.04998779296875,280.739990234375,29281200
25-Mar-26,292.1499938964844,294.6600036621094,287.3699951171875,289.5899963378906,22343000
24-Mar-26,296.2099914550781,297.1000061035156,288.8550109863281,289.20001220703125,27411200
23-Mar-26,300.5299987792969,303.3699951171875,298.0299987792969,299.0199890136719,22204100
20-Mar-26,304.07000732421875,304.3699951171875,296.75,298.7900085449219,34763500
19-Mar-26,303.2099914550781,306.67999267578125,301.0,305.7300109863281,15399700
18-Mar-26,307.9049987792969,310.75,305.5450134277344,306.29998779296875,13848400
17-Mar-26,304.6700134277344,310.04998779296875,304.3500061035156,309.4100036621094,14423600
16-Mar-26,303.6000061035156,305.57000732421875,301.80999755859375,304.4200134277344,14822000
13-Mar-26,306.6549987792969,307.260009765625,299.7799987792969,301.4599914550781,16857500
12-Mar-26,306.2099914550781,308.6400146484375,300.8399963378906,303.2099914550781,15610200
11-Mar-26,306.29998779296875,311.0690002441406,305.8399963378906,308.4200134277344,13376700
10-Mar-26,305.875,309.1499938964844,305.30999755859375,306.92999267578125,14386400
09-Mar-26,294.135009765625,306.5,293.92999267578125,306.010009765625,19632700
06-Mar-26,296.0719909667969,300.3299865722656,295.25,298.29998779296875,17598000
05-Mar-26,303.20001220703125,303.3699951171875,298.07000732421875,300.9100036621094,22643900
04-Mar-26,302.68499755859375,305.4599914550781,300.79998779296875,303.45001220703125,20015600
03-Mar-26,298.4200134277344,303.94000244140625,296.6990051269531,303.55999755859375,20361100
02-Mar-26,302.9649963378906,308.1400146484375,301.05999755859375,306.3599853515625,21854400
27-Feb-26,303.94000244140625,312.0799865722656,303.59100341796875,311.42999267578125,33389200
26-Feb-26,312.80499267578125,313.0,302.4100036621094,307.1499938964844,22380000
25-Feb-26,312.1199951171875,313.6600036621094,309.3599853515625,313.0299987792969,20209100
24-Feb-26,310.6400146484375,312.3699951171875,306.0899963378906,310.9200134277344,15040700
23-Feb-26,319.1400146484375,319.4549865722656,309.989990234375,311.69000244140625,17641200
20-Feb-26,304.79998779296875,316.760009765625,304.4200134277344,314.8999938964844,33663100
19-Feb-26,302.5199890136719,306.0299987792969,300.6700134277344,303.55999755859375,13448600
18-Feb-26,302.4320068359375,305.9100036621094,301.9800109863281,303.94000244140625,15847700
17-Feb-26,300.6400146484375,304.8900146484375,296.8999938964844,302.82000732421875,23750800
13-Feb-26,307.9849853515625,308.8900146484375,303.8999938964844,306.0199890136719,20236000
12-Feb-26,312.3500061035156,316.4800109863281,308.1499938964844,309.3699951171875,28194000
11-Feb-26,318.9599914550781,321.0450134277344,310.1300048828125,311.3299865722656,24008100
10-Feb-26,320.9100036621094,321.6300048828125,314.6600036621094,318.6300048828125,25281900
09-Feb-26,321.239990234375,327.739990234375,317.70001220703125,324.3999938964844,26103300
06-Feb-26,327.3500061035156,330.6400146484375,320.1499938964844,323.1000061035156,33877000
05-Feb-26,313.20001220703125,332.6440124511719,306.9200134277344,331.3299865722656,51842000
04-Feb-26,343.7550048828125,344.25,329.3699951171875,333.3399963378906,36991100
03-Feb-26,348.5150146484375,350.1499938964844,338.5899963378906,340.70001220703125,25786500
02-Feb-26,336.54998779296875,345.1650085449219,336.010009765625,344.8999938964844,22775200
30-Jan-26,334.4599914550781,340.2900085449219,332.6400146484375,338.5299987792969,21740200
29-Jan-26,340.3500061035156,342.2900085449219,326.7200012207031,338.6600036621094,24548300
28-Jan-26,336.6099853515625,337.6300048828125,332.1300048828125,336.2799987792969,17538500
27-Jan-26,335.6300048828125,338.2149963378906,333.75,335.0,16080900
26-Jan-26,328.20001220703125,336.3500061035156,327.489990234375,333.5899963378906,18502500
23-Jan-26,332.6549987792969,334.0299987792969,327.9700012207031,328.42999267578125,19110600
22-Jan-26,334.2650146484375,335.2099914550781,328.8800048828125,330.8399963378906,19902100
21-Jan-26,321.0950012207031,332.7250061035156,319.5400085449219,328.3800048828125,22791700
20-Jan-26,321.239990234375,328.0899963378906,320.8900146484375,322.1600036621094,27169900
16-Jan-26,334.93499755859375,335.239990234375,328.1700134277344,330.3399963378906,21868600
15-Jan-26,338.05499267578125,338.1300048828125,331.2900085449219,333.1600036621094,16424900
14-Jan-26,334.9849853515625,337.0299987792969,331.1400146484375,336.30999755859375,17839300
13-Jan-26,335.2799987792969,341.20001220703125,334.3500061035156,336.42999267578125,24616700
12-Jan-26,326.5,334.44000244140625,325.510009765625,332.7300109863281,23893800
09-Jan-26,327.489990234375,331.4800109863281,326.25,329.1400146484375,17917700
08-Jan-26,329.2650146484375,330.5400085449219,321.989990234375,326.010009765625,21789600
07-Jan-26,314.57000732421875,326.4649963378906,314.5,322.42999267578125,24681800
06-Jan-26,317.30999755859375,321.55999755859375,312.3399963378906,314.54998779296875,18989900
05-Jan-26,317.69500732421875,319.25,315.2489929199219,317.32000732421875,19934000
02-Jan-26,317.5899963378906,322.91400146484375,310.6499938964844,315.32000732421875,22043700
31-Dec-25,313.3699951171875,315.3900146484375,312.20001220703125,313.79998779296875,10821500
30-Dec-25,313.4100036621094,317.70001220703125,313.25,314.54998779296875,11052500
29-Dec-25,312.82000732421875,314.9700012207031,311.8999938964844,314.3900146484375,12317700
26-Dec-25,315.9200134277344,316.55999755859375,313.7200012207031,314.9599914550781,6730900
24-Dec-25,316.1499938964844,316.2900085449219,313.32000732421875,315.6700134277344,6138200
23-Dec-25,311.135009765625,316.29998779296875,310.75,315.67999267578125,13961400
22-Dec-25,311.2250061035156,311.70001220703125,306.5899963378906,311.3299865722656,14091400
19-Dec-25,303.2699890136719,308.989990234375,302.3399963378906,308.6099853515625,45234400
18-Dec-25,303.05999755859375,305.260009765625,300.6300048828125,303.75,21040500
17-Dec-25,309.010009765625,309.19500732421875,297.45001220703125,298.05999755859375,29120400
16-Dec-25,306.0,311.8450012207031,303.8299865722656,307.7300109863281,21285200
15-Dec-25,312.625,312.70001220703125,305.739990234375,309.32000732421875,22028900
12-Dec-25,314.7950134277344,316.1400146484375,306.9599914550781,310.5199890136719,21264800
11-Dec-25,321.1000061035156,321.989990234375,309.8800048828125,313.70001220703125,25912100
10-Dec-25,316.6199951171875,321.8699951171875,315.3999938964844,321.0,22764500
09-Dec-25,313.1000061035156,318.7090148925781,312.6199951171875,317.75,14151300
08-Dec-25,321.0299987792969,321.2300109863281,311.9100036621094,314.45001220703125,22006900
05-Dec-25,320.0,323.8299865722656,319.9800109863281,322.0899963378906,15719900
04-Dec-25,323.0450134277344,323.0989990234375,315.5899963378906,318.3900146484375,20831600
03-Dec-25,316.0299987792969,322.0400085449219,314.2799987792969,320.6199951171875,32285100
02-Dec-25,316.8999938964844,318.6000061035156,314.2200012207031,316.0199890136719,24668200
01-Dec-25,317.4750061035156,319.6300048828125,313.9800109863281,315.1199951171875,28520600
28-Nov-25,323.42999267578125,326.8800048828125,316.94000244140625,320.1199951171875,19695800
26-Nov-25,320.7799987792969,324.989990234375,317.20001220703125,320.2799987792969,29839600
25-Nov-25,326.79998779296875,328.6700134277344,317.8160095214844,323.6400146484375,50899300
24-Nov-25,311.010009765625,319.79998779296875,309.3999938964844,318.4700012207031,55311800
21-Nov-25,296.8699951171875,303.9599914550781,294.3599853515625,299.6499938964844,43670600
20-Nov-25,304.739990234375,306.8900146484375,289.1700134277344,289.9800109863281,34801400
19-Nov-25,287.68499755859375,304.25,287.6700134277344,292.989990234375,43123600
18-Nov-25,288.4849853515625,289.43499755859375,279.010009765625,284.9599914550781,29702200
17-Nov-25,286.3999938964844,294.5199890136719,284.2300109863281,285.6000061035156,34286100
14-Nov-25,271.8949890136719,279.1499938964844,271.4100036621094,276.9800109863281,18330500
13-Nov-25,282.9849853515625,283.510009765625,278.0,279.1199951171875,18060200
12-Nov-25,292.0849914550781,292.3599853515625,284.3800048828125,287.42999267578125,16998800
11-Nov-25,288.20001220703125,292.3399963378906,287.8800048828125,291.739990234375,14156700
10-Nov-25,285.2650146484375,291.4599914550781,283.5400085449219,290.5899963378906,19508200
07-Nov-25,284.2099914550781,284.5,275.739990234375,279.70001220703125,21991100
06-Nov-25,285.7349853515625,288.80999755859375,281.6199951171875,285.3399963378906,23103800
05-Nov-25,279.3800048828125,286.70001220703125,277.8800048828125,284.75,20063200
04-Nov-25,277.06500244140625,281.8340148925781,276.864990234375,278.05999755859375,18123700
03-Nov-25,282.4200134277344,285.94000244140625,280.3699951171875,284.1199951171875,19691800
31-Oct-25,283.2049865722656,286.2850036621094,277.52301025390625,281.82000732421875,29932800
30-Oct-25,291.7200012207031,291.92999267578125,280.45001220703125,281.8999938964844,48570000
29-Oct-25,268.6099853515625,275.9700012207031,268.42999267578125,275.1700134277344,26287900
28-Oct-25,270.20001220703125,271.3800048828125,267.1700134277344,268.42999267578125,20101200
27-Oct-25,265.3599853515625,270.79998779296875,264.94000244140625,269.92999267578125,22987700
24-Oct-25,257.29998779296875,262.510009765625,256.1000061035156,260.510009765625,18406000
23-Oct-25,253.6999969482422,255.86000061035156,252.76800537109375,253.72999572753906,13241300
22-Oct-25,255.00999450683594,257.17999267578125,250.4510040283203,252.52999877929688,19650200
21-Oct-25,255.25,255.3800048828125,244.6699981689453,251.33999633789062,27836400
20-Oct-25,255.22999572753906,257.8800048828125,254.60000610351562,257.0199890136719,13726800
17-Oct-25,251.35000610351562,254.8800048828125,248.58999633789062,253.7899932861328,17653800
16-Oct-25,252.46499633789062,257.5799865722656,250.6699981689453,251.8800048828125,18946000
15-Oct-25,248.0850067138672,252.75999450683594,246.7899932861328,251.7100067138672,16048100
14-Oct-25,241.7550048828125,248.02499389648438,241.17799377441406,246.19000244140625,17705400
13-Oct-25,241.02999877929688,244.99000549316406,240.75,244.63999938964844,12465000
10-Oct-25,242.16000366210938,244.83999633789062,236.68499755859375,237.49000549316406,22449100
09-Oct-25,245.05999755859375,245.55499267578125,239.67999267578125,242.2100067138672,19375700
08-Oct-25,246.1999969482422,247.25999450683594,245.08999633789062,245.4600067138672,14136500
07-Oct-25,248.92999267578125,251.5500030517578,246.80999755859375,247.1300048828125,13811200
06-Oct-25,245.77999877929688,252.1999969482422,245.69000244140625,251.50999450683594,18309000
03-Oct-25,245.22999572753906,247.1179962158203,242.47000122070312,246.4499969482422,19941400
02-Oct-25,245.63999938964844,247.63499450683594,243.10499572753906,246.42999267578125,20657500
01-Oct-25,241.17999267578125,247.14999389648438,239.1999969482422,245.5399932861328,23967700
30-Sep-25,243.05999755859375,243.6750030517578,239.5709991455078,243.5500030517578,22541200
29-Sep-25,248.27499389648438,251.6479949951172,243.1999969482422,244.36000061035156,23157200
26-Sep-25,247.78500366210938,250.1199951171875,246.63999938964844,247.17999267578125,16594600
25-Sep-25,244.83999633789062,247.31500244140625,241.64999389648438,246.57000732421875,17379800
24-Sep-25,252.14999389648438,252.9600067138672,247.22000122070312,247.8300018310547,16958500
23-Sep-25,253.65499877929688,254.77000427246094,251.08999633789062,252.33999633789062,17521100
22-Sep-25,254.77999877929688,256.30999755859375,250.80999755859375,252.8800048828125,20079000
19-Sep-25,253.39999389648438,256.70001220703125,252.0679931640625,255.24000549316406,41616800
18-Sep-25,251.86000061035156,254.13999938964844,250.11000061035156,252.3300018310547,21166400
17-Sep-25,251.4600067138672,251.9499969482422,246.5800018310547,249.85000610351562,20491300
16-Sep-25,252.3300018310547,253.22999572753906,249.71499633789062,251.4199981689453,24493500
15-Sep-25,245.13999938964844,252.75,244.97999572753906,251.75999450683594,29935200
12-Sep-25,240.8000030517578,242.42300415039062,238.5,241.3800048828125,14536600
11-Sep-25,240.13999938964844,242.57000732421875,236.5800018310547,240.77999877929688,21308600
10-Sep-25,239.25,242.0800018310547,238.11000061035156,239.55999755859375,19990100
09-Sep-25,234.19000244140625,240.58999633789062,233.3800048828125,239.94000244140625,22854800
08-Sep-25,235.7899932861328,238.39999389648438,233.72999572753906,234.16000366210938,23128800
05-Sep-25,232.66000366210938,236.1300048828125,232.3800048828125,235.1699981689453,26127700
04-Sep-25,230.15499877929688,232.77000427246094,226.75999450683594,232.66000366210938,32196000
03-Sep-25,226.47999572753906,231.8000030517578,225.1199951171875,231.10000610351562,72250300
02-Sep-25,208.99000549316406,212.36900329589844,206.9600067138672,211.99000549316406,28900100
29-Aug-25,211.27000427246094,215.33999633789062,210.97000122070312,213.52999877929688,24682200
28-Aug-25,207.83999633789062,212.89999389648438,207.60000610351562,212.3699951171875,20915700
27-Aug-25,206.4600067138672,209.57000732421875,206.38999938964844,208.2100067138672,15249000
26-Aug-25,208.3699951171875,208.4600067138672,206.4499969482422,207.9499969482422,23051000
25-Aug-25,207.0,211.08999633789062,205.9499969482422,209.16000366210938,22788800
22-Aug-25,203.9600067138672,209.22999572753906,202.1300048828125,206.72000122070312,25723700
21-Aug-25,200.72000122070312,203.36000061035156,200.39999389648438,200.6199951171875,11768900
20-Aug-25,201.67999267578125,202.1699981689453,197.4600067138672,200.19000244140625,13971700
19-Aug-25,203.90499877929688,204.2899932861328,200.92999267578125,202.49000549316406,13476600
18-Aug-25,205.07000732421875,206.13999938964844,203.41000366210938,204.2899932861328,13000200
15-Aug-25,204.72000122070312,207.3300018310547,202.0850067138672,204.91000366210938,21111400
14-Aug-25,202.55999755859375,205.4199981689453,202.3249969482422,203.82000732421875,17777100
13-Aug-25,204.97999572753906,205.42999267578125,198.63999938964844,203.02999877929688,19573000
12-Aug-25,202.09500122070312,205.1300048828125,201.39999389648438,204.16000366210938,19854000
11-Aug-25,201.55499267578125,202.16000366210938,199.8000030517578,201.6300048828125,16690200
08-Aug-25,197.97999572753906,203.42999267578125,197.89999389648438,202.08999633789062,24379900
07-Aug-25,197.7100067138672,198.3699951171875,195.22000122070312,197.27999877929688,14660600
06-Aug-25,195.25,197.3800048828125,194.4669952392578,196.9199981689453,15383700
05-Aug-25,195.5449981689453,198.6999969482422,194.6750030517578,195.32000732421875,19010200
04-Aug-25,191.1750030517578,196.0800018310547,190.9199981689453,195.75,23386000
01-Aug-25,189.77999877929688,191.6179962158203,188.6999969482422,189.9499969482422,21236700
31-Jul-25,196.60000610351562,196.8300018310547,192.0800018310547,192.86000061035156,27852000
30-Jul-25,196.3000030517578,198.47999572753906,195.55999755859375,197.44000244140625,21150500
29-Jul-25,193.3000030517578,196.66000366210938,192.99000549316406,196.42999267578125,31891600
28-Jul-25,194.41000366210938,194.82000732421875,191.85499572753906,193.4199981689453,25553500
25-Jul-25,192.92999267578125,195.27499389648438,192.1300048828125,194.0800018310547,31101800
24-Jul-25,198.11000061035156,198.97000122070312,191.9499969482422,193.1999969482422,45252100
23-Jul-25,192.36000061035156,193.36000061035156,190.17999267578125,191.50999450683594,34068100
22-Jul-25,192.4199981689453,193.36000061035156,188.4949951171875,192.11000061035156,26212900
21-Jul-25,187.10000610351562,191.25999450683594,187.0500030517578,191.14999389648438,24665000
18-Jul-25,186.6199951171875,187.36000061035156,184.72999572753906,185.94000244140625,21033400
17-Jul-25,183.11500549316406,185.18699645996094,181.5,184.6999969482422,21654400
16-Jul-25,184.32000732421875,185.3350067138672,183.0800018310547,183.77000427246094,21152600
15-Jul-25,183.94000244140625,185.41000366210938,182.38999938964844,183.10000610351562,23911600
14-Jul-25,182.07000732421875,184.72999572753906,180.71099853515625,182.80999755859375,20990400
11-Jul-25,177.91000366210938,182.61000061035156,177.54100036621094,181.30999755859375,23975700
10-Jul-25,176.6699981689453,179.58999633789062,175.74000549316406,178.6999969482422,24693700
09-Jul-25,176.11000061035156,180.27999877929688,173.8800048828125,177.66000366210938,31288000
08-Jul-25,178.77999877929688,178.7899932861328,173.9199981689453,175.16000366210938,24108600
07-Jul-25,180.13499450683594,180.33999633789062,176.63999938964844,177.55999755859375,20991400
03-Jul-25,179.82000732421875,180.77000427246094,178.19000244140625,180.5500030517578,13287400
02-Jul-25,176.5449981689453,179.93499755859375,176.08999633789062,179.75999450683594,19325900
01-Jul-25,176.80499267578125,177.22000122070312,174.66000366210938,176.91000366210938,25778500
30-Jun-25,180.78500366210938,181.5800018310547,175.5,177.38999938964844,43964600
27-Jun-25,174.6300048828125,178.83999633789062,172.7100067138672,178.27000427246094,74053100
26-Jun-25,173.38499450683594,174.64999389648438,170.86000061035156,174.42999267578125,25909100
25-Jun-25,168.64999389648438,173.36000061035156,168.56100463867188,171.49000549316406,23627400
24-Jun-25,167.68499755859375,169.25,166.91000366210938,167.74000549316406,27310300
23-Jun-25,167.32000732421875,168.47999572753906,163.3300018310547,166.00999450683594,36975600
20-Jun-25,174.86500549316406,175.36500549316406,166.27000427246094,167.72999572753906,55402600
18-Jun-25,177.27999877929688,177.82400512695312,172.83999633789062,173.97999572753906,32531800
17-Jun-25,177.0,178.71499633789062,175.94000244140625,177.22999572753906,17656100
16-Jun-25,175.90499877929688,178.2449951171875,175.82000732421875,177.94000244140625,18132500
13-Jun-25,173.5800018310547,178.34300231933594,173.57000732421875,175.8800048828125,20873200
12-Jun-25,177.47999572753906,178.1300048828125,176.11000061035156,176.97000122070312,17345900
11-Jun-25,181.22999572753906,181.75,178.0,178.7899932861328,18994400
10-Jun-25,177.75999450683594,182.44500732421875,176.47500610351562,180.00999450683594,32908000
09-Jun-25,175.8699951171875,177.9149932861328,175.66000366210938,177.6300048828125,18817600
06-Jun-25,172.3000030517578,175.8300018310547,172.3000030517578,174.9199981689453,22258100
05-Jun-25,171.6199951171875,172.36000061035156,169.35000610351562,169.80999755859375,25375400
04-Jun-25,168.27999877929688,169.5800018310547,167.7949981689453,169.38999938964844,18508700
03-Jun-25,168.86500549316406,169.8000030517578,166.67999267578125,167.7100067138672,25386700
02-Jun-25,169.00999450683594,171.06199645996094,168.64999389648438,170.3699951171875,24742900
30-May-25,172.41000366210938,173.44000244140625,168.52499389648438,172.85000610351562,36258300
29-May-25,175.0,175.39999389648438,171.77999877929688,172.9600067138672,21174700
28-May-25,173.97999572753906,176.47999572753906,173.01499938964844,173.3800048828125,25999200
27-May-25,171.3000030517578,174.2899932861328,171.2100067138672,173.97999572753906,24341300
23-May-25,170.27999877929688,171.2050018310547,169.25999450683594,169.58999633789062,24963600
22-May-25,173.35000610351562,178.1300048828125,171.8800048828125,171.97999572753906,45024100
21-May-25,164.9499969482422,174.52999877929688,164.88999938964844,170.05999755859375,45567600
20-May-25,167.75999450683594,169.67999267578125,164.25999450683594,165.32000732421875,33563300
19-May-25,165.71499633789062,167.9499969482422,165.4149932861328,167.8699951171875,21374700
16-May-25,168.92999267578125,170.64999389648438,166.9499969482422,167.42999267578125,36271400
15-May-25,167.13999938964844,167.50999450683594,163.83999633789062,165.39999389648438,22717600
14-May-25,161.30999755859375,168.33999633789062,160.92999267578125,166.80999755859375,31769200
13-May-25,159.9199981689453,162.05999755859375,157.5800018310547,160.88999938964844,24944300
12-May-25,159.10000610351562,160.44000244140625,157.88999938964844,159.5800018310547,31884900
09-May-25,155.5500030517578,156.42999267578125,153.8300018310547,154.3800048828125,22871000
08-May-25,155.9199981689453,157.41000366210938,154.10000610351562,155.75,38387500
07-May-25,166.07000732421875,166.99000549316406,149.49000549316406,152.8000030517578,78729800
06-May-25,163.9600067138672,166.74000549316406,163.1300048828125,165.1999969482422,10691900
05-May-25,164.51499938964844,167.10000610351562,164.47000122070312,166.0500030517578,15309300
02-May-25,164.9550018310547,166.6999969482422,163.66000366210938,165.80999755859375,16844900
01-May-25,162.52000427246094,163.94000244140625,160.92999267578125,162.7899932861328,21904300
30-Apr-25,159.86000061035156,161.37399291992188,157.15499877929688,160.88999938964844,20639500
29-Apr-25,162.0449981689453,162.67999267578125,159.38999938964844,162.05999755859375,15955200
28-Apr-25,164.25999450683594,164.9499969482422,160.3800048828125,162.4199981689453,20871200
25-Apr-25,167.10000610351562,168.24000549316406,163.0,163.85000610351562,35148100
24-Apr-25,158.52499389648438,161.7100067138672,158.08999633789062,161.47000122070312,30787500
23-Apr-25,157.91000366210938,160.02000427246094,156.35000610351562,157.72000122070312,18575700
22-Apr-25,151.07000732421875,154.61000061035156,150.8699951171875,153.89999389648438,15910300
21-Apr-25,150.96499633789062,151.05999755859375,148.39999389648438,149.86000061035156,16147800
17-Apr-25,156.61000061035156,157.07000732421875,150.89999389648438,153.36000061035156,19513400
16-Apr-25,155.47000122070312,158.17999267578125,153.91000366210938,155.5,16921500
15-Apr-25,161.57000732421875,162.0500030517578,157.64500427246094,158.67999267578125,15690800
14-Apr-25,162.30999755859375,164.02999877929688,159.9199981689453,161.47000122070312,18255900
11-Apr-25,155.5850067138672,159.86000061035156,155.5850067138672,159.39999389648438,22582000
10-Apr-25,158.75999450683594,160.02999877929688,152.1999969482422,155.3699951171875,35270500
09-Apr-25,146.3300018310547,161.8699951171875,145.80999755859375,161.05999755859375,46479500
08-Apr-25,153.5749969482422,154.44000244140625,145.2100067138672,146.5800018310547,35304400
07-Apr-25,143.38999938964844,154.92999267578125,142.66000366210938,149.24000549316406,47823000
04-Apr-25,149.89999389648438,153.08999633789062,147.5399932861328,147.74000549316406,39832200
03-Apr-25,152.8350067138672,154.68699645996094,152.17999267578125,152.6300048828125,28416100
02-Apr-25,156.9600067138672,160.27499389648438,156.52999877929688,158.86000061035156,17113300
01-Apr-25,155.3000030517578,160.0800018310547,155.2550048828125,158.8800048828125,20111400
31-Mar-25,154.80999755859375,157.1300048828125,152.2100067138672,156.22999572753906,33591600
28-Mar-25,162.36000061035156,163.80999755859375,155.33900451660156,156.05999755859375,34866500
27-Mar-25,166.7100067138672,167.44000244140625,163.85000610351562,164.0800018310547,21571200
26-Mar-25,171.3000030517578,171.94000244140625,166.86099243164062,167.13999938964844,22498000
25-Mar-25,171.17999267578125,172.91000366210938,170.5500030517578,172.7899932861328,13841600
24-Mar-25,169.26499938964844,170.5,167.44000244140625,169.92999267578125,18742800
21-Mar-25,163.3800048828125,166.47000122070312,163.02999877929688,166.25,29882100
20-Mar-25,163.8249969482422,167.02999877929688,163.13999938964844,165.0500030517578,19981500
19-Mar-25,163.9149932861328,168.13299560546875,163.0500030517578,166.27999877929688,24955700
18-Mar-25,165.9600067138672,166.44000244140625,158.8000030517578,162.6699981689453,24616800
17-Mar-25,167.3249969482422,168.4600067138672,165.80999755859375,166.57000732421875,17839100
14-Mar-25,165.31500244140625,168.25,164.50999450683594,167.6199951171875,18611100
13-Mar-25,167.97999572753906,168.1199951171875,164.07000732421875,164.72999572753906,15206200
12-Mar-25,168.47000122070312,169.52999877929688,165.47999572753906,169.0,19880100
11-Mar-25,166.67999267578125,168.65499877929688,163.24000549316406,165.97999572753906,23705900
10-Mar-25,170.16000366210938,170.4499969482422,165.56500244140625,167.80999755859375,28990700
07-Mar-25,173.24200439453125,176.89999389648438,172.25,175.75,16395300
06-Mar-25,172.5500030517578,176.72999572753906,172.50799560546875,174.2100067138672,19082400
05-Mar-25,172.32000732421875,175.75,170.92999267578125,174.99000549316406,18848000
04-Mar-25,167.94000244140625,175.1649932861328,167.5399932861328,172.61000061035156,30711400
03-Mar-25,173.72999572753906,175.0,167.63999938964844,168.66000366210938,24122000
28-Feb-25,170.3000030517578,172.5,168.38999938964844,172.22000122070312,30049800
27-Feb-25,175.94000244140625,176.58999633789062,169.7519989013672,170.2100067138672,25930500
26-Feb-25,176.94500732421875,178.0800018310547,173.58999633789062,174.6999969482422,23637200
25-Feb-25,180.15499877929688,180.75999450683594,176.77000427246094,177.3699951171875,20832500
24-Feb-25,183.8000030517578,185.08999633789062,180.8800048828125,181.19000244140625,18734000
21-Feb-25,187.2899932861328,187.47000122070312,181.1300048828125,181.5800018310547,19520800
20-Feb-25,186.5,187.1199951171875,184.60000610351562,186.63999938964844,12063800
19-Feb-25,186.18499755859375,187.36000061035156,185.5,187.1300048828125,13120500
18-Feb-25,187.44000244140625,187.77999877929688,183.5800018310547,185.8000030517578,19796000
14-Feb-25,186.8300018310547,188.14999389648438,186.11000061035156,186.8699951171875,12714200
13-Feb-25,185.92999267578125,187.99000549316406,184.8800048828125,187.8800048828125,12729300
12-Feb-25,185.22999572753906,186.8300018310547,183.6300048828125,185.42999267578125,17632300
11-Feb-25,186.8350067138672,188.8000030517578,186.0800018310547,187.07000732421875,13028100
10-Feb-25,189.05999755859375,189.99000549316406,187.61000061035156,188.1999969482422,16606000
07-Feb-25,192.74000549316406,193.01499938964844,185.10000610351562,187.13999938964844,29565700
06-Feb-25,190.99000549316406,193.8300018310547,190.49000549316406,193.30999755859375,20816600
05-Feb-25,193.10000610351562,194.5500030517578,189.91000366210938,193.3000030517578,43666400
04-Feb-25,204.5,208.6999969482422,204.25999450683594,207.7100067138672,28285400
03-Feb-25,202.21499633789062,205.22000122070312,201.66000366210938,202.63999938964844,16719500
31-Jan-25,203.71499633789062,207.0800018310547,203.5800018310547,205.60000610351562,17060300
30-Jan-25,199.75999450683594,203.23800659179688,199.4720001220703,202.6300048828125,14571500
29-Jan-25,197.3699951171875,198.4600067138672,195.19000244140625,197.17999267578125,12287800
28-Jan-25,194.64999389648438,197.22999572753906,192.61000061035156,197.07000732421875,15939200
27-Jan-25,194.19000244140625,198.6699981689453,192.6999969482422,193.77000427246094,24970200
24-Jan-25,199.85000610351562,202.57000732421875,199.78399658203125,201.89999389648438,12732400
23-Jan-25,199.97999572753906,201.94000244140625,196.82000732421875,199.5800018310547,15170800
22-Jan-25,200.5500030517578,202.1199951171875,199.1999969482422,200.02999877929688,15477400
21-Jan-25,200.50999450683594,203.83999633789062,199.44000244140625,199.6300048828125,19005200
17-Jan-25,198.0500030517578,198.80999755859375,195.30999755859375,197.5500030517578,22109100
16-Jan-25,195.8249969482422,196.97999572753906,194.3000030517578,194.41000366210938,13449600
15-Jan-25,194.35000610351562,197.8000030517578,193.3300018310547,196.97999572753906,12894900
14-Jan-25,192.5,193.27000427246094,189.63999938964844,191.0500030517578,13651200
13-Jan-25,191.35000610351562,192.49000549316406,188.66000366210938,192.2899932861328,13169100
10-Jan-25,195.4199981689453,197.6199951171875,191.60000610351562,193.1699981689453,20753800
08-Jan-25,193.9499969482422,197.63999938964844,193.75,195.38999938964844,14335300
07-Jan-25,198.27000427246094,202.13999938964844,195.94000244140625,196.7100067138672,16966800
06-Jan-25,195.14999389648438,199.55999755859375,195.05999755859375,197.9600067138672,19483300
03-Jan-25,192.72500610351562,194.5,191.35000610351562,193.1300048828125,12875000
02-Jan-25,191.48500061035156,193.1999969482422,188.7100067138672,190.6300048828125,17545200
31-Dec-24,192.44500732421875,193.25,189.5800018310547,190.44000244140625,14355200
30-Dec-24,190.86500549316406,193.77999877929688,190.36000061035156,192.69000244140625,12209500
27-Dec-24,196.47000122070312,196.8000030517578,191.9720001220703,194.0399932861328,14693000
26-Dec-24,196.74000549316406,198.16000366210938,195.8699951171875,197.10000610351562,7907900
24-Dec-24,196.1699981689453,197.6699981689453,195.197998046875,197.57000732421875,6809800
23-Dec-24,194.02999877929688,196.49000549316406,191.6300048828125,195.99000549316406,15235900
20-Dec-24,187.00999450683594,194.13499450683594,186.3699951171875,192.9600067138672,45319700
19-Dec-24,193.27999877929688,194.60000610351562,189.52000427246094,189.6999969482422,26981200
18-Dec-24,196.8300018310547,198.69000244140625,189.27999877929688,190.14999389648438,27638400
17-Dec-24,198.52999877929688,202.8800048828125,196.69000244140625,197.1199951171875,24129500
16-Dec-24,194.36500549316406,200.63999938964844,194.11000061035156,198.16000366210938,32248600
13-Dec-24,192.7100067138672,194.33999633789062,191.25999450683594,191.3800048828125,18883200
12-Dec-24,196.3000030517578,196.7050018310547,193.27999877929688,193.6300048828125,25197800
11-Dec-24,186.6999969482422,196.88999938964844,186.25999450683594,196.7100067138672,41664500
10-Dec-24,184.53500366210938,188.02999877929688,182.6699981689453,186.52999877929688,34317400
09-Dec-24,175.71499633789062,178.0399932861328,175.39999389648438,177.10000610351562,19887800
06-Dec-24,173.8800048828125,176.83900451660156,173.5500030517578,176.49000549316406,13319500
05-Dec-24,177.32000732421875,177.7100067138672,174.00999450683594,174.30999755859375,16145500
04-Dec-24,172.77999877929688,176.42999267578125,172.75,176.08999633789062,18239800
03-Dec-24,173.1199951171875,174.32000732421875,172.50999450683594,173.02000427246094,15721500
02-Dec-24,170.32000732421875,173.60000610351562,170.27000427246094,172.97999572753906,16593400
29-Nov-24,170.05999755859375,170.8699951171875,168.75,170.49000549316406,9250700
27-Nov-24,170.67999267578125,171.13999938964844,169.6699981689453,170.82000732421875,12433400
26-Nov-24,169.49000549316406,171.4949951171875,169.42999267578125,170.6199951171875,14937500
25-Nov-24,167.99000549316406,170.4600067138672,167.39999389648438,169.42999267578125,21395700
22-Nov-24,167.16000366210938,168.26499938964844,165.7100067138672,166.57000732421875,24497000
21-Nov-24,175.4550018310547,175.5800018310547,165.30999755859375,169.24000549316406,38839400
20-Nov-24,178.8300018310547,179.11000061035156,175.3300018310547,177.3300018310547,15729800
19-Nov-24,175.23500061035156,180.1699981689453,175.11599731445312,179.5800018310547,15392900
18-Nov-24,174.9550018310547,176.91000366210938,174.4199981689453,176.8000030517578,18662800
15-Nov-24,175.63999938964844,175.8800048828125,172.7449951171875,173.88999938964844,21708900
14-Nov-24,179.75,180.44500732421875,176.02999877929688,177.35000610351562,17925800
13-Nov-24,182.14999389648438,182.61500549316406,180.1199951171875,180.49000549316406,13969700
12-Nov-24,181.3800048828125,184.02499389648438,180.99000549316406,183.32000732421875,14065800
11-Nov-24,180.07000732421875,182.0850067138672,179.99000549316406,181.97000122070312,12503400
08-Nov-24,182.0,182.35000610351562,179.57000732421875,179.86000061035156,15021500
07-Nov-24,179.11000061035156,182.5800018310547,178.88999938964844,182.27999877929688,16730400
06-Nov-24,175.35000610351562,178.63999938964844,175.0399932861328,178.3300018310547,27061500
05-Nov-24,170.8300018310547,172.0970001220703,170.3699951171875,171.41000366210938,12518300
04-Nov-24,171.24000549316406,171.9199981689453,169.48500061035156,170.67999267578125,16194000
01-Nov-24,171.5399932861328,173.82000732421875,170.30999755859375,172.64999389648438,21752900
31-Oct-24,174.72000122070312,178.4199981689453,172.55999755859375,172.69000244140625,32801900
30-Oct-24,182.41000366210938,183.7899932861328,175.7449951171875,176.13999938964844,49698300
29-Oct-24,169.38499450683594,171.86000061035156,168.66000366210938,171.13999938964844,28916100
28-Oct-24,170.58999633789062,170.6060028076172,165.7899932861328,168.33999633789062,20858300
25-Oct-24,165.36500549316406,167.39999389648438,165.22999572753906,166.99000549316406,14566400
24-Oct-24,164.58999633789062,165.0500030517578,162.77000427246094,164.52999877929688,12764400
23-Oct-24,166.42999267578125,167.60000610351562,163.63299560546875,164.47999572753906,12754300
22-Oct-24,164.6999969482422,167.47000122070312,164.6699981689453,166.82000732421875,11958600
21-Oct-24,164.5800018310547,166.22000122070312,164.30499267578125,165.8000030517578,11384000
18-Oct-24,164.8699951171875,166.3699951171875,164.75,165.0500030517578,13091300
17-Oct-24,167.3800048828125,167.92999267578125,164.3699951171875,164.50999450683594,15113400
16-Oct-24,166.02999877929688,167.27999877929688,165.21600341796875,166.74000549316406,9968500
15-Oct-24,167.13999938964844,169.08999633789062,166.0500030517578,166.89999389648438,14829300
14-Oct-24,164.91000366210938,167.6199951171875,164.77999877929688,166.35000610351562,9981800
11-Oct-24,163.3300018310547,165.27000427246094,162.5,164.52000427246094,10946000
10-Oct-24,162.11000061035156,164.31100463867188,161.63999938964844,163.17999267578125,12900500
09-Oct-24,164.85499572753906,166.25999450683594,161.1199951171875,163.05999755859375,19666400
08-Oct-24,165.42999267578125,166.10000610351562,164.30999755859375,165.6999969482422,11723900
07-Oct-24,169.13999938964844,169.89999389648438,164.1300048828125,164.38999938964844,14034700
04-Oct-24,169.33999633789062,169.5500030517578,166.9600067138672,168.55999755859375,11422100
03-Oct-24,165.82000732421875,167.91000366210938,165.3699951171875,167.2100067138672,11004300
02-Oct-24,167.75999450683594,168.8800048828125,166.25,167.30999755859375,12745000
01-Oct-24,168.86000061035156,170.44000244140625,165.89999389648438,168.4199981689453,18629500
30-Sep-24,164.77999877929688,167.36000061035156,164.63999938964844,167.19000244140625,14070100
27-Sep-24,163.91000366210938,166.97000122070312,163.8300018310547,165.2899932861328,13604300
26-Sep-24,165.02999877929688,165.5,163.5,163.8300018310547,18234500
25-Sep-24,162.97000122070312,164.2169952392578,162.77499389648438,162.99000549316406,13607900
24-Sep-24,164.25,164.5500030517578,162.02999877929688,163.63999938964844,18774100
23-Sep-24,165.33999633789062,166.61000061035156,162.9499969482422,163.07000732421875,15648400
20-Sep-24,164.52000427246094,164.75,163.17999267578125,164.63999938964844,46362700
19-Sep-24,164.82000732421875,164.99000549316406,162.52200317382812,163.24000549316406,17548200
18-Sep-24,160.85000610351562,161.6300048828125,159.66000366210938,160.80999755859375,16756500
17-Sep-24,160.08999633789062,161.58999633789062,159.41000366210938,160.27999877929688,12064800
16-Sep-24,158.3300018310547,159.24000549316406,157.61000061035156,158.99000549316406,14157600
13-Sep-24,156.36199951171875,159.27499389648438,156.11000061035156,158.3699951171875,16733900
12-Sep-24,154.80999755859375,155.61000061035156,153.5,155.5399932861328,20980800
11-Sep-24,151.08999633789062,152.47999572753906,148.6999969482422,152.14999389648438,18991500
10-Sep-24,151.4499969482422,152.3000030517578,149.54299926757812,150.00999450683594,20401800
09-Sep-24,153.6300048828125,154.63999938964844,148.1999969482422,149.5399932861328,28057700
06-Sep-24,158.69000244140625,159.22000122070312,151.93499755859375,152.1300048828125,24999100
05-Sep-24,157.77999877929688,161.01499938964844,157.52000427246094,158.60000610351562,14139500
04-Sep-24,158.0749969482422,160.39999389648438,157.44000244140625,157.80999755859375,17410700
03-Sep-24,163.31500244140625,163.3800048828125,157.85499572753906,158.61000061035156,26533100
30-Aug-24,164.22000122070312,165.27999877929688,163.41000366210938,165.11000061035156,18498800
29-Aug-24,166.05999755859375,167.6300048828125,161.98199462890625,163.39999389648438,17133800
28-Aug-24,166.77999877929688,167.38999938964844,163.27999877929688,164.5,15208700
27-Aug-24,167.61000061035156,168.2449951171875,166.16000366210938,166.3800048828125,13718200
26-Aug-24,168.15499877929688,169.3800048828125,166.32000732421875,167.92999267578125,11990300
23-Aug-24,166.5500030517578,167.9499969482422,165.66000366210938,167.42999267578125,14281600
22-Aug-24,169.0399932861328,169.4199981689453,165.02999877929688,165.49000549316406,19123800
21-Aug-24,166.99000549316406,168.63999938964844,166.57000732421875,167.6300048828125,15269600
20-Aug-24,168.74000549316406,170.41000366210938,168.66000366210938,168.9600067138672,12622500
19-Aug-24,167.0,168.47000122070312,166.08999633789062,168.39999389648438,13100800
16-Aug-24,163.41000366210938,166.9499969482422,163.0800018310547,164.74000549316406,16853100
15-Aug-24,162.2100067138672,163.52000427246094,161.49000549316406,163.1699981689453,18392500
14-Aug-24,164.2100067138672,164.9600067138672,159.52999877929688,162.02999877929688,22515900
13-Aug-24,165.18499755859375,166.5399932861328,164.77000427246094,165.92999267578125,12717600
12-Aug-24,165.9949951171875,166.6999969482422,163.5500030517578,163.9499969482422,12435000
09-Aug-24,161.64500427246094,165.52000427246094,160.92999267578125,165.38999938964844,13549200
08-Aug-24,162.343994140625,165.5,162.02999877929688,163.83999633789062,15733600
07-Aug-24,163.24000549316406,164.7899932861328,160.24000549316406,160.75,19334200
06-Aug-24,160.94500732421875,162.35000610351562,158.1300048828125,160.5399932861328,36146500
05-Aug-24,157.3699951171875,165.94000244140625,156.60000610351562,160.63999938964844,34907800
02-Aug-24,168.19000244140625,170.2100067138672,166.38999938964844,168.39999389648438,18907800
01-Aug-24,171.97999572753906,175.67999267578125,170.50999450683594,172.4499969482422,17177800
31-Jul-24,174.9199981689453,175.91000366210938,171.72000122070312,173.14999389648438,15650200
30-Jul-24,171.8300018310547,172.9499969482422,170.1199951171875,171.86000061035156,13681400
29-Jul-24,170.5,172.16000366210938,169.72000122070312,171.1300048828125,13768900
26-Jul-24,168.77000427246094,169.83999633789062,165.86500549316406,168.67999267578125,25150100
25-Jul-24,174.25,175.1999969482422,169.0500030517578,169.16000366210938,28967900
24-Jul-24,175.38999938964844,177.9499969482422,173.57000732421875,174.3699951171875,31250700
23-Jul-24,183.83999633789062,185.22000122070312,183.3300018310547,183.60000610351562,23772600
22-Jul-24,182.35000610351562,184.3000030517578,181.89999389648438,183.35000610351562,16303900
19-Jul-24,180.3699951171875,181.97000122070312,178.86000061035156,179.38999938964844,14485900
18-Jul-24,183.5399932861328,184.0500030517578,178.2100067138672,179.22000122070312,17877200
17-Jul-24,184.67999267578125,185.22999572753906,181.6199951171875,182.6199951171875,17376600
16-Jul-24,188.9600067138672,190.33999633789062,185.1199951171875,185.5,12760100
15-Jul-24,186.49000549316406,189.89999389648438,186.49000549316406,188.19000244140625,12186000
12-Jul-24,186.9199981689453,188.69000244140625,186.13999938964844,186.77999877929688,14449100
11-Jul-24,191.33999633789062,192.41000366210938,186.82000732421875,187.3000030517578,16452000
10-Jul-24,190.75,193.30999755859375,190.6199951171875,192.66000366210938,12052900
09-Jul-24,191.75,192.86000061035156,190.22999572753906,190.44000244140625,10198500
08-Jul-24,191.36500549316406,191.6790008544922,189.32000732421875,190.47999572753906,12097600
05-Jul-24,187.32000732421875,192.25999450683594,187.32000732421875,191.9600067138672,14303400
03-Jul-24,186.3000030517578,187.6199951171875,185.38499450683594,187.38999938964844,7409100
02-Jul-24,183.47000122070312,186.9499969482422,183.05999755859375,186.61000061035156,12555500
01-Jul-24,184.47999572753906,185.33999633789062,182.72999572753906,184.49000549316406,11815900
28-Jun-24,185.72000122070312,186.5800018310547,183.3249969482422,183.4199981689453,23032400
27-Jun-24,185.64500427246094,187.5,185.4499969482422,186.86000061035156,13025700
26-Jun-24,184.1999969482422,185.92999267578125,183.99000549316406,185.3699951171875,13375700
25-Jun-24,181.14500427246094,185.75,181.10499572753906,185.5800018310547,18797000
24-Jun-24,181.27999877929688,182.0800018310547,180.22999572753906,180.7899932861328,18198300
21-Jun-24,178.49000549316406,182.51199340820312,178.05999755859375,180.25999450683594,58903200
20-Jun-24,176.7100067138672,178.74000549316406,176.4600067138672,177.7100067138672,16753200
18-Jun-24,178.7899932861328,178.91000366210938,175.6199951171875,176.4499969482422,15640300
17-Jun-24,176.97999572753906,179.9199981689453,176.49000549316406,178.77999877929688,15272900
14-Jun-24,175.8520050048828,178.72999572753906,175.8520050048828,178.3699951171875,12361600
13-Jun-24,177.83999633789062,178.50999450683594,176.66000366210938,176.74000549316406,15956900
12-Jun-24,179.75,182.0800018310547,177.77999877929688,179.55999755859375,18600400
11-Jun-24,177.72000122070312,178.38999938964844,175.44000244140625,178.19000244140625,14402400
10-Jun-24,176.4499969482422,178.47000122070312,174.3800048828125,176.6300048828125,17099800
07-Jun-24,178.4600067138672,179.4199981689453,175.7899932861328,175.9499969482422,14716300
06-Jun-24,177.42999267578125,178.7100067138672,177.2100067138672,178.35000610351562,14255800
05-Jun-24,176.53500366210938,177.97000122070312,175.2899932861328,177.07000732421875,15233900
04-Jun-24,174.4499969482422,175.19000244140625,173.22000122070312,175.1300048828125,14066600
03-Jun-24,173.8800048828125,175.86000061035156,172.4499969482422,174.4199981689453,20742800
31-May-24,173.39999389648438,174.4199981689453,170.97000122070312,173.9600067138672,28085200
30-May-24,176.69000244140625,176.69000244140625,173.22999572753906,173.55999755859375,18826300
29-May-24,176.80999755859375,178.22999572753906,176.25999450683594,177.39999389648438,15023800
28-May-24,175.74000549316406,178.50999450683594,175.67999267578125,178.02000427246094,15655300
24-May-24,176.52000427246094,177.3040008544922,175.1999969482422,176.3300018310547,11403600
23-May-24,178.77999877929688,179.91000366210938,174.5399932861328,175.05999755859375,14928400
22-May-24,178.39999389648438,178.8520050048828,176.77999877929688,178.0,16189400
21-May-24,178.39999389648438,179.82000732421875,177.30999755859375,179.5399932861328,14706000
20-May-24,177.30999755859375,179.9499969482422,177.22500610351562,178.4600067138672,17495100
17-May-24,175.5500030517578,177.4949951171875,174.97999572753906,177.2899932861328,16546400
16-May-24,174.60000610351562,176.33999633789062,174.0500030517578,175.42999267578125,17247300
15-May-24,172.3000030517578,174.04600524902344,172.02999877929688,173.8800048828125,20958200
14-May-24,171.58999633789062,172.77999877929688,170.4199981689453,171.92999267578125,18729500
13-May-24,165.8470001220703,170.9499969482422,165.75999450683594,170.89999389648438,19648600
10-May-24,169.69000244140625,171.33999633789062,167.91000366210938,170.2899932861328,18740500
09-May-24,171.14999389648438,172.44000244140625,169.92999267578125,171.5800018310547,11937700
08-May-24,170.75,171.90899658203125,170.52200317382812,171.16000366210938,14569900
07-May-24,170.1199951171875,173.47000122070312,170.0,172.97999572753906,21102400
06-May-24,169.22000122070312,169.89999389648438,167.88999938964844,169.8300018310547,15147900
03-May-24,169.5399932861328,169.85000610351562,164.97999572753906,168.99000549316406,22767100
02-May-24,166.6699981689453,168.52999877929688,165.69000244140625,168.4600067138672,17041100
01-May-24,166.17999267578125,168.80999755859375,164.89999389648438,165.57000732421875,25223200
30-Apr-24,167.3800048828125,169.8699951171875,164.5,164.63999938964844,29420800
29-Apr-24,170.77000427246094,171.3800048828125,167.05999755859375,167.89999389648438,35914600
26-Apr-24,175.99000549316406,176.4199981689453,171.39999389648438,173.69000244140625,56500800
25-Apr-24,153.36000061035156,158.27999877929688,152.76800537109375,157.9499969482422,36197800
24-Apr-24,159.08999633789062,161.38999938964844,158.82000732421875,161.10000610351562,19485700
23-Apr-24,158.58999633789062,160.47999572753906,157.96499633789062,159.9199981689453,16115400
22-Apr-24,156.00999450683594,159.18499755859375,155.66000366210938,157.9499969482422,17243900
19-Apr-24,157.75,157.99000549316406,153.91000366210938,155.72000122070312,21479900
18-Apr-24,156.9250030517578,158.48500061035156,156.2100067138672,157.4600067138672,14016100
17-Apr-24,157.19000244140625,158.68099975585938,156.13499450683594,156.8800048828125,16237800
16-Apr-24,155.63999938964844,157.22999572753906,155.0500030517578,156.0,15413200
15-Apr-24,160.27999877929688,160.8300018310547,156.14999389648438,156.3300018310547,21140900
12-Apr-24,159.40499877929688,161.6999969482422,158.60000610351562,159.19000244140625,16989800
11-Apr-24,158.33999633789062,161.1199951171875,157.92999267578125,160.7899932861328,17841700
10-Apr-24,157.8800048828125,158.16000366210938,156.1999969482422,157.66000366210938,16339200
09-Apr-24,157.35000610351562,159.88999938964844,156.63999938964844,158.13999938964844,21521500
08-Apr-24,154.01499938964844,156.65499877929688,153.99000549316406,156.13999938964844,16641500
05-Apr-24,151.67999267578125,154.83999633789062,151.08099365234375,153.94000244140625,16297300
04-Apr-24,155.0800018310547,156.17999267578125,151.8800048828125,151.94000244140625,24184800
03-Apr-24,154.9199981689453,156.5500030517578,154.1320037841797,156.3699951171875,17266200
02-Apr-24,154.75,155.99000549316406,153.4600067138672,155.8699951171875,17598100
01-Apr-24,151.8300018310547,157.0,151.64999389648438,156.5,24469800
28-Mar-24,152.0,152.6699981689453,151.3300018310547,152.25999450683594,21105600
27-Mar-24,152.14500427246094,152.69000244140625,150.1300048828125,151.94000244140625,16622000
26-Mar-24,151.24000549316406,153.1999969482422,151.02999877929688,151.6999969482422,19312700
25-Mar-24,150.9499969482422,151.45599365234375,148.8000030517578,151.14999389648438,15114700
22-Mar-24,150.24000549316406,152.55999755859375,150.08999633789062,151.77000427246094,19252900
21-Mar-24,150.32000732421875,151.30499267578125,148.00999450683594,148.74000549316406,19843900
20-Mar-24,148.7899932861328,149.75999450683594,147.6649932861328,149.67999267578125,17730000
19-Mar-24,148.97999572753906,149.6199951171875,147.00999450683594,147.9199981689453,17748400
18-Mar-24,149.3699951171875,152.92999267578125,148.13999938964844,148.47999572753906,47676700
15-Mar-24,143.41000366210938,144.33999633789062,141.1300048828125,142.1699981689453,41039500
14-Mar-24,142.3000030517578,144.72999572753906,141.48500061035156,144.33999633789062,36117900
13-Mar-24,140.05999755859375,142.19000244140625,140.00999450683594,140.77000427246094,19637000
12-Mar-24,138.25,140.27999877929688,138.2100067138672,139.6199951171875,19019700
11-Mar-24,137.07000732421875,139.97999572753906,137.07000732421875,138.94000244140625,22536400
08-Mar-24,135.03500366210938,138.98500061035156,134.8000030517578,136.2899932861328,26495200
07-Mar-24,133.88999938964844,135.82000732421875,132.66000366210938,135.24000549316406,24107300
06-Mar-24,134.24000549316406,134.74000549316406,131.9499969482422,132.55999755859375,23175200
05-Mar-24,132.74000549316406,134.02000427246094,131.5500030517578,133.77999877929688,28447600
04-Mar-24,136.5399932861328,136.6300048828125,132.86000061035156,134.1999969482422,43571500
01-Mar-24,139.61000061035156,140.0,137.97500610351562,138.0800018310547,28551500
29-Feb-24,138.35000610351562,139.9499969482422,137.57000732421875,139.77999877929688,35485000
28-Feb-24,139.10000610351562,139.27999877929688,136.63999938964844,137.42999267578125,30628700
27-Feb-24,139.41000366210938,140.49000549316406,138.5,140.10000610351562,22364000
26-Feb-24,143.4499969482422,143.83999633789062,138.74000549316406,138.75,33513000
23-Feb-24,144.97000122070312,145.9550018310547,144.7899932861328,145.2899932861328,14519400
22-Feb-24,146.1199951171875,146.1999969482422,144.00999450683594,145.32000732421875,23024700
21-Feb-24,142.63999938964844,143.97999572753906,141.91000366210938,143.83999633789062,16440800
20-Feb-24,140.94000244140625,143.32899475097656,140.8000030517578,142.1999969482422,18625600
16-Feb-24,144.2100067138672,144.47999572753906,141.52000427246094,141.75999450683594,21865100
15-Feb-24,144.4600067138672,144.75999450683594,141.8800048828125,143.94000244140625,26724300
14-Feb-24,147.3699951171875,147.8300018310547,145.55499267578125,147.13999938964844,16651800
13-Feb-24,146.07000732421875,148.0399932861328,145.11000061035156,146.3699951171875,18138500
12-Feb-24,149.5399932861328,150.58999633789062,148.55999755859375,148.72999572753906,17236100
09-Feb-24,147.9499969482422,150.69500732421875,147.42999267578125,150.22000122070312,21877700
08-Feb-24,146.97000122070312,147.61000061035156,146.4199981689453,147.22000122070312,18241300
07-Feb-24,146.1199951171875,147.0,145.2100067138672,146.67999267578125,21436100
06-Feb-24,145.9600067138672,146.74000549316406,144.52000427246094,145.41000366210938,21517700
05-Feb-24,144.0399932861328,146.6699981689453,143.91000366210938,144.92999267578125,29254400
02-Feb-24,140.88999938964844,143.8800048828125,138.1699981689453,143.5399932861328,42136100
01-Feb-24,143.69000244140625,144.6199951171875,142.25999450683594,142.7100067138672,25526900
31-Jan-24,145.38999938964844,145.58999633789062,141.5500030517578,141.8000030517578,43908600
30-Jan-24,154.00999450683594,155.0399932861328,152.77499389648438,153.0500030517578,26578900
29-Jan-24,153.63999938964844,155.1999969482422,152.9199981689453,154.83999633789062,20909300
26-Jan-24,152.8699951171875,154.11000061035156,152.8000030517578,153.7899932861328,19494500
25-Jan-24,151.74000549316406,154.75999450683594,151.22000122070312,153.63999938964844,21495100
24-Jan-24,150.2899932861328,151.57000732421875,149.83999633789062,150.35000610351562,19245000
23-Jan-24,147.72000122070312,148.86000061035156,147.19000244140625,148.67999267578125,14113600
22-Jan-24,148.7100067138672,150.01499938964844,147.5800018310547,147.7100067138672,21829200
19-Jan-24,146.30499267578125,148.0399932861328,145.8000030517578,147.97000122070312,27181000
18-Jan-24,143.44000244140625,145.5850067138672,143.35000610351562,144.99000549316406,18876800
17-Jan-24,142.91000366210938,143.41000366210938,140.50999450683594,142.88999938964844,17884500
16-Jan-24,143.42999267578125,145.83999633789062,143.05599975585938,144.0800018310547,19198900
12-Jan-24,144.33999633789062,144.74000549316406,143.36000061035156,144.24000549316406,13998700
11-Jan-24,144.89500427246094,146.66000366210938,142.21499633789062,143.6699981689453,17471100
10-Jan-24,142.52000427246094,144.52499389648438,142.4600067138672,143.8000030517578,16641900
09-Jan-24,140.05999755859375,142.8000030517578,139.7899932861328,142.55999755859375,19579700
08-Jan-24,138.0,140.63999938964844,137.8800048828125,140.52999877929688,17645300
05-Jan-24,138.3520050048828,138.80999755859375,136.85000610351562,137.38999938964844,15439500
04-Jan-24,139.85000610351562,140.63499450683594,138.00999450683594,138.0399932861328,18253300
03-Jan-24,138.60000610351562,141.08999633789062,138.42999267578125,140.36000061035156,18974300
02-Jan-24,139.60000610351562,140.61500549316406,137.74000549316406,139.55999755859375,20071900
29-Dec-23,140.67999267578125,141.43499755859375,139.89999389648438,140.92999267578125,14881000
28-Dec-23,141.85000610351562,142.27000427246094,140.8280029296875,141.27999877929688,12192500
27-Dec-23,142.8300018310547,143.32000732421875,141.05099487304688,141.44000244140625,17288400
26-Dec-23,142.97999572753906,143.94500732421875,142.5,142.82000732421875,11170100
22-Dec-23,142.1300048828125,143.25,142.05499267578125,142.72000122070312,18513500
21-Dec-23,140.77000427246094,142.02999877929688,140.47300720214844,141.8000030517578,18101500
20-Dec-23,140.3300018310547,143.0780029296875,139.41000366210938,139.66000366210938,33507300
19-Dec-23,138.0,138.77000427246094,137.4499969482422,138.10000610351562,20661000
18-Dec-23,133.86000061035156,138.3800048828125,133.77000427246094,137.19000244140625,25699800
15-Dec-23,132.9199981689453,134.8300018310547,132.6300048828125,133.83999633789062,58594000
14-Dec-23,134.77000427246094,135.03500366210938,131.05999755859375,133.1999969482422,29619100
13-Dec-23,134.5449981689453,134.77999877929688,132.9499969482422,133.97000122070312,25414500
12-Dec-23,133.27000427246094,134.5399932861328,132.8300018310547,133.63999938964844,26584000
11-Dec-23,133.82000732421875,134.7899932861328,132.88999938964844,134.6999969482422,24502900
08-Dec-23,135.66000366210938,137.99000549316406,135.57000732421875,136.63999938964844,23016100
07-Dec-23,136.60000610351562,140.0,136.22999572753906,138.4499969482422,38419400
06-Dec-23,132.89999389648438,133.30999755859375,131.30999755859375,131.42999267578125,16360600
05-Dec-23,130.3699951171875,133.5399932861328,129.72999572753906,132.38999938964844,19235100
04-Dec-23,131.29400634765625,131.4499969482422,129.39999389648438,130.6300048828125,24117100
01-Dec-23,133.32000732421875,133.5,132.15199279785156,133.32000732421875,24268000
30-Nov-23,136.39999389648438,136.9600067138672,132.7899932861328,133.9199981689453,29913500
29-Nov-23,138.98500061035156,139.6699981689453,136.2949981689453,136.39999389648438,21014700
28-Nov-23,137.6300048828125,138.66000366210938,137.0399932861328,138.6199951171875,17046900
27-Nov-23,137.57000732421875,139.6300048828125,137.5399932861328,138.0500030517578,17886400
24-Nov-23,139.5399932861328,139.677001953125,137.47000122070312,138.22000122070312,8828600
22-Nov-23,139.10000610351562,141.10000610351562,139.0,140.02000427246094,17306400
21-Nov-23,137.94000244140625,138.96499633789062,137.7050018310547,138.6199951171875,17648100
20-Nov-23,135.5,138.4250030517578,135.49000549316406,137.9199981689453,19569400
17-Nov-23,137.82000732421875,138.0,135.47999572753906,136.94000244140625,25565300
16-Nov-23,136.9600067138672,138.8800048828125,136.0800018310547,138.6999969482422,17615100
15-Nov-23,136.63999938964844,136.83999633789062,135.3300018310547,136.3800048828125,15840900
14-Nov-23,135.64999389648438,137.24000549316406,135.10000610351562,135.42999267578125,22317300
13-Nov-23,133.36000061035156,134.11000061035156,132.77000427246094,133.63999938964844,16409900
10-Nov-23,131.52999877929688,134.27000427246094,130.8699951171875,134.05999755859375,20872900
09-Nov-23,133.36000061035156,133.9600067138672,131.50999450683594,131.69000244140625,17976500
08-Nov-23,132.36000061035156,133.5399932861328,132.16000366210938,133.25999450683594,15093600
07-Nov-23,131.97999572753906,133.27999877929688,131.13999938964844,132.39999389648438,19223800
06-Nov-23,130.22000122070312,131.55999755859375,129.92999267578125,131.4499969482422,15360400
03-Nov-23,129.08999633789062,130.72999572753906,129.00999450683594,130.3699951171875,19529400
02-Nov-23,129.55999755859375,130.08999633789062,128.11000061035156,128.5800018310547,24091700
01-Nov-23,125.33999633789062,127.73999786376953,124.92500305175781,127.56999969482422,26536600
31-Oct-23,126.2699966430664,126.55999755859375,123.92500305175781,125.30000305175781,21123400
30-Oct-23,124.45999908447266,126.55000305175781,123.87999725341797,125.75,24165600
27-Oct-23,124.02999877929688,124.44000244140625,121.45999908447266,123.4000015258789,37367700
26-Oct-23,124.47000122070312,125.45999908447266,122.31999969482422,123.44000244140625,33907400
25-Oct-23,129.77000427246094,130.10000610351562,126.08999633789062,126.66999816894531,58796100
24-Oct-23,139.16000366210938,140.7100067138672,138.75,140.1199951171875,26535200
23-Oct-23,136.22999572753906,139.02000427246094,135.11000061035156,137.89999389648438,20780700
20-Oct-23,138.58999633789062,139.0399932861328,136.2449951171875,136.74000549316406,24970300
19-Oct-23,139.8000030517578,141.0050048828125,138.60000610351562,138.97999572753906,21831200
18-Oct-23,140.75,141.99000549316406,138.7050018310547,139.27999877929688,18304900
17-Oct-23,140.02999877929688,141.25,138.5290069580078,140.99000549316406,17424000
16-Oct-23,139.72999572753906,140.90499877929688,139.32000732421875,140.49000549316406,17345600
13-Oct-23,140.64999389648438,141.33999633789062,137.97000122070312,138.5800018310547,19438700
12-Oct-23,142.16000366210938,142.3800048828125,139.4499969482422,140.2899932861328,18173100
11-Oct-23,139.85000610351562,142.22000122070312,139.83999633789062,141.6999969482422,20146300
10-Oct-23,139.50999450683594,140.74000549316406,138.42999267578125,139.1999969482422,19554900
09-Oct-23,137.99000549316406,139.97000122070312,136.6999969482422,139.5,16599100
06-Oct-23,134.94000244140625,139.18600463867188,134.94000244140625,138.72999572753906,20826700
05-Oct-23,136.1300048828125,136.5,134.4550018310547,135.99000549316406,15922900
04-Oct-23,133.66000366210938,136.57000732421875,133.42999267578125,136.27000427246094,22848000
03-Oct-23,134.92999267578125,135.24000549316406,132.81500244140625,133.3000030517578,19628700
02-Oct-23,132.15499877929688,135.36000061035156,132.06500244140625,135.1699981689453,19210400
29-Sep-23,134.0800018310547,134.88999938964844,131.32000732421875,131.85000610351562,23237300
28-Sep-23,130.69000244140625,134.17999267578125,130.69000244140625,133.1300048828125,18201400
27-Sep-23,129.44000244140625,131.72000122070312,129.3800048828125,131.4600067138672,18764200
26-Sep-23,130.91400146484375,131.40499877929688,128.19000244140625,129.4499969482422,20378800
25-Sep-23,130.77000427246094,132.22000122070312,130.02999877929688,132.1699981689453,14650000
22-Sep-23,131.67999267578125,133.00999450683594,130.50999450683594,131.25,17348700
21-Sep-23,132.38999938964844,133.19000244140625,131.08999633789062,131.36000061035156,22058400
20-Sep-23,138.8300018310547,138.83999633789062,134.52000427246094,134.58999633789062,21473500
19-Sep-23,138.25,139.1750030517578,137.5,138.8300018310547,15479100
18-Sep-23,137.6300048828125,139.92999267578125,137.6300048828125,138.9600067138672,16233600
15-Sep-23,138.8000030517578,139.36000061035156,137.17999267578125,138.3000030517578,48958800
14-Sep-23,138.38999938964844,139.5500030517578,137.05999755859375,138.99000549316406,19064600
13-Sep-23,135.89999389648438,137.6999969482422,134.92999267578125,137.5,16394900
12-Sep-23,137.1300048828125,137.63999938964844,135.92999267578125,136.07000732421875,15212900
11-Sep-23,137.3800048828125,138.26400756835938,136.5500030517578,137.74000549316406,17180800
08-Sep-23,135.8699951171875,137.51499938964844,135.8699951171875,137.1999969482422,17810700
07-Sep-23,134.60000610351562,136.5800018310547,133.9600067138672,136.1999969482422,16976000
06-Sep-23,137.01499938964844,137.47999572753906,134.69000244140625,135.3699951171875,15814300
05-Sep-23,136.44000244140625,137.3699951171875,135.55999755859375,136.7100067138672,17730200
01-Sep-23,138.42999267578125,138.5800018310547,135.94000244140625,136.8000030517578,16671600
31-Aug-23,137.0500030517578,138.39999389648438,136.82000732421875,137.35000610351562,28147900
30-Aug-23,135.57000732421875,137.25,135.02099609375,136.92999267578125,21773400
29-Aug-23,132.9980010986328,137.2949981689453,132.97999572753906,135.49000549316406,30803300
28-Aug-23,132.0800018310547,133.24000549316406,130.85000610351562,131.7899932861328,16715500
25-Aug-23,130.13999938964844,131.39999389648438,128.0399932861328,130.69000244140625,20678100
24-Aug-23,134.7270050048828,134.97000122070312,130.3000030517578,130.4199981689453,18680400
23-Aug-23,130.85000610351562,134.07000732421875,130.50999450683594,133.2100067138672,26497000
22-Aug-23,129.1300048828125,130.9499969482422,128.9250030517578,129.69000244140625,15557900
21-Aug-23,127.8499984741211,129.25999450683594,127.16000366210938,128.92999267578125,21851100
18-Aug-23,129.05999755859375,129.8300018310547,127.0,128.11000061035156,23627200
17-Aug-23,130.4499969482422,132.49099731445312,129.85000610351562,130.4600067138672,23665600
16-Aug-23,129.27999877929688,130.8979949951172,128.4600067138672,129.11000061035156,17548400
15-Aug-23,131.58999633789062,131.99000549316406,129.81900024414062,130.27000427246094,14769200
14-Aug-23,129.85000610351562,131.91000366210938,129.58999633789062,131.8300018310547,17526200
11-Aug-23,129.20199584960938,130.44000244140625,128.75,130.1699981689453,15205500
10-Aug-23,131.97000122070312,132.64700317382812,130.03500366210938,130.2100067138672,17855700
09-Aug-23,132.19000244140625,132.47000122070312,129.5050048828125,130.14999389648438,17745200
08-Aug-23,130.97999572753906,131.94000244140625,130.1300048828125,131.83999633789062,16836000
07-Aug-23,129.50999450683594,132.05999755859375,129.42999267578125,131.94000244140625,17621000
04-Aug-23,129.60000610351562,131.92999267578125,128.31500244140625,128.5399932861328,20521900
03-Aug-23,128.3699951171875,129.77000427246094,127.7750015258789,128.77000427246094,15018100
02-Aug-23,129.83999633789062,130.4199981689453,127.8499984741211,128.63999938964844,22705800
01-Aug-23,130.85499572753906,132.9199981689453,130.75,131.88999938964844,22154300
31-Jul-23,133.00999450683594,133.8300018310547,132.1300048828125,133.11000061035156,18381900
28-Jul-23,130.97000122070312,134.07000732421875,130.9199981689453,133.00999450683594,26971000
27-Jul-23,131.8000030517578,133.60000610351562,129.17999267578125,129.8699951171875,35931600
26-Jul-23,130.36000061035156,131.3699951171875,128.7100067138672,129.66000366210938,46216900
25-Jul-23,121.87999725341797,123.69000244140625,121.52999877929688,122.79000091552734,31820800
24-Jul-23,121.9260025024414,123.3499984741211,121.37999725341797,121.87999725341797,22276100
21-Jul-23,120.87000274658203,121.30000305175781,119.06999969482422,120.30999755859375,56514600
20-Jul-23,122.12000274658203,124.69999694824219,118.68499755859375,119.52999877929688,27541700
19-Jul-23,124.79000091552734,125.47000122070312,122.47000122070312,122.77999877929688,22313800
18-Jul-23,124.90499877929688,124.98999786376953,123.30000305175781,124.08000183105469,21045800
17-Jul-23,126.05999755859375,127.27999877929688,124.5,125.05999755859375,20675300
14-Jul-23,125.12999725341797,127.08999633789062,124.9000015258789,125.69999694824219,20499800
13-Jul-23,121.54000091552734,125.33499908447266,121.05999755859375,124.83000183105469,31535900
12-Jul-23,119.30000305175781,120.95999908447266,119.0,119.62000274658203,22059600
11-Jul-23,116.76000213623047,118.2249984741211,115.83000183105469,117.70999908447266,18286600
10-Jul-23,119.06999969482422,119.06999969482422,116.63999938964844,116.87000274658203,32960100
07-Jul-23,120.88999938964844,121.75,120.08999633789062,120.13999938964844,20997700
06-Jul-23,120.63999938964844,121.1500015258789,119.25,120.93000030517578,17732500
05-Jul-23,120.05999755859375,123.37000274658203,120.05999755859375,122.62999725341797,17830300
03-Jul-23,120.31999969482422,121.0199966430664,119.70500183105469,120.55999755859375,13888300
30-Jun-23,121.0999984741211,122.02999877929688,120.87999725341797,120.97000122070312,23871800
29-Jun-23,120.08999633789062,120.91000366210938,119.20999908447266,120.01000213623047,18517500
28-Jun-23,117.95999908447266,121.2699966430664,117.5999984741211,121.08000183105469,19753100
27-Jun-23,117.83999633789062,119.8949966430664,116.91000366210938,119.01000213623047,27221700
26-Jun-23,121.46600341796875,122.72000122070312,118.98999786376953,119.08999633789062,23185000
23-Jun-23,122.04000091552734,123.44000244140625,121.86000061035156,123.0199966430664,29573100
22-Jun-23,120.66000366210938,123.93499755859375,119.5999984741211,123.87000274658203,20781900
21-Jun-23,123.23500061035156,123.41000366210938,120.86000061035156,121.26000213623047,22612000
20-Jun-23,123.53500366210938,125.17500305175781,122.83000183105469,123.8499984741211,22698000
16-Jun-23,126.69999694824219,126.69999694824219,123.79000091552734,124.05999755859375,56699200
15-Jun-23,123.87999725341797,126.16000366210938,123.13999938964844,125.79000091552734,24517100
14-Jun-23,123.80000305175781,124.79000091552734,122.16000366210938,124.37999725341797,24659600
13-Jun-23,125.6500015258789,125.86000061035156,123.84500122070312,124.43000030517578,19287700
12-Jun-23,123.3949966430664,124.75,122.3499984741211,124.3499984741211,22255700
09-Jun-23,122.55999755859375,124.28500366210938,122.41999816894531,122.87000274658203,20304500
08-Jun-23,122.58499908447266,123.7300033569336,122.01000213623047,122.66999816894531,24815000
07-Jun-23,127.57499694824219,129.5500030517578,122.62999725341797,122.94000244140625,34179300
06-Jun-23,126.5999984741211,128.8800048828125,125.97000122070312,127.91000366210938,19450100
05-Jun-23,124.61000061035156,127.98999786376953,124.37999725341797,126.62999725341797,22672500
02-Jun-23,124.48999786376953,126.74500274658203,124.3499984741211,125.2300033569336,19367500
01-Jun-23,123.5,125.04000091552734,123.30000305175781,124.37000274658203,25017700
31-May-23,123.69999694824219,124.9000015258789,123.0999984741211,123.37000274658203,41548800
30-May-23,126.29000091552734,126.37999725341797,122.88999938964844,124.63999938964844,27230700
26-May-23,124.06500244140625,126.0,123.29000091552734,125.43000030517578,25154700
25-May-23,125.20999908447266,125.9800033569336,122.9000015258789,124.3499984741211,33812700
24-May-23,121.87999725341797,122.75,120.75,121.63999938964844,23087900
23-May-23,124.93000030517578,125.41999816894531,123.05000305175781,123.29000091552734,24477900
22-May-23,123.51000213623047,127.05000305175781,123.44999694824219,125.87000274658203,29760200
19-May-23,124.19999694824219,126.47899627685547,122.72000122070312,123.25,30268900
18-May-23,121.55999755859375,123.9000015258789,121.48999786376953,123.5199966430664,27014500
17-May-23,120.18000030517578,122.27999877929688,119.45999908447266,121.4800033569336,26659600
16-May-23,116.83000183105469,121.19999694824219,116.83000183105469,120.08999633789062,32370100
15-May-23,116.48999786376953,118.79499816894531,116.4800033569336,116.95999908447266,22107900
12-May-23,117.0,118.26000213623047,116.55000305175781,117.91999816894531,31293800
11-May-23,115.86000061035156,118.44000244140625,114.93000030517578,116.9000015258789,57115100
10-May-23,108.55000305175781,113.51000213623047,108.4800033569336,112.27999877929688,47533500
09-May-23,108.77999877929688,110.59500122070312,107.7249984741211,107.94000244140625,24782400
08-May-23,105.79499816894531,108.41999816894531,105.79000091552734,108.23999786376953,17266000
05-May-23,105.31999969482422,106.44000244140625,104.73899841308594,106.21499633789062,20710600
04-May-23,106.16000366210938,106.30000305175781,104.69999694824219,105.20999908447266,19780600
03-May-23,106.22000122070312,108.12999725341797,105.62000274658203,106.12000274658203,17116300
02-May-23,107.66000366210938,107.7300033569336,104.5,105.9800033569336,20343100
01-May-23,107.72000122070312,108.68000030517578,107.5,107.70999908447266,20926300
28-Apr-23,107.80000305175781,108.29000091552734,106.04000091552734,108.22000122070312,23957900
27-Apr-23,105.2300033569336,109.1500015258789,104.41999816894531,108.37000274658203,38235200
26-Apr-23,105.55999755859375,107.0199966430664,103.2699966430664,104.44999694824219,37068200
25-Apr-23,106.61000061035156,107.44000244140625,104.55999755859375,104.61000061035156,31408100
24-Apr-23,106.05000305175781,107.31999969482422,105.36000061035156,106.77999877929688,21410900
21-Apr-23,106.08999633789062,106.63999938964844,105.48500061035156,105.91000366210938,22379000
20-Apr-23,104.6500015258789,106.88800048828125,104.63999938964844,105.9000015258789,22515300
19-Apr-23,104.21499633789062,105.7249984741211,103.80000305175781,105.0199966430664,16732000
18-Apr-23,107.0,107.05000305175781,104.77999877929688,105.12000274658203,17641400
17-Apr-23,105.43000030517578,106.70999908447266,105.31999969482422,106.41999816894531,29043400
14-Apr-23,107.69000244140625,109.58000183105469,107.58999633789062,109.45999908447266,20758700
13-Apr-23,106.47000122070312,108.26499938964844,106.44000244140625,108.19000244140625,21650700
12-Apr-23,107.38999938964844,107.58699798583984,104.97000122070312,105.22000122070312,22761600
11-Apr-23,106.91999816894531,107.22000122070312,105.27999877929688,106.12000274658203,18721300
10-Apr-23,107.38999938964844,107.97000122070312,105.5999984741211,106.94999694824219,19741500
06-Apr-23,105.7699966430664,109.62999725341797,104.81500244140625,108.9000015258789,34684200
05-Apr-23,106.12000274658203,106.54000091552734,104.10199737548828,104.94999694824219,21864200
04-Apr-23,104.83999633789062,106.0999984741211,104.5999984741211,105.12000274658203,20377200
03-Apr-23,102.66999816894531,104.94999694824219,102.37999725341797,104.91000366210938,20719900
31-Mar-23,101.70999908447266,104.19000244140625,101.44000244140625,104.0,28108000
30-Mar-23,101.44000244140625,101.61000061035156,100.29000091552734,101.31999969482422,25009800
29-Mar-23,102.72000122070312,102.81999969482422,101.02999877929688,101.9000015258789,26148300
28-Mar-23,103.0,103.0,100.27999877929688,101.36000061035156,24913500
27-Mar-23,105.31999969482422,105.4000015258789,102.62999725341797,103.05999755859375,25393400
24-Mar-23,105.73999786376953,106.16000366210938,104.73999786376953,106.05999755859375,25236200
23-Mar-23,105.88999938964844,107.10099792480469,105.41000366210938,106.26000213623047,31385800
22-Mar-23,105.13999938964844,107.51000213623047,104.20999908447266,104.22000122070312,32336900
21-Mar-23,101.9800033569336,105.95999908447266,101.86000061035156,105.83999633789062,33122800
20-Mar-23,101.05999755859375,102.58000183105469,100.79000091552734,101.93000030517578,26033900
17-Mar-23,100.83999633789062,103.48999786376953,100.75,102.45999908447266,76140300
16-Mar-23,96.56999969482422,101.97000122070312,95.87000274658203,101.06999969482422,54499500
15-Mar-23,93.54000091552734,97.25,93.04000091552734,96.55000305175781,38367300
14-Mar-23,93.06999969482422,94.83000183105469,92.77999877929688,94.25,32303900
13-Mar-23,90.56500244140625,93.08000183105469,89.94000244140625,91.66000366210938,31508600
10-Mar-23,92.5,93.18000030517578,90.80000305175781,91.01000213623047,32850100
09-Mar-23,94.48999786376953,95.91999816894531,92.3550033569336,92.66000366210938,24438900
08-Mar-23,94.40499877929688,96.23999786376953,94.40499877929688,94.6500015258789,25395200
07-Mar-23,95.41999816894531,96.08999633789062,93.84400177001953,94.16999816894531,24101500
06-Mar-23,94.36000061035156,96.30000305175781,94.30000305175781,95.58000183105469,28288200
03-Mar-23,92.73999786376953,94.11000061035156,92.66000366210938,94.0199966430664,30242500
02-Mar-23,89.86000061035156,92.4800033569336,89.7699966430664,92.30999755859375,23328600
01-Mar-23,90.16000366210938,91.19999694824219,89.8499984741211,90.51000213623047,26323900
28-Feb-23,89.54000091552734,91.44999694824219,89.5199966430664,90.30000305175781,30546900
27-Feb-23,90.08999633789062,90.44999694824219,89.61000061035156,90.0999984741211,22724300
24-Feb-23,89.62999725341797,90.12999725341797,88.86000061035156,89.3499984741211,31295600
23-Feb-23,92.12999725341797,92.12999725341797,90.01000213623047,91.06999969482422,32423700
22-Feb-23,91.93399810791016,92.36000061035156,90.87000274658203,91.80000305175781,29891100
21-Feb-23,93.23999786376953,93.41500091552734,92.0,92.05000305175781,28367200
17-Feb-23,95.06999969482422,95.75,93.44999694824219,94.58999633789062,31095100
16-Feb-23,95.54000091552734,97.87999725341797,94.97000122070312,95.77999877929688,35642100
15-Feb-23,94.73999786376953,97.33999633789062,94.36000061035156,97.0999984741211,36964500
14-Feb-23,94.66000366210938,95.17500305175781,92.6500015258789,94.94999694824219,42513100
13-Feb-23,95.01000213623047,95.3499984741211,94.05000305175781,95.0,43116600
10-Feb-23,95.73999786376953,97.0199966430664,94.52999877929688,94.86000061035156,49325300
09-Feb-23,100.54000091552734,100.61000061035156,93.86000061035156,95.45999908447266,97798600
08-Feb-23,102.69000244140625,103.58000183105469,98.45500183105469,100.0,73546000
07-Feb-23,103.62999725341797,108.66999816894531,103.5479965209961,108.04000091552734,33738800
06-Feb-23,102.68499755859375,104.69999694824219,102.20999908447266,103.47000122070312,25573000
03-Feb-23,103.51000213623047,108.0199966430664,103.30000305175781,105.22000122070312,36823400
02-Feb-23,106.79000091552734,108.81999969482422,106.54000091552734,108.80000305175781,46622600
01-Feb-23,99.73999786376953,102.19000244140625,98.41999816894531,101.43000030517578,26392600
31-Jan-23,97.86000061035156,99.91000366210938,97.79000091552734,99.87000274658203,22306800
30-Jan-23,98.74500274658203,99.40899658203125,97.5199966430664,97.94999694824219,24365100
27-Jan-23,99.05000305175781,101.58000183105469,98.97000122070312,100.70999908447266,29020400
26-Jan-23,98.27999877929688,99.20999908447266,96.81999969482422,99.16000366210938,24542100
25-Jan-23,97.19999694824219,97.72000122070312,95.26200103759766,96.7300033569336,31000900
24-Jan-23,99.55000305175781,101.08999633789062,98.69999694824219,99.20999908447266,27391400
23-Jan-23,99.12999725341797,101.4000015258789,98.75,101.20999908447266,31791800
20-Jan-23,95.94999694824219,99.41999816894531,95.91000366210938,99.27999877929688,53704800
19-Jan-23,91.38999938964844,94.4000015258789,91.37999725341797,93.91000366210938,28707700
18-Jan-23,92.94000244140625,93.58799743652344,91.4000015258789,91.77999877929688,19641600
17-Jan-23,92.77999877929688,92.97000122070312,90.83999633789062,92.16000366210938,22935800
13-Jan-23,91.52799987792969,92.9800033569336,90.93000030517578,92.80000305175781,18630700
12-Jan-23,92.4000015258789,92.62000274658203,90.56999969482422,91.91000366210938,22754200
11-Jan-23,90.05999755859375,92.44999694824219,89.73999786376953,92.26000213623047,25998800
10-Jan-23,86.72000122070312,89.4749984741211,86.69999694824219,89.23999786376953,22855600
09-Jan-23,89.19499969482422,90.83000183105469,88.58000183105469,88.80000305175781,22996700
06-Jan-23,87.36000061035156,88.47000122070312,85.56999969482422,88.16000366210938,26612600
05-Jan-23,88.06999969482422,88.20999908447266,86.55999755859375,86.7699966430664,23136100
04-Jan-23,91.01000213623047,91.23999786376953,87.80000305175781,88.70999908447266,27046500
03-Jan-23,89.83000183105469,91.55000305175781,89.0199966430664,89.69999694824219,20738500
30-Dec-22,87.36499786376953,88.83000183105469,87.02999877929688,88.7300033569336,19190300
29-Dec-22,87.02999877929688,89.36499786376953,86.98999786376953,88.94999694824219,18280700
28-Dec-22,87.5,88.5199966430664,86.37000274658203,86.45999908447266,17879600
27-Dec-22,89.30999755859375,89.5,87.53500366210938,87.93000030517578,15470900
23-Dec-22,87.62000274658203,90.0999984741211,87.62000274658203,89.80999755859375,17815000
22-Dec-22,88.93000030517578,89.18000030517578,86.94000244140625,88.26000213623047,23656100
21-Dec-22,89.7300033569336,90.91500091552734,88.91000366210938,90.25,20336400
20-Dec-22,88.7300033569336,89.77999877929688,88.04000091552734,89.62999725341797,21976800
19-Dec-22,90.87999725341797,91.19999694824219,88.92500305175781,89.1500015258789,23020500
16-Dec-22,91.19999694824219,91.75,90.01000213623047,90.86000061035156,48485500
15-Dec-22,93.54000091552734,94.02999877929688,90.43000030517578,91.19999694824219,28298800
14-Dec-22,95.54000091552734,97.22000122070312,93.94000244140625,95.30999755859375,26452900
13-Dec-22,98.06999969482422,99.80000305175781,95.37999725341797,95.8499984741211,34788500
12-Dec-22,93.08999633789062,93.875,91.9000015258789,93.55999755859375,27380900
09-Dec-22,93.9000015258789,94.48999786376953,93.0199966430664,93.06999969482422,21885300
08-Dec-22,95.69000244140625,95.87000274658203,93.80000305175781,93.94999694824219,25593200
07-Dec-22,96.7699966430664,97.30999755859375,95.0250015258789,95.1500015258789,26647900
06-Dec-22,99.66999816894531,100.20999908447266,96.76000213623047,97.30999755859375,20877600
05-Dec-22,99.81500244140625,101.75,99.3550033569336,99.87000274658203,19955500
02-Dec-22,99.37000274658203,101.1500015258789,99.16999816894531,100.83000183105469,18821500
01-Dec-22,101.4000015258789,102.58999633789062,100.66999816894531,101.27999877929688,21771500
30-Nov-22,95.12000274658203,101.44999694824219,94.66999816894531,101.44999694824219,39888100
29-Nov-22,96.0,96.38999938964844,94.38999938964844,95.44000244140625,20220000
28-Nov-22,97.19999694824219,97.83000183105469,95.88999938964844,96.25,19974500
25-Nov-22,98.46499633789062,98.94000244140625,97.52999877929688,97.5999984741211,8567800
23-Nov-22,97.33999633789062,99.06900024414062,97.33999633789062,98.81999969482422,17568900
22-Nov-22,96.16000366210938,97.5479965209961,94.41000366210938,97.33000183105469,18868900
21-Nov-22,97.55999755859375,98.72000122070312,95.66999816894531,95.83000183105469,18696900
18-Nov-22,99.01000213623047,99.16000366210938,96.73999786376953,97.80000305175781,24969900
17-Nov-22,97.18000030517578,99.4800033569336,97.0999984741211,98.5,21818700
16-Nov-22,98.0199966430664,99.8499984741211,97.9020004272461,98.98999786376953,24660200
15-Nov-22,98.66999816894531,100.41999816894531,97.0199966430664,98.72000122070312,31831000
14-Nov-22,95.5,97.18000030517578,95.11299896240234,96.02999877929688,24170100
11-Nov-22,94.70999908447266,97.36000061035156,94.16000366210938,96.7300033569336,30569100
10-Nov-22,92.33999633789062,94.55000305175781,91.6500015258789,94.16999816894531,42371200
09-Nov-22,88.54499816894531,89.48999786376953,87.36000061035156,87.4000015258789,26743900
08-Nov-22,89.16000366210938,90.40499877929688,87.6500015258789,88.91000366210938,30172000
07-Nov-22,87.33999633789062,88.94000244140625,86.95999908447266,88.6500015258789,26899900
04-Nov-22,85.51000213623047,86.7300033569336,83.87999725341797,86.69999694824219,40173300
03-Nov-22,86.34500122070312,86.55000305175781,83.44999694824219,83.48999786376953,48510400
02-Nov-22,90.91000366210938,91.30000305175781,87.01000213623047,87.06999969482422,43553600
01-Nov-22,95.58999633789062,96.16500091552734,90.43000030517578,90.5,43220600
31-Oct-22,95.77999877929688,96.3499984741211,94.37999725341797,94.66000366210938,29868700
28-Oct-22,92.52999877929688,96.86000061035156,92.322998046875,96.58000183105469,35696900
27-Oct-22,94.30999755859375,95.16999816894531,91.9000015258789,92.5999984741211,54036500
26-Oct-22,96.76000213623047,98.54000091552734,94.56999969482422,94.81999969482422,71504300
25-Oct-22,103.30000305175781,105.0999984741211,103.0199966430664,104.93000030517578,29910200
24-Oct-22,102.08999633789062,103.0999984741211,100.30000305175781,102.97000122070312,24680800
21-Oct-22,98.45999908447266,101.62000274658203,98.2300033569336,101.4800033569336,28988700
20-Oct-22,100.81999969482422,103.0,99.97000122070312,100.52999877929688,25125100
19-Oct-22,100.69999694824219,101.65899658203125,99.63500213623047,100.29000091552734,21573700
18-Oct-22,103.94000244140625,104.22000122070312,100.6500015258789,101.38999938964844,21610500
17-Oct-22,99.5199966430664,101.7699966430664,99.51000213623047,100.77999877929688,23311600
14-Oct-22,100.625,101.29000091552734,97.02999877929688,97.18000030517578,22624800
13-Oct-22,95.93000030517578,100.52999877929688,95.2699966430664,99.70999908447266,32812200
12-Oct-22,98.2699966430664,99.64800262451172,97.66999816894531,98.30000305175781,17343400
11-Oct-22,98.25,100.12000274658203,97.25,98.05000305175781,21617700
10-Oct-22,99.8499984741211,99.98999786376953,97.87000274658203,98.70999908447266,16529900
07-Oct-22,100.6500015258789,101.41999816894531,99.20999908447266,99.56999969482422,24249900
06-Oct-22,101.5,103.7300033569336,101.5,102.23999786376953,17156200
05-Oct-22,100.69000244140625,102.73999786376953,99.73999786376953,102.22000122070312,18475500
04-Oct-22,101.04000091552734,102.72000122070312,101.04000091552734,102.41000366210938,22580900
03-Oct-22,97.22000122070312,99.97000122070312,97.0199966430664,99.30000305175781,24840000
30-Sep-22,97.7300033569336,99.49400329589844,96.02999877929688,96.1500015258789,26277800
29-Sep-22,99.30000305175781,99.30000305175781,96.5199966430664,98.08999633789062,21921500
28-Sep-22,98.0199966430664,101.4000015258789,97.80000305175781,100.73999786376953,24617000
27-Sep-22,99.91000366210938,100.45999908447266,97.33999633789062,98.08999633789062,24225000
26-Sep-22,98.61000061035156,100.44000244140625,98.37999725341797,98.80999755859375,22437900
23-Sep-22,100.05999755859375,100.11000061035156,98.01000213623047,99.16999816894531,25657000
22-Sep-22,99.44999694824219,101.68000030517578,99.41000366210938,100.56999969482422,21272700
21-Sep-22,102.23999786376953,103.48999786376953,99.98999786376953,100.01000213623047,26596800
20-Sep-22,102.87999725341797,103.16999816894531,101.12000274658203,101.83000183105469,24001700
19-Sep-22,102.54000091552734,104.0199966430664,102.37000274658203,103.8499984741211,19738600
16-Sep-22,102.97000122070312,104.02999877929688,101.8550033569336,103.62999725341797,64540100
15-Sep-22,105.01000213623047,106.20999908447266,103.30999755859375,103.9000015258789,26494900
14-Sep-22,105.44000244140625,106.0999984741211,104.5,105.87000274658203,22115800
13-Sep-22,108.88999938964844,109.37000274658203,105.0,105.30999755859375,33015000
12-Sep-22,111.98999786376953,112.63999938964844,110.93000030517578,111.87000274658203,19732900
09-Sep-22,110.05000305175781,112.0,110.0,111.77999877929688,21732900
08-Sep-22,109.18000030517578,110.58000183105469,108.05999755859375,109.41999816894531,21660700
07-Sep-22,107.76000213623047,110.98999786376953,107.61499786376953,110.4800033569336,22987200
06-Sep-22,108.13500213623047,108.87999725341797,106.51000213623047,107.4800033569336,20565100
02-Sep-22,111.33999633789062,111.67500305175781,108.12999725341797,108.68000030517578,20618100
01-Sep-22,109.19999694824219,111.22000122070312,108.19000244140625,110.55000305175781,22784400
31-Aug-22,111.62999725341797,111.7699966430664,109.05000305175781,109.1500015258789,25898000
30-Aug-22,111.02999877929688,111.37000274658203,108.80000305175781,109.91000366210938,20548200
29-Aug-22,110.77999877929688,111.95999908447266,109.80999755859375,110.33999633789062,20386100
26-Aug-22,115.80999755859375,116.5999984741211,111.22000122070312,111.30000305175781,31698700
25-Aug-22,115.1500015258789,117.77999877929688,115.05000305175781,117.69999694824219,14874700
24-Aug-22,114.44999694824219,115.71700286865234,113.77999877929688,114.69999694824219,16051200
23-Aug-22,114.31999969482422,115.93000030517578,114.30000305175781,114.7699966430664,14390700
22-Aug-22,116.0999984741211,116.5,114.66999816894531,115.06999969482422,19316000
19-Aug-22,119.87000274658203,120.0,117.66999816894531,118.12000274658203,20187000
18-Aug-22,120.2300033569336,121.69000244140625,119.55000305175781,120.86000061035156,15652000
17-Aug-22,120.93000030517578,122.1500015258789,120.19999694824219,120.31999969482422,17589200
16-Aug-22,122.31999969482422,123.22799682617188,121.53500366210938,122.51000213623047,15626200
15-Aug-22,122.20999908447266,123.26000213623047,121.56999969482422,122.87999725341797,15525000
12-Aug-22,121.16000366210938,122.6500015258789,120.4000015258789,122.6500015258789,16121100
11-Aug-22,122.08000183105469,122.33999633789062,119.55000305175781,119.81999969482422,16671600
10-Aug-22,119.58999633789062,121.77999877929688,119.36000061035156,120.6500015258789,20497000
09-Aug-22,117.98999786376953,118.19999694824219,116.55999755859375,117.5,15424300
08-Aug-22,119.12000274658203,120.86000061035156,117.83000183105469,118.13999938964844,17061100
05-Aug-22,116.93000030517578,118.86000061035156,116.70999908447266,118.22000122070312,15615700
04-Aug-22,118.30000305175781,119.5,117.70999908447266,118.87000274658203,15757700
03-Aug-22,116.33999633789062,119.41999816894531,116.1500015258789,118.77999877929688,25302800
02-Aug-22,114.43000030517578,117.08000183105469,114.26000213623047,115.9000015258789,17911000
01-Aug-22,115.52999877929688,117.12000274658203,114.69000244140625,115.4800033569336,22856200
29-Jul-22,113.4000015258789,116.9000015258789,113.2300033569336,116.63999938964844,31336200
28-Jul-22,112.80000305175781,114.69999694824219,111.85099792480469,114.58999633789062,23303800
27-Jul-22,109.5999984741211,114.4000015258789,108.41999816894531,113.5999984741211,41474600
26-Jul-22,107.43000030517578,107.73999786376953,104.76000213623047,105.44000244140625,36626600
25-Jul-22,108.87999725341797,110.58000183105469,107.01000213623047,108.20999908447266,28289900
22-Jul-22,111.80999755859375,113.18000030517578,107.5999984741211,108.36000061035156,44455300
21-Jul-22,115.08999633789062,115.20999908447266,111.91000366210938,115.04000091552734,27267800
20-Jul-22,114.05999755859375,116.33000183105469,113.26000213623047,114.69999694824219,26780100
19-Jul-22,111.7300033569336,114.80999755859375,110.5,114.62000274658203,30992300
18-Jul-22,113.44000244140625,114.80000305175781,109.30000305175781,109.91000366210938,33354000
15-Jul-22,112.96299743652344,114.00050354003906,111.82250213623047,112.76699829101562,34330000
14-Jul-22,110.82599639892578,111.98750305175781,109.32550048828125,111.44000244140625,32366000
13-Jul-22,112.63899993896484,115.15699768066406,111.822998046875,112.18699645996094,38958000
12-Jul-22,116.8385009765625,117.84950256347656,114.61499786376953,114.84950256347656,24970000
11-Jul-22,118.6500015258789,118.79450225830078,116.2344970703125,116.52249908447266,26718000
08-Jul-22,117.55000305175781,120.43499755859375,117.51399993896484,120.16850280761719,29082000
07-Jul-22,116.00800323486328,119.86199951171875,115.53399658203125,119.30599975585938,32184000
06-Jul-22,114.09200286865234,116.35199737548828,112.25050354003906,115.2135009765625,28852000
05-Jul-22,107.5145034790039,114.05259704589844,106.24949645996094,113.88700103759766,36398000
01-Jul-22,108.33699798583984,109.80635070800781,107.1050033569336,109.08100128173828,31028000
30-Jun-22,110.49949645996094,111.32980346679688,107.30999755859375,109.37249755859375,38046000
29-Jun-22,112.14849853515625,113.66449737548828,111.55400085449219,112.25650024414062,18628000
28-Jun-22,116.35099792480469,117.85649871826172,112.44400024414062,112.57150268554688,28232000
27-Jun-22,118.93499755859375,119.25,116.00074768066406,116.62249755859375,32840000
24-Jun-22,113.60299682617188,118.63749694824219,113.60299682617188,118.53800201416016,39122000
23-Jun-22,112.94999694824219,113.19650268554688,111.02899932861328,112.68450164794922,24710000
22-Jun-22,111.16300201416016,113.76950073242188,110.72429656982422,112.03399658203125,23922000
21-Jun-22,109.7020034790039,112.6729965209961,109.29350280761719,112.01499938964844,39010000
17-Jun-22,106.53500366210938,109.24949645996094,105.62854766845703,107.8655014038086,43516000
16-Jun-22,108.14949798583984,109.29049682617188,105.7925033569336,106.63600158691406,35314000
15-Jun-22,108.89949798583984,112.06300354003906,108.1187515258789,110.3905029296875,33192000
14-Jun-22,106.88999938964844,108.4574966430664,106.35199737548828,107.19400024414062,25480000
13-Jun-22,107.44599914550781,109.21849822998047,106.58805084228516,106.87650299072266,36756000
10-Jun-22,112.78125,113.49700164794922,110.86100006103516,111.42749786376953,31324000
09-Jun-22,116.34149932861328,118.3499984741211,114.86699676513672,114.91799926757812,23142000
08-Jun-22,116.87650299072266,118.64600372314453,116.69674682617188,117.23799896240234,22544000
07-Jun-22,115.64800262451172,117.74864959716797,115.12550354003906,117.22949981689453,26414000
06-Jun-22,116.74250030517578,119.39849853515625,116.5282974243164,117.010498046875,23786000
03-Jun-22,115.99250030517578,116.364501953125,113.66799926757812,114.56400299072266,25052000
02-Jun-22,114.18800354003906,117.89800262451172,113.30799865722656,117.74600219726562,27472000
01-Jun-22,114.93150329589844,117.39900207519531,113.55049896240234,114.13700103759766,28630000
31-May-22,113.0790023803711,116.43350219726562,112.57250213623047,114.03900146484375,51302000
27-May-22,109.78849792480469,112.86799621582031,109.55000305175781,112.79900360107422,29924000
26-May-22,106.05049896240234,108.95525360107422,105.48799896240234,108.2959976196289,30288000
25-May-22,105.14199829101562,106.5447006225586,104.21125030517578,105.8395004272461,37900000
24-May-22,106.37750244140625,106.3949966430664,102.20800018310547,105.9260025024414,60386000
23-May-22,110.10399627685547,112.00550079345703,109.15425109863281,111.66649627685547,31558000
20-May-22,112.08550262451172,112.55000305175781,106.37300109863281,109.31300354003906,37586000
19-May-22,111.84100341796875,113.5875015258789,110.46800231933594,110.74549865722656,29192000
18-May-22,115.23750305175781,115.69564819335938,112.14199829101562,112.4010009765625,27982000
17-May-22,117.22750091552734,117.22750091552734,115.3375015258789,116.70149993896484,21576000
16-May-22,115.38400268554688,116.60749816894531,114.33499908447266,114.7925033569336,23282000
13-May-22,114.84549713134766,118.08499908447266,114.0,116.5155029296875,29738000
12-May-22,111.93800354003906,114.85649871826172,110.1135025024414,113.16100311279297,41464000
11-May-22,113.71050262451172,116.6709976196289,113.6500015258789,113.96099853515625,36502000
10-May-22,116.04049682617188,116.69100189208984,113.38330078125,114.58450317382812,31158000
09-May-22,113.30349731445312,115.56289672851562,112.55149841308594,113.08399963378906,34520000
06-May-22,115.51899719238281,117.49849700927734,114.14299774169922,115.66000366210938,35310000
05-May-22,120.22049713134766,121.2332534790039,115.18250274658203,116.74649810791016,43090000
04-May-22,118.00350189208984,123.14299774169922,115.7385025024414,122.57499694824219,33232000
03-May-22,116.76499938964844,119.30000305175781,116.62699890136719,118.12950134277344,21216000
02-May-22,113.90650177001953,117.3395004272461,113.39949798583984,117.15699768066406,30280000
29-Apr-22,117.5780029296875,118.95999908447266,114.69400024414062,114.96649932861328,33694000
28-Apr-22,117.11499786376953,120.4384994506836,115.1438980102539,119.4114990234375,36790000
27-Apr-22,114.37300109863281,117.5,113.12425231933594,115.02050018310547,62238000
26-Apr-22,122.75,122.75,119.16184997558594,119.50599670410156,49394000
25-Apr-22,119.42949676513672,123.27799987792969,118.76924896240234,123.25,34522000
22-Apr-22,125.0,125.4520034790039,119.1405029296875,119.61399841308594,46410000
21-Apr-22,129.35000610351562,130.3074951171875,124.6500015258789,124.9375,30158000
20-Apr-22,131.28399658203125,131.92349243164062,127.89405059814453,128.24549865722656,22610000
19-Apr-22,128.07699584960938,130.90374755859375,127.45149993896484,130.531005859375,22720000
18-Apr-22,127.41000366210938,128.71200561523438,126.57845306396484,127.96099853515625,14918000
14-Apr-22,130.64950561523438,130.7102508544922,127.11150360107422,127.25299835205078,23484000
13-Apr-22,128.62649536132812,130.65574645996094,128.4385986328125,130.28599548339844,19542000
12-Apr-22,132.42349243164062,132.42349243164062,127.57599639892578,128.37449645996094,23004000
11-Apr-22,132.89999389648438,132.93919372558594,129.61749267578125,129.79649353027344,24188000
08-Apr-22,136.25,136.25,133.75250244140625,134.010498046875,16434000
07-Apr-22,136.6179962158203,137.70150756835938,134.8572540283203,136.46499633789062,19448000
06-Apr-22,139.1614990234375,139.84849548339844,136.41810607910156,137.17599487304688,23574000
05-Apr-22,143.39950561523438,143.58999633789062,140.94349670410156,141.06300354003906,19256000
04-Apr-22,140.82449340820312,144.0437469482422,140.82449340820312,143.6425018310547,19076000
01-Apr-22,140.00999450683594,140.9499969482422,138.7969970703125,140.6999969482422,23480000
31-Mar-22,142.44850158691406,142.64450073242188,139.61900329589844,139.64950561523438,29516000
30-Mar-22,142.8699951171875,143.48049926757812,142.16799926757812,142.64450073242188,21046000
29-Mar-22,143.16050720214844,144.16250610351562,142.48399353027344,143.25,28678000
28-Mar-22,140.6844940185547,141.97650146484375,139.82815551757812,141.9499969482422,23774000
25-Mar-22,141.75399780273438,141.95950317382812,139.69949340820312,141.52149963378906,19270000
24-Mar-22,139.2725067138672,141.39649963378906,138.03939819335938,141.31199645996094,20544000
23-Mar-22,139.1385040283203,140.02499389648438,138.16650390625,138.5034942626953,25302000
22-Mar-22,136.5,141.5,136.5,140.27749633789062,29776000
21-Mar-22,136.84750366210938,137.58250427246094,134.6114959716797,136.47850036621094,26632000
18-Mar-22,133.88400268554688,136.9134979248047,132.9320068359375,136.80149841308594,45900000
17-Mar-22,133.3209991455078,134.739501953125,132.718994140625,134.60049438476562,23994000
16-Mar-22,131.0,133.77099609375,129.2010040283203,133.6905059814453,32058000
15-Mar-22,127.74150085449219,130.51724243164062,126.56800079345703,129.66050720214844,30292000
14-Mar-22,130.572998046875,131.0260009765625,126.41300201416016,126.74099731445312,30254000
11-Mar-22,133.99949645996094,134.1999969482422,130.29649353027344,130.47549438476562,26600000
10-Mar-22,131.46249389648438,133.5384979248047,131.4010009765625,132.6820068359375,24266000
09-Mar-22,131.39999389648438,134.19850158691406,130.08799743652344,133.86599731445312,32258000
08-Mar-22,126.25050354003906,131.2465057373047,125.86074829101562,127.27850341796875,35250000
07-Mar-22,131.9040069580078,131.9040069580078,126.41000366210938,126.4645004272461,39178000
04-Mar-22,133.38250732421875,134.19900512695312,130.4084930419922,132.1219940185547,24446000
03-Mar-22,135.97850036621094,136.71380615234375,133.43099975585938,134.30799865722656,19780000
02-Mar-22,134.60824584960938,135.61549377441406,133.4324951171875,134.75149536132812,23966000
01-Mar-22,134.47999572753906,136.11099243164062,133.3784942626953,134.16799926757812,24640000
28-Feb-22,133.2845001220703,135.6405029296875,132.82525634765625,134.89100646972656,29676000
25-Feb-22,133.52549743652344,135.38900756835938,131.76499938964844,134.51950073242188,26236000
24-Feb-22,125.0,133.03700256347656,124.7645034790039,132.67349243164062,43166000
23-Feb-22,131.07850646972656,131.74899291992188,127.50350189208984,127.58499908447266,26432000
22-Feb-22,129.98500061035156,131.9007568359375,127.74099731445312,129.40249633789062,38906000
18-Feb-22,133.03750610351562,133.82400512695312,130.3070526123047,130.46749877929688,31858000
17-Feb-22,136.14999389648438,136.83949279785156,132.20199584960938,132.30850219726562,30968000
16-Feb-22,136.4304962158203,137.9459991455078,134.8236541748047,137.4875030517578,25610000
15-Feb-22,137.47149658203125,137.89999389648438,135.5395050048828,136.42550659179688,26578000
14-Feb-22,133.36549377441406,136.16650390625,133.302001953125,135.3000030517578,26792000
11-Feb-22,138.75,139.2832489013672,133.2884979248047,134.1300048828125,38808000
10-Feb-22,139.5,141.43099975585938,138.0500030517578,138.6024932861328,33018000
09-Feb-22,140.84974670410156,142.17550659179688,140.3769989013672,141.4530029296875,28628000
08-Feb-22,138.9912567138672,139.83709716796875,136.8730010986328,139.21299743652344,34256000
07-Feb-22,143.70899963378906,143.84649658203125,138.69900512695312,138.93800354003906,44610000
04-Feb-22,143.01699829101562,144.53524780273438,139.8175048828125,143.01600646972656,49224000
03-Feb-22,145.2949981689453,149.11770629882812,142.2050018310547,142.65049743652344,56930000
02-Feb-22,151.86349487304688,152.10000610351562,145.5574951171875,148.0364990234375,89750000
01-Feb-22,137.8350067138672,138.1999969482422,134.56825256347656,137.8784942626953,51204000
31-Jan-22,134.197998046875,135.843505859375,132.2740020751953,135.69850158691406,34056000
28-Jan-22,130.0,133.37049865722656,128.6945037841797,133.2895050048828,30518000
27-Jan-22,131.36099243164062,132.60995483398438,128.94500732421875,129.12100219726562,30248000
26-Jan-22,130.59249877929688,132.8074951171875,127.15350341796875,129.24000549316406,39630000
25-Jan-22,128.4355010986328,129.3385009765625,126.37799835205078,126.7354965209961,36008000
24-Jan-22,126.02749633789062,130.77850341796875,124.64195251464844,130.3719940185547,55148000
21-Jan-22,133.01199340820312,134.760498046875,130.00100708007812,130.0919952392578,41920000
20-Jan-22,136.51400756835938,137.91200256347656,133.14450073242188,133.50650024414062,21930000
19-Jan-22,136.93850708007812,138.39950561523438,135.5,135.65199279785156,20796000
18-Jan-22,136.60000610351562,137.39149475097656,135.61700439453125,136.29049682617188,27382000
14-Jan-22,137.5,141.20050048828125,137.5,139.7864990234375,23826000
13-Jan-22,141.8404998779297,143.1855010986328,138.91400146484375,139.13099670410156,26566000
12-Jan-22,141.55450439453125,142.8142547607422,141.11199951171875,141.6479949951172,23642000
11-Jan-22,138.1804962158203,140.32949829101562,136.81350708007812,140.0175018310547,23502000
10-Jan-22,135.0989990234375,138.63999938964844,133.1405029296875,138.57400512695312,34096000
07-Jan-22,137.90499877929688,138.25474548339844,135.78900146484375,137.00450134277344,19408000
06-Jan-22,137.49749755859375,139.68600463867188,136.7635040283203,137.55099487304688,29050000
05-Jan-22,144.18099975585938,144.29800415039062,137.52349853515625,137.65350341796875,49642000
04-Jan-22,145.55050659179688,146.61000061035156,143.81614685058594,144.41650390625,22928000
03-Jan-22,144.47549438476562,145.5500030517578,143.50250244140625,145.07449340820312,25214000
31-Dec-21,145.54400634765625,146.36500549316406,144.67750549316406,144.67950439453125,17298000
30-Dec-21,146.4499969482422,147.0625,145.7584991455078,146.00250244140625,12978000
29-Dec-21,146.42950439453125,147.18374633789062,145.50450134277344,146.50450134277344,17022000
28-Dec-21,148.37449645996094,148.37449645996094,145.9355010986328,146.447998046875,18624000
27-Dec-21,147.4635009765625,148.42649841308594,147.25,148.06399536132812,13256000
23-Dec-21,147.08949279785156,148.57260131835938,146.9508514404297,147.1425018310547,13818000
22-Dec-21,144.10000610351562,147.30299377441406,143.96299743652344,146.94900512695312,18438000
21-Dec-21,143.14999389648438,144.69204711914062,141.73500061035156,144.2205047607422,19548000
20-Dec-21,140.67959594726562,142.61050415039062,140.25,142.40150451660156,20264000
17-Dec-21,142.71449279785156,144.46009826660156,141.78799438476562,142.80299377441406,43404000
16-Dec-21,148.07699584960938,148.55149841308594,144.09249877929688,144.8385009765625,27400000
15-Dec-21,144.36599731445312,147.51724243164062,142.70550537109375,147.36849975585938,27280000
14-Dec-21,144.77000427246094,145.44200134277344,142.24249267578125,144.9705047607422,24778000
13-Dec-21,148.44400024414062,148.5625,146.36000061035156,146.70449829101562,24104000
10-Dec-21,149.10000610351562,149.39999389648438,147.3574981689453,148.6750030517578,21634000
09-Dec-21,148.17599487304688,149.60499572753906,147.5290069580078,148.1060028076172,18580000
08-Dec-21,148.3314971923828,149.156494140625,147.1999969482422,148.7205047607422,18964000
07-Dec-21,145.9499969482422,148.3000030517578,145.70249938964844,148.0364990234375,23258000
06-Dec-21,143.57400512695312,144.35150146484375,140.64700317382812,143.79649353027344,22198000
03-Dec-21,144.49549865722656,145.21299743652344,141.14999389648438,142.52049255371094,26688000
02-Dec-21,141.82400512695312,144.6750030517578,140.98199462890625,143.77650451660156,21250000
01-Dec-21,144.21249389648438,146.4991455078125,141.5,141.6179962158203,28476000
30-Nov-21,145.45025634765625,146.6284942626953,142.0659942626953,142.45199584960938,41590000
29-Nov-21,144.29849243164062,146.86199951171875,144.29849243164062,146.11399841308594,26276000
26-Nov-21,145.0155029296875,145.2969970703125,142.48550415039062,142.80599975585938,16992000
24-Nov-21,146.35000610351562,147.0,145.19900512695312,146.71749877929688,16464000
23-Nov-21,147.11300659179688,147.69400024414062,144.88949584960938,146.7570037841797,18126000
22-Nov-21,150.14175415039062,150.7445068359375,147.0054931640625,147.07850646972656,24608000
19-Nov-21,151.0,151.85000610351562,149.8874969482422,149.95249938964844,19766000
18-Nov-21,149.14599609375,151.61000061035156,148.99850463867188,150.70899963378906,26658000
17-Nov-21,149.22900390625,149.62600708007812,148.56300354003906,149.06199645996094,15290000
16-Nov-21,149.17050170898438,149.83250427246094,148.35000610351562,149.0760040283203,17254000
15-Nov-21,150.0,150.4770050048828,148.65249633789062,149.38800048828125,16248000
12-Nov-21,147.8314971923828,149.8594970703125,146.45399475097656,149.64549255371094,17048000
11-Nov-21,147.10699462890625,148.5022430419922,146.6945037841797,146.7480010986328,12464000
10-Nov-21,148.00975036621094,148.6999969482422,145.3249969482422,146.62600708007812,22708000
09-Nov-21,149.74600219726562,150.3784942626953,147.5070037841797,149.24850463867188,16876000
08-Nov-21,150.0,151.0345001220703,149.1199951171875,149.35150146484375,18388000
05-Nov-21,149.35350036621094,150.5707550048828,148.65199279785156,149.24099731445312,20408000
04-Nov-21,147.1999969482422,149.9499969482422,146.63499450683594,148.68299865722656,24700000
03-Nov-21,146.27499389648438,146.91050720214844,145.05349731445312,146.7899932861328,17886000
02-Nov-21,144.8094024658203,146.92050170898438,144.64100646972656,145.86300659179688,21150000
01-Nov-21,148.1649932861328,148.39950561523438,143.57949829101562,143.7740020751953,32272000
29-Oct-21,145.52000427246094,148.61300659179688,145.16650390625,148.27049255371094,28954000
28-Oct-21,147.2989959716797,147.42449951171875,144.7635040283203,146.12899780273438,32418000
27-Oct-21,139.90249633789062,149.1179962158203,139.90249633789062,146.42750549316406,51850000
26-Oct-21,140.6060028076172,140.83949279785156,139.0054931640625,139.6719970703125,28258000
25-Oct-21,138.8105010986328,139.20579528808594,136.74850463867188,138.7729949951172,21082000
22-Oct-21,140.3509979248047,141.55850219726562,137.17050170898438,138.625,30182000
21-Oct-21,142.19200134277344,142.84950256347656,141.63699340820312,142.78050231933594,14850000
20-Oct-21,144.22250366210938,144.2477569580078,141.91200256347656,142.4149932861328,17940000
19-Oct-21,143.29150390625,144.10699462890625,143.0959930419922,143.82200622558594,15316000
18-Oct-21,141.2135009765625,142.99874877929688,141.2135009765625,142.9604949951172,16564000
15-Oct-21,142.1999969482422,142.1999969482422,141.0644989013672,141.6750030517578,21250000
14-Oct-21,139.95199584960938,141.65150451660156,139.33900451660156,141.41200256347656,21426000
13-Oct-21,137.75,138.5500030517578,136.97650146484375,137.89999389648438,16380000
12-Oct-21,139.6374969482422,139.69500732421875,136.25,136.71299743652344,22536000
11-Oct-21,139.8000030517578,140.76365661621094,138.80650329589844,138.84750366210938,16584000
08-Oct-21,139.906005859375,140.31700134277344,139.42935180664062,140.05599975585938,18924000
07-Oct-21,138.86300659179688,140.15444946289062,138.56300354003906,139.1855010986328,18250000
06-Oct-21,134.62550354003906,137.8520050048828,134.4864959716797,137.35400390625,19764000
05-Oct-21,134.0,137.36199951171875,134.0,136.177001953125,24126000
04-Oct-21,135.69949340820312,135.6999969482422,131.16650390625,133.76499938964844,31530000
01-Oct-21,133.55450439453125,137.0709991455078,133.37750244140625,136.46249389648438,28388000
30-Sep-21,134.3249969482422,135.58999633789062,133.0,133.2655029296875,35294000
29-Sep-21,137.1096954345703,137.39849853515625,134.25,134.52099609375,26338000
28-Sep-21,139.0885009765625,139.60650634765625,135.6999969482422,136.1840057373047,42190000
27-Sep-21,141.5854949951172,142.5,140.5,141.50100708007812,18844000
24-Sep-21,140.9459991455078,142.90350341796875,140.85049438476562,142.63299560546875,14950000
23-Sep-21,141.6094970703125,142.25245666503906,141.09649658203125,141.82650756835938,17272000
22-Sep-21,140.05050659179688,141.58349609375,139.4717559814453,140.93850708007812,22068000
21-Sep-21,140.11700439453125,140.8115997314453,138.90550231933594,139.64649963378906,18130000
20-Sep-21,139.0001983642578,139.3625030517578,137.05299377441406,139.01699829101562,34918000
17-Sep-21,143.79849243164062,144.24949645996094,141.06149291992188,141.4635009765625,60040000
16-Sep-21,145.12100219726562,145.1999969482422,143.41635131835938,144.37350463867188,20292000
15-Sep-21,143.75900268554688,145.5814971923828,142.25599670410156,145.20599365234375,20648000
14-Sep-21,144.16099548339844,144.7274932861328,142.90550231933594,143.406005859375,18916000
13-Sep-21,143.2010040283203,144.1909942626953,142.28250122070312,143.46499633789062,20176000
10-Sep-21,145.44349670410156,146.0189971923828,141.7415008544922,141.92100524902344,32896000
09-Sep-21,144.8834991455078,145.66949462890625,144.4340057373047,144.9134979248047,14798000
08-Sep-21,145.39349365234375,145.55099487304688,144.1999969482422,144.8834991455078,15486000
07-Sep-21,144.74949645996094,145.82400512695312,144.54100036621094,145.5189971923828,15170000
03-Sep-21,144.14599609375,145.3769989013672,143.5050048828125,144.77499389648438,19104000
02-Sep-21,145.94949340820312,146.3249969482422,144.10650634765625,144.218994140625,21844000
01-Sep-21,145.64999389648438,146.82049560546875,145.614501953125,145.8419952392578,15824000
31-Aug-21,145.88450622558594,146.11199951171875,145.0,145.46200561523438,26756000
30-Aug-21,144.70449829101562,146.489501953125,144.60000610351562,145.46949768066406,16916000
27-Aug-21,142.1125030517578,145.01100158691406,142.02000427246094,144.55050659179688,24562000
26-Aug-21,142.61849975585938,143.13479614257812,142.0915069580078,142.1230010986328,14922000
25-Aug-21,142.88299560546875,143.31300354003906,142.4394989013672,142.9499969482422,12838000
24-Aug-21,141.5435028076172,143.00750732421875,141.35350036621094,142.39849853515625,15126000
23-Aug-21,138.99850463867188,142.177001953125,138.74795532226562,141.09950256347656,21090000
20-Aug-21,137.08299255371094,138.614501953125,136.4669952392578,138.43699645996094,15564000
19-Aug-21,135.46749877929688,137.45199584960938,135.3560028076172,136.9134979248047,18296000
18-Aug-21,137.11549377441406,138.29400634765625,136.42100524902344,136.57000732421875,14934000
17-Aug-21,138.1909942626953,138.718505859375,136.78750610351562,137.30050659179688,21272000
16-Aug-21,138.0,138.99049377441406,136.16575622558594,138.91600036621094,18040000
13-Aug-21,138.3574981689453,138.6739959716797,138.0050048828125,138.406005859375,12580000
12-Aug-21,137.71299743652344,138.41799926757812,136.7790069580078,138.38949584960938,14646000
11-Aug-21,138.2830047607422,138.84774780273438,137.35000610351562,137.6894989013672,15204000
10-Aug-21,138.07949829101562,138.55149841308594,137.22650146484375,138.09649658203125,16034000
09-Aug-21,136.94900512695312,138.32150268554688,136.4287567138672,138.0019989013672,12374000
06-Aug-21,136.2949981689453,137.08004760742188,136.04649353027344,137.03599548339844,13560000
05-Aug-21,136.02850341796875,136.9499969482422,135.60000610351562,136.94000244140625,11866000
04-Aug-21,136.24949645996094,136.53799438476562,135.4149932861328,136.02850341796875,16528000
03-Aug-21,136.0,136.3354949951172,134.18350219726562,136.27999877929688,19064000
02-Aug-21,135.4844970703125,136.02049255371094,134.66949462890625,135.989501953125,20140000
30-Jul-21,135.51100158691406,135.77134704589844,134.81419372558594,135.2209930419922,23954000
29-Jul-21,136.38059997558594,137.15150451660156,136.13800048828125,136.54049682617188,19284000
28-Jul-21,138.56199645996094,139.67599487304688,136.35000610351562,136.38150024414062,54688000
27-Jul-21,140.01100158691406,140.01100158691406,135.10000610351562,136.79649353027344,42164000
26-Jul-21,138.25,139.71299743652344,137.6510009765625,139.64450073242188,23052000
23-Jul-21,135.25999450683594,138.80850219726562,134.70050048828125,137.8159942626953,26378000
22-Jul-21,132.64999389648438,133.50450134277344,132.39999389648438,133.32850646972656,13608000
21-Jul-21,130.78700256347656,132.61724853515625,130.60150146484375,132.60049438476562,14742000
20-Jul-21,130.00399780273438,132.0013427734375,129.1884002685547,131.10150146484375,19084000
19-Jul-21,131.15550231933594,131.2469940185547,128.53700256347656,129.25399780273438,25710000
16-Jul-21,131.64100646972656,132.18299865722656,130.82150268554688,131.8455047607422,14856000
15-Jul-21,132.5,132.59500122070312,130.59800720214844,131.26649475097656,16586000
14-Jul-21,131.90150451660156,132.99600219726562,131.8979949951172,132.08250427246094,17912000
13-Jul-21,130.88150024414062,132.04200744628906,130.63699340820312,130.9945068359375,16618000
12-Jul-21,129.83349609375,130.77000427246094,129.60000610351562,130.56399536132812,16944000
09-Jul-21,128.9445037841797,129.84950256347656,128.94349670410156,129.57449340820312,15106000
08-Jul-21,128.25,130.03250122070312,128.0399932861328,129.177001953125,19780000
07-Jul-21,130.34100341796875,130.639892578125,129.75999450683594,130.07749938964844,16680000
06-Jul-21,129.44949340820312,129.88450622558594,128.40899658203125,129.77099609375,21350000
02-Jul-21,126.8395004272461,128.84800720214844,126.76899719238281,128.718994140625,21160000
01-Jul-21,124.84974670410156,126.4625015258789,124.84974670410156,126.36849975585938,17120000
30-Jun-21,125.65354919433594,125.80000305175781,124.75749969482422,125.31600189208984,24006000
29-Jun-21,126.77249908447266,127.0,125.43699645996094,126.01850128173828,20950000
28-Jun-21,127.0,127.33699798583984,125.97380065917969,126.81950378417969,28110000
25-Jun-21,126.95700073242188,127.50499725341797,126.44400024414062,126.99500274658203,33484000
24-Jun-21,127.05349731445312,127.5354995727539,126.95999908447266,127.28199768066406,18934000
23-Jun-21,126.55000305175781,127.7959976196289,126.25199890136719,126.46150207519531,19694000
22-Jun-21,126.44999694824219,127.2699966430664,126.02649688720703,126.99949645996094,20984000
21-Jun-21,125.73999786376953,127.03675079345703,125.13424682617188,126.45500183105469,26256000
18-Jun-21,125.70549774169922,126.38899993896484,124.60299682617188,125.56749725341797,53306000
17-Jun-21,125.52300262451172,127.19650268554688,125.51499938964844,126.37100219726562,25756000
16-Jun-21,126.24749755859375,126.52349853515625,124.14994812011719,125.69650268554688,26316000
15-Jun-21,126.52200317382812,126.86199951171875,125.64849853515625,126.03299713134766,22182000
14-Jun-21,125.66950225830078,126.4114990234375,125.0469970703125,126.35199737548828,22550000
11-Jun-21,126.24600219726562,126.34950256347656,124.91449737548828,125.69650268554688,25240000
10-Jun-21,124.70050048828125,126.16300201416016,124.69999694824219,126.08000183105469,31234000
09-Jun-21,124.9749984741211,125.25,124.36650085449219,124.56999969482422,20126000
08-Jun-21,123.99500274658203,124.72474670410156,123.41200256347656,124.14250183105469,25060000
07-Jun-21,122.56600189208984,123.4000015258789,122.05364990234375,123.30449676513672,23850000
04-Jun-21,121.1259994506836,122.69294738769531,120.88849639892578,122.58799743652344,25948000
03-Jun-21,119.7509994506836,120.48725128173828,119.1415023803711,120.23049926757812,18346000
02-Jun-21,121.7655029296875,122.0999984741211,120.20999908447266,121.06400299072266,17158000
01-Jun-21,121.0999984741211,121.89855194091797,120.24400329589844,121.4905014038086,19166000
28-May-21,121.0979995727539,121.40699768066406,120.3844985961914,120.5780029296875,24108000
27-May-21,121.84700012207031,122.0,120.0999984741211,120.12550354003906,38962000
26-May-21,120.6417465209961,122.14720153808594,120.62574768066406,121.67649841308594,21856000
25-May-21,121.0,121.64450073242188,120.14949798583984,120.45349884033203,18838000
24-May-21,118.3499984741211,120.92400360107422,118.00550079345703,120.33350372314453,21244000
21-May-21,118.29949951171875,118.44999694824219,117.11849975585938,117.25499725341797,22832000
20-May-21,116.4020004272461,118.01699829101562,116.05449676513672,117.80449676513672,23832000
19-May-21,113.22000122070312,115.83799743652344,113.1760025024414,115.43550109863281,19350000
18-May-21,116.84529876708984,117.15750122070312,115.15799713134766,115.17150115966797,17302000
17-May-21,115.46600341796875,116.16699981689453,114.75,116.07050323486328,19842000
14-May-21,114.59149932861328,116.05699920654297,114.16600036621094,115.80799865722656,26624000
13-May-21,113.05449676513672,113.83004760742188,112.13600158691406,113.09850311279297,26670000
12-May-21,113.08550262451172,114.26850128173828,111.50250244140625,111.9540023803711,34934000
11-May-21,114.59300231933594,116.0999984741211,114.1500015258789,115.43800354003906,32110000
10-May-21,118.74449920654297,118.9000015258789,116.73650360107422,117.08300018310547,26006000
07-May-21,120.0,120.82050323486328,119.5,119.93450164794922,23272000
06-May-21,117.53199768066406,119.135498046875,117.11689758300781,119.06749725341797,20618000
05-May-21,118.4209976196289,119.11000061035156,117.57050323486328,117.83699798583984,21806000
04-May-21,118.48699951171875,118.96299743652344,115.58499908447266,117.7125015258789,35120000
03-May-21,120.13600158691406,120.98500061035156,119.2249984741211,119.75849914550781,33788000
30-Apr-21,120.22450256347656,121.35700225830078,120.10800170898438,120.50599670410156,39142000
29-Apr-21,120.5165023803711,121.82599639892578,120.11399841308594,121.49449920654297,39554000
28-Apr-21,120.35724639892578,122.618896484375,118.74250030517578,118.99549865722656,59728000
27-Apr-21,116.80000305175781,116.87249755859375,115.2135009765625,115.35600280761719,31972000
26-Apr-21,115.99649810791016,117.06300354003906,115.69200134277344,116.33699798583984,20834000
23-Apr-21,114.17350006103516,116.29100036621094,113.9104995727539,115.76499938964844,28670000
22-Apr-21,114.6614990234375,115.18810272216797,112.82250213623047,113.39600372314453,21096000
21-Apr-21,114.26249694824219,114.76599884033203,112.92849731445312,114.66449737548828,23930000
20-Apr-21,115.39450073242188,115.4800033569336,113.58550262451172,114.68150329589844,21774000
19-Apr-21,114.5989990234375,115.92250061035156,114.39225006103516,115.12000274658203,24688000
16-Apr-21,115.1500015258789,115.3219985961914,114.22250366210938,114.88800048828125,22596000
15-Apr-21,113.8489990234375,115.32984924316406,113.30000305175781,114.83300018310547,27472000
14-Apr-21,113.75800323486328,113.89949798583984,112.45950317382812,112.74199676513672,20220000
13-Apr-21,113.07350158691406,113.8604965209961,112.80449676513672,113.3635025024414,23310000
12-Apr-21,113.3125,113.76599884033203,111.92324829101562,112.739501953125,31318000
09-Apr-21,112.83499908447266,114.4520034790039,112.68569946289062,114.29399871826172,20888000
08-Apr-21,113.89800262451172,114.20024871826172,112.88400268554688,113.27200317382812,27166000
07-Apr-21,111.30650329589844,112.75,111.2665023803711,112.48400115966797,25798000
06-Apr-21,111.125,111.88300323486328,110.73999786376953,111.23750305175781,27060000
05-Apr-21,107.64700317382812,111.8655014038086,107.58100128173828,111.27749633789062,43298000
01-Apr-21,104.89749908447266,107.14700317382812,104.84449768066406,106.88749694824219,33980000
31-Mar-21,102.95600128173828,104.66635131835938,102.83724975585938,103.43150329589844,29198000
30-Mar-21,102.88150024414062,103.53900146484375,102.20149993896484,102.7770004272461,20732000
29-Mar-21,101.39399719238281,102.92150115966797,100.78099822998047,102.79750061035156,24596000
26-Mar-21,101.94300079345703,102.54949951171875,100.70099639892578,101.77749633789062,29870000
25-Mar-21,102.2405014038086,102.94349670410156,100.5364990234375,102.21800231933594,28378000
24-Mar-21,103.26850128173828,103.9104995727539,102.07775115966797,102.25299835205078,23080000
23-Mar-21,102.58499908447266,103.61509704589844,101.96099853515625,102.64800262451172,27340000
22-Mar-21,102.09200286865234,102.89949798583984,101.30349731445312,101.92949676513672,39096000
19-Mar-21,102.10250091552734,102.65499877929688,100.88400268554688,102.16000366210938,46298000
18-Mar-21,103.05000305175781,103.7750015258789,101.67749786376953,101.81099700927734,27228000
17-Mar-21,103.80149841308594,105.48899841308594,102.69999694824219,104.55400085449219,25980000
16-Mar-21,103.94950103759766,106.1780014038086,103.5,104.6259994506836,29832000
15-Mar-21,103.11499786376953,103.35299682617188,102.17549896240234,103.32450103759766,25962000
12-Mar-21,104.25,104.51300048828125,102.37750244140625,103.09600067138672,34516000
11-Mar-21,103.7030029296875,106.28500366210938,103.61900329589844,105.7385025024414,24782000
10-Mar-21,103.58799743652344,103.75,101.66850280761719,102.75150299072266,25372000
09-Mar-21,103.5,103.9020004272461,102.3915023803711,102.63500213623047,33946000
08-Mar-21,105.05650329589844,106.44049835205078,101.08049774169922,101.20850372314453,32948000
05-Mar-21,103.65599822998047,105.90550231933594,102.32074737548828,105.427001953125,43904000
04-Mar-21,101.16850280761719,104.46199798583984,101.01349639892578,102.45449829101562,42360000
03-Mar-21,103.3604965209961,104.4259033203125,100.5,101.33550262451172,29684000
02-Mar-21,103.80950164794922,105.21849822998047,103.56300354003906,103.79199981689453,22692000
01-Mar-21,102.82599639892578,104.32599639892578,102.30500030517578,104.07550048828125,28090000
26-Feb-21,102.5260009765625,103.55049896240234,100.8030014038086,101.84300231933594,41670000
25-Feb-21,103.37249755859375,104.74400329589844,101.06449890136719,101.56800079345703,36568000
24-Feb-21,102.09149932861328,105.03900146484375,101.90650177001953,104.75849914550781,24966000
23-Feb-21,101.25050354003906,104.10050201416016,100.10099792480469,103.54299926757812,33348000
22-Feb-21,103.3499984741211,104.57099914550781,103.10700225830078,103.24400329589844,27350000
19-Feb-21,105.9635009765625,106.52649688720703,104.87049865722656,105.05699920654297,29148000
18-Feb-21,105.51950073242188,106.63674926757812,105.18550109863281,105.86000061035156,22432000
17-Feb-21,105.0,106.68299865722656,104.94599914550781,106.41549682617188,21418000
16-Feb-21,105.21800231933594,107.63400268554688,105.21800231933594,106.09500122070312,22676000
12-Feb-21,104.51249694824219,105.44100189208984,104.15650177001953,105.20549774169922,17114000
11-Feb-21,104.97550201416016,105.10150146484375,103.86599731445312,104.79450225830078,18914000
10-Feb-21,104.71050262451172,105.41850280761719,103.15450286865234,104.76899719238281,22710000
09-Feb-21,103.927001953125,105.25650024414062,103.927001953125,104.17549896240234,17798000
08-Feb-21,105.29550170898438,106.17735290527344,103.5999984741211,104.64550018310547,24838000
05-Feb-21,103.5,105.12550354003906,102.96649932861328,104.9000015258789,30702000
04-Feb-21,103.44450378417969,103.92749786376953,102.12950134277344,103.11849975585938,37046000
03-Feb-21,103.6500015258789,105.82499694824219,100.91899871826172,103.50350189208984,82364000
02-Feb-21,96.12799835205078,97.78800201416016,95.72450256347656,96.37550354003906,45474000
01-Feb-21,92.67849731445312,96.11959838867188,92.54650115966797,95.06749725341797,32044000
29-Jan-21,92.30850219726562,92.86399841308594,90.51000213623047,91.78700256347656,32252000
28-Jan-21,92.1969985961914,94.94149780273438,92.13200378417969,93.15550231933594,35462000
27-Jan-21,94.12650299072266,94.5,90.44999694824219,91.53949737548828,54966000
26-Jan-21,94.44200134277344,96.25,94.21224975585938,95.86199951171875,26262000
25-Jan-21,96.03350067138672,96.47899627685547,93.37650299072266,94.97000122070312,38546000
22-Jan-21,94.78399658203125,95.54750061035156,94.08799743652344,95.05249786376953,25442000
21-Jan-21,94.9000015258789,96.74299621582031,94.35549926757812,94.5625,41278000
20-Jan-21,91.572998046875,95.18550109863281,91.27649688720703,94.34500122070312,49806000
19-Jan-21,87.61250305175781,90.46375274658203,87.072998046875,89.54299926757812,34692000
15-Jan-21,86.90950012207031,87.80000305175781,86.07749938964844,86.80950164794922,26844000
14-Jan-21,87.68099975585938,88.75050354003906,86.66999816894531,87.00900268554688,23590000
13-Jan-21,86.92900085449219,88.25174713134766,86.90049743652344,87.72000122070312,21882000
12-Jan-21,87.69599914550781,88.9020004272461,86.2655029296875,87.32749938964844,27140000
11-Jan-21,89.30349731445312,89.71575164794922,88.0260009765625,88.33599853515625,24194000
08-Jan-21,89.39900207519531,90.49199676513672,88.67675018310547,90.3604965209961,41012000
07-Jan-21,87.00299835205078,89.41999816894531,86.85250091552734,89.36250305175781,45300000
06-Jan-21,85.13150024414062,87.4000015258789,84.94999694824219,86.7645034790039,52042000
05-Jan-21,86.25,87.38349914550781,85.90074920654297,87.0459976196289,22906000
04-Jan-21,87.87699890136719,88.03250122070312,85.39250183105469,86.41200256347656,38038000
31-Dec-20,86.77100372314453,87.94650268554688,86.77100372314453,87.59400177001953,20238000
30-Dec-20,88.10050201416016,88.25475311279297,86.27999877929688,86.97599792480469,26122000
29-Dec-20,89.3895034790039,89.62200164794922,87.80449676513672,87.93599700927734,25988000
28-Dec-20,87.58174896240234,89.5363998413086,87.3167495727539,88.80449676513672,27860000
24-Dec-20,86.75,87.30000305175781,86.45549774169922,86.94249725341797,6936000
23-Dec-20,86.40550231933594,87.39949798583984,86.25199890136719,86.61900329589844,20676000
22-Dec-20,86.72149658203125,86.87024688720703,85.62875366210938,86.17500305175781,18734000
21-Dec-20,85.67549896240234,87.0425033569336,84.94999694824219,86.96849822998047,36568000
18-Dec-20,87.70899963378906,87.75550079345703,86.01100158691406,86.55049896240234,80328000
17-Dec-20,88.42549896240234,88.58920288085938,86.93299865722656,87.3949966430664,32494000
16-Dec-20,88.64399719238281,88.6500015258789,87.80400085449219,88.1500015258789,30270000
15-Dec-20,88.22100067138672,88.57099914550781,87.49749755859375,88.38849639892578,29646000
14-Dec-20,88.75,89.86949920654297,87.86074829101562,88.00299835205078,32004000
11-Dec-20,88.15299987792969,89.22250366210938,88.0,89.0885009765625,24414000
10-Dec-20,88.48999786376953,89.06549835205078,87.01599884033203,88.7665023803711,27256000
09-Dec-20,90.60050201416016,91.7135009765625,88.3905029296875,89.20649719238281,30152000
08-Dec-20,90.50499725341797,91.09500122070312,89.81024932861328,90.92749786376953,21926000
07-Dec-20,90.94999694824219,91.61849975585938,90.28900146484375,90.9739990234375,26418000
04-Dec-20,91.22599792480469,91.65799713134766,90.84950256347656,91.39949798583984,27564000
03-Dec-20,91.20050048828125,92.36000061035156,91.13249969482422,91.3385009765625,24546000
02-Dec-20,89.90499877929688,91.78250122070312,89.47364807128906,91.39749908447266,24440000
01-Dec-20,88.71849822998047,91.24150085449219,88.46849822998047,89.90499877929688,34738000
30-Nov-20,89.05919647216797,89.40325164794922,87.75,88.03700256347656,36476000
27-Nov-20,88.65450286865234,90.19999694824219,88.62200164794922,89.65950012207031,17698000
25-Nov-20,88.64450073242188,88.927001953125,87.8270034790039,88.57150268554688,20916000
24-Nov-20,86.5250015258789,88.58000183105469,86.3844985961914,88.44400024414062,31560000
23-Nov-20,87.4800033569336,87.69499969482422,85.88600158691406,86.74299621582031,43232000
20-Nov-20,88.260498046875,88.69999694824219,87.09300231933594,87.1094970703125,46270000
19-Nov-20,86.91899871826172,88.47949981689453,86.85025024414062,88.19599914550781,24998000
18-Nov-20,88.2614974975586,88.67350006103516,87.30699920654297,87.33899688720703,23470000
17-Nov-20,88.84700012207031,89.25,88.3499984741211,88.50749969482422,22942000
16-Nov-20,88.58499908447266,89.95349884033203,88.3844985961914,89.06900024414062,24936000
13-Nov-20,87.88150024414062,89.052001953125,87.22750091552734,88.85099792480469,29998000
12-Nov-20,87.38150024414062,88.41349792480469,87.27999877929688,87.49199676513672,24950000
11-Nov-20,87.5,88.21099853515625,87.36824798583984,87.635498046875,25280000
10-Nov-20,86.55449676513672,88.1500015258789,85.86499786376953,87.01950073242188,52722000
09-Nov-20,89.54499816894531,90.90299987792969,88.0009994506836,88.1500015258789,45366000
06-Nov-20,87.69750213623047,88.62149810791016,87.01750183105469,88.0875015258789,33218000
05-Nov-20,89.05000305175781,89.68199920654297,87.52549743652344,88.16850280761719,41316000
04-Nov-20,85.51399993896484,88.56825256347656,85.30149841308594,87.45649719238281,71418000
03-Nov-20,81.58899688720703,83.08499908447266,80.83100128173828,82.510498046875,33234000
02-Nov-20,81.40799713134766,83.03849792480469,80.80149841308594,81.30149841308594,50708000
30-Oct-20,83.60549926757812,84.3499984741211,80.2229995727539,81.05049896240234,86582000
29-Oct-20,76.11799621582031,79.68550109863281,76.11199951171875,78.36199951171875,40062000
28-Oct-20,77.98699951171875,78.06749725341797,75.73100280761719,75.83100128173828,36680000
27-Oct-20,79.78350067138672,80.34224700927734,79.13899993896484,80.21299743652344,24580000
26-Oct-20,81.25050354003906,81.91200256347656,78.82499694824219,79.52249908447266,37066000
23-Oct-20,81.30349731445312,82.11799621582031,81.02549743652344,82.05000305175781,27516000
22-Oct-20,79.65249633789062,81.09950256347656,79.25,80.7665023803711,28672000
21-Oct-20,78.66649627685547,80.9365005493164,78.58149719238281,79.66549682617188,51366000
20-Oct-20,76.35250091552734,78.875,76.28350067138672,77.79650115966797,44834000
19-Oct-20,79.02300262451172,79.40750122070312,76.4000015258789,76.73049926757812,32142000
16-Oct-20,78.2925033569336,79.05650329589844,78.1500015258789,78.65049743652344,28694000
15-Oct-20,77.35749816894531,78.7552490234375,77.25150299072266,77.95649719238281,30800000
14-Oct-20,78.92949676513672,79.38420104980469,77.52649688720703,78.40399932861328,38586000
13-Oct-20,79.1865005493164,79.5,78.16000366210938,78.58399963378906,32020000
12-Oct-20,77.1500015258789,79.69300079345703,76.62850189208984,78.4574966430664,49652000
09-Oct-20,74.73500061035156,75.82599639892578,74.47250366210938,75.76100158691406,28706000
08-Oct-20,73.25450134277344,74.5,73.25450134277344,74.29650115966797,23756000
07-Oct-20,73.2145004272461,73.447998046875,71.80000305175781,73.0145034790039,34924000
06-Oct-20,73.77899932861328,74.33799743652344,72.42949676513672,72.6719970703125,24908000
05-Oct-20,73.31050109863281,74.4104995727539,73.2135009765625,74.3010025024414,22266000
02-Oct-20,73.10150146484375,74.16000366210938,72.5459976196289,72.9209976196289,25682000
01-Oct-20,74.2135009765625,74.9520034790039,73.96050262451172,74.50450134277344,35590000
30-Sep-20,73.33999633789062,74.48750305175781,72.99400329589844,73.4800033569336,34032000
29-Sep-20,73.51950073242188,73.8331527709961,72.94024658203125,73.46649932861328,19564000
28-Sep-20,73.71050262451172,73.83999633789062,72.46504974365234,73.22599792480469,40158000
25-Sep-20,71.63150024414062,72.5,70.66699981689453,72.24800109863281,26460000
24-Sep-20,70.55149841308594,72.1854476928711,70.49250030517578,71.41449737548828,29004000
23-Sep-20,72.93900299072266,73.0479965209961,70.38500213623047,70.760498046875,33148000
22-Sep-20,72.50450134277344,73.47599792480469,71.72650146484375,73.27300262451172,31664000
21-Sep-20,72.00299835205078,72.41799926757812,70.32749938964844,71.55799865722656,57776000
18-Sep-20,74.90049743652344,75.150146484375,71.85649871826172,72.99949645996094,62078000
17-Sep-20,74.80000305175781,75.41490173339844,73.5,74.77649688720703,37596000
16-Sep-20,77.7770004272461,78.0999984741211,75.99099731445312,76.04499816894531,26234000
15-Sep-20,76.80000305175781,77.97850036621094,76.59175109863281,77.0719985961914,26622000
14-Sep-20,76.95024871826172,78.19999694824219,75.78700256347656,75.96399688720703,33932000
11-Sep-20,76.80000305175781,78.76000213623047,74.86799621582031,76.03600311279297,31942000
10-Sep-20,78.03199768066406,79.20404815673828,76.29025268554688,76.60099792480469,32372000
09-Sep-20,77.87650299072266,78.44999694824219,76.80255126953125,77.8479995727539,35494000
08-Sep-20,76.67549896240234,78.19325256347656,76.40049743652344,76.61949920654297,52218000
04-Sep-20,81.21299743652344,82.25550079345703,77.38065338134766,79.552001953125,52172000
03-Sep-20,85.48570251464844,85.48570251464844,80.75299835205078,82.09200286865234,62156000
02-Sep-20,83.68875122070312,86.65899658203125,83.31649780273438,86.41400146484375,50224000
01-Sep-20,81.83149719238281,83.2864990234375,81.61100006103516,83.0354995727539,36506000
31-Aug-20,82.39450073242188,82.39824676513672,81.5155029296875,81.70899963378906,36468000
28-Aug-20,81.67449951171875,82.3584976196289,81.5374984741211,82.22049713134766,29980000
27-Aug-20,82.68399810791016,82.75,81.2874984741211,81.71649932861328,37232000
26-Aug-20,80.4000015258789,82.96099853515625,80.18000030517578,82.61900329589844,79868000
25-Aug-20,79.10350036621094,80.58100128173828,79.10350036621094,80.41100311279297,44942000
24-Aug-20,79.6989974975586,80.70850372314453,79.02850341796875,79.41000366210938,28198000
21-Aug-20,78.85150146484375,79.88600158691406,78.40025329589844,79.02100372314453,28930000
20-Aug-20,77.17250061035156,79.29350280761719,76.91000366210938,79.0875015258789,34138000
19-Aug-20,77.66549682617188,78.68399810791016,77.19750213623047,77.37650299072266,33212000
18-Aug-20,76.30899810791016,78.12349700927734,76.18550109863281,77.93000030517578,40542000
17-Aug-20,75.7334976196289,76.28050231933594,75.39849853515625,75.89900207519531,27566000
14-Aug-20,75.78299713134766,76.09500122070312,75.14399719238281,75.3864974975586,27096000
13-Aug-20,75.51699829101562,76.86250305175781,75.40025329589844,75.92250061035156,29104000
12-Aug-20,74.27899932861328,75.61930084228516,74.26249694824219,75.33100128173828,28740000
11-Aug-20,74.62200164794922,75.5,73.9000015258789,74.01599884033203,29088000
10-Aug-20,74.35900115966797,75.20375061035156,73.65399932861328,74.80500030517578,25786000
07-Aug-20,75.0,75.84224700927734,74.08200073242188,74.72450256347656,31556000
06-Aug-20,73.5875015258789,75.11949920654297,73.30000305175781,75.00499725341797,39908000
05-Aug-20,73.46499633789062,74.12049865722656,73.1729965209961,73.68049621582031,39590000
04-Aug-20,73.82849884033203,74.27799987792969,72.93250274658203,73.24849700927734,38070000
03-Aug-20,74.33200073242188,74.52349853515625,73.28199768066406,73.72250366210938,46604000
31-Jul-20,75.25050354003906,75.44750213623047,72.70149993896484,74.14800262451172,68798000
30-Jul-20,74.8499984741211,76.89350128173828,74.61100006103516,76.57250213623047,33428000
29-Jul-20,75.31600189208984,76.5625991821289,75.06649780273438,76.10099792480469,22130000
28-Jul-20,76.25900268554688,76.3239974975586,74.88300323486328,75.01699829101562,34044000
27-Jul-20,75.77999877929688,77.04850006103516,75.760498046875,76.51000213623047,24920000
24-Jul-20,74.94650268554688,75.88179779052734,74.41999816894531,75.59349822998047,30880000
23-Jul-20,78.34850311279297,78.59349822998047,75.36959838867188,75.78399658203125,32552000
22-Jul-20,78.0250015258789,78.5,77.30500030517578,78.42449951171875,18640000
21-Jul-20,79.34950256347656,79.34950256347656,77.71399688720703,77.9209976196289,24324000
20-Jul-20,75.76300048828125,78.5145034790039,75.18000030517578,78.28600311279297,31146000
17-Jul-20,76.08100128173828,76.1719970703125,74.9209976196289,75.77749633789062,29134000
16-Jul-20,75.0,75.93450164794922,74.31549835205078,75.9000015258789,30386000
15-Jul-20,76.15650177001953,76.7665023803711,74.9000015258789,75.68199920654297,32214000
14-Jul-20,74.5155029296875,76.14749908447266,74.17500305175781,76.02899932861328,31700000
13-Jul-20,77.5,78.85659790039062,75.26215362548828,75.56700134277344,36928000
10-Jul-20,75.30750274658203,77.19149780273438,74.8270034790039,77.08699798583984,37126000
09-Jul-20,75.32250213623047,76.13600158691406,74.40425109863281,75.54949951171875,28466000
08-Jul-20,74.71600341796875,75.29399871826172,74.28150177001953,74.80000305175781,24994000
07-Jul-20,74.5,75.83999633789062,74.17749786376953,74.25900268554688,29164000
06-Jul-20,74.00299835205078,75.32949829101562,73.64299774169922,74.78500366210938,31280000
02-Jul-20,72.34700012207031,74.14749908447266,72.32099914550781,73.23500061035156,37182000
01-Jul-20,70.55500030517578,72.1500015258789,70.49099731445312,71.9020004272461,35504000
30-Jun-20,69.52200317382812,70.93250274658203,69.197998046875,70.68049621582031,40848000
29-Jun-20,67.90899658203125,69.77999877929688,67.35050201416016,69.74849700927734,36204000
26-Jun-20,71.56950378417969,71.67250061035156,67.59950256347656,67.99500274658203,85354000
25-Jun-20,71.49500274658203,72.1449966430664,71.0,72.06649780273438,24610000
24-Jun-20,73.07550048828125,73.77100372314453,71.48750305175781,71.59850311279297,35120000
23-Jun-20,72.78199768066406,73.79705047607422,72.26200103759766,73.22049713134766,28596000
22-Jun-20,71.44999694824219,72.63749694824219,71.1604995727539,72.59300231933594,30848000
19-Jun-20,72.19999694824219,72.38999938964844,71.06749725341797,71.58599853515625,63158000
18-Jun-20,72.45800018310547,72.57050323486328,71.35050201416016,71.7979965209961,31638000
17-Jun-20,72.35800170898438,73.0,71.56900024414062,72.55599975585938,30992000
16-Jun-20,72.26100158691406,72.7509994506836,71.29499816894531,72.13600158691406,34184000
15-Jun-20,69.54000091552734,71.23999786376953,69.39600372314453,70.99250030517578,30078000
12-Jun-20,71.42449951171875,71.8499984741211,69.3010025024414,70.65899658203125,38928000
11-Jun-20,72.1240005493164,72.72374725341797,70.0999984741211,70.19200134277344,39826000
10-Jun-20,72.97699737548828,73.71295166015625,72.8134994506836,73.2925033569336,30504000
09-Jun-20,72.26799774169922,73.4000015258789,72.1604995727539,72.80799865722656,28184000
08-Jun-20,71.11699676513672,72.39949798583984,71.11699676513672,72.33049774169922,28084000
05-Jun-20,70.65850067138672,72.25250244140625,70.30000305175781,71.91950225830078,34698000
04-Jun-20,71.5199966430664,71.947998046875,70.23650360107422,70.60900115966797,29686000
03-Jun-20,71.91500091552734,72.32759857177734,71.48885345458984,71.81900024414062,25124000
02-Jun-20,71.52749633789062,71.98049926757812,70.94149780273438,71.96099853515625,25562000
01-Jun-20,70.91950225830078,71.89800262451172,70.9000015258789,71.59100341796875,24342000
29-May-20,70.84700012207031,71.62850189208984,70.6675033569336,71.44599914550781,36418000
28-May-20,69.84300231933594,72.04199981689453,69.80000305175781,70.83650207519531,33844000
27-May-20,70.86250305175781,71.08699798583984,69.56449890136719,70.89199829101562,33716000
26-May-20,71.8635025024414,72.05000305175781,70.60649871826172,70.85099792480469,41212000
22-May-20,69.83550262451172,70.63800048828125,69.59149932861328,70.52100372314453,26188000
21-May-20,70.4000015258789,70.77449798583984,69.67250061035156,70.13999938964844,27700000
20-May-20,69.47899627685547,70.52100372314453,69.36250305175781,70.33599853515625,33108000
19-May-20,69.349853515625,69.5999984741211,68.67424774169922,68.67424774169922,25612000
18-May-20,68.0875015258789,69.61624908447266,67.7125015258789,69.1969985961914,36448000
15-May-20,67.5,68.7239990234375,66.94999694824219,68.65950012207031,34154000
14-May-20,66.7509994506836,67.87100219726562,66.19550323486328,67.80650329589844,32062000
13-May-20,68.85250091552734,69.27410125732422,66.41999816894531,67.46649932861328,36252000
12-May-20,70.35600280761719,70.75,68.7385025024414,68.78700256347656,27812000
11-May-20,68.91400146484375,70.82649993896484,68.85759735107422,70.16300201416016,28242000
08-May-20,69.15650177001953,69.93800354003906,68.77400207519531,69.41850280761719,27738000
07-May-20,68.2969970703125,68.87999725341797,67.76349639892578,68.62799835205078,27952000
06-May-20,68.08450317382812,68.55599975585938,67.364501953125,67.36499786376953,24308000
05-May-20,66.89600372314453,68.6969985961914,66.87300109863281,67.55549621582031,33030000
04-May-20,65.4114990234375,66.38300323486328,64.94999694824219,66.33999633789062,30080000
01-May-20,66.42500305175781,67.60350036621094,65.55000305175781,66.03050231933594,41450000
30-Apr-20,66.24400329589844,67.64099884033203,66.12449645996094,67.43299865722656,53378000
29-Apr-20,67.072998046875,67.99949645996094,66.26699829101562,67.0739974975586,75872000
28-Apr-20,64.39649963378906,64.40249633789062,61.61000061035156,61.68349838256836,59026000
27-Apr-20,64.80000305175781,64.80750274658203,63.45000076293945,63.79399871826172,32012000
24-Apr-20,63.05849838256836,64.0199966430664,62.47249984741211,63.96549987792969,32792000
23-Apr-20,63.57749938964844,64.66549682617188,63.28350067138672,63.81549835205078,31324000
22-Apr-20,62.277000427246094,64.28064727783203,62.099998474121094,63.160499572753906,41848000
21-Apr-20,62.349998474121094,62.7135009765625,60.48550033569336,60.81700134277344,43060000
20-Apr-20,63.54999923706055,64.08000183105469,63.06850051879883,63.330501556396484,33910000
17-Apr-20,64.24250030517578,64.72149658203125,63.561500549316406,64.1624984741211,38980000
16-Apr-20,63.70500183105469,63.95000076293945,62.13100051879883,63.173500061035156,50362000
15-Apr-20,62.28049850463867,64.02300262451172,62.02000045776367,63.12350082397461,33434000
14-Apr-20,62.25450134277344,64.10350036621094,61.846500396728516,63.46149826049805,49408000
13-Apr-20,60.45899963378906,61.0255012512207,59.37990188598633,60.87799835205078,34796000
09-Apr-20,61.20399856567383,61.278499603271484,59.83675003051758,60.5724983215332,43508000
08-Apr-20,60.32500076293945,60.95349884033203,59.40800094604492,60.513999938964844,39502000
07-Apr-20,61.04999923706055,61.25,59.11149978637695,59.32550048828125,47746000
06-Apr-20,56.900001525878906,59.733001708984375,56.547000885009766,59.34600067138672,53294000
03-Apr-20,55.950748443603516,56.176998138427734,53.990501403808594,54.89400100708008,46268000
02-Apr-20,54.91299819946289,56.34299850463867,54.81999969482422,56.04199981689453,39298000
01-Apr-20,56.099998474121094,56.484500885009766,54.872501373291016,55.28099822998047,46884000
31-Mar-20,57.3650016784668,58.765499114990234,56.90700149536133,58.140499114990234,49728000
30-Mar-20,56.25199890136719,57.58150100708008,54.82400131225586,57.340999603271484,51482000
27-Mar-20,56.28350067138672,57.53350067138672,55.295501708984375,55.535499572753906,64170000
26-Mar-20,55.59000015258789,58.49850082397461,54.67649841308594,58.087501525878906,71434000
25-Mar-20,56.32350158691406,57.44499969482422,54.300498962402344,55.1245002746582,81630000
24-Mar-20,55.188499450683594,56.75,54.53099822998047,56.722999572753906,66890000
23-Mar-20,53.066001892089844,53.566001892089844,50.67679977416992,52.83100128173828,80882000
20-Mar-20,56.7859992980957,57.199501037597656,53.27450180053711,53.61600112915039,72036000
19-Mar-20,54.65250015258789,57.89849853515625,53.005401611328125,55.76449966430664,73022000
18-Mar-20,52.82550048828125,55.32500076293945,51.86399841308594,54.84000015258789,84668000
17-Mar-20,54.65549850463867,56.542999267578125,52.800498962402344,55.9900016784668,77230000
16-Mar-20,54.79999923706055,57.61334991455078,53.72200012207031,54.21649932861328,85048000
13-Mar-20,58.95000076293945,60.987998962402344,55.85715103149414,60.98649978637695,74002000
12-Mar-20,56.29999923706055,59.69350051879883,55.665000915527344,55.74549865722656,84534000
11-Mar-20,62.48500061035156,63.04800033569336,59.80350112915039,60.77050018310547,52170000
10-Mar-20,63.0,64.05750274658203,60.938499450683594,64.01950073242188,52228000
09-Mar-20,60.26499938964844,62.737998962402344,60.0,60.77799987792969,67308000
06-Mar-20,63.85300064086914,65.31099700927734,63.0525016784668,64.92050170898438,53212000
05-Mar-20,67.51000213623047,67.94550323486328,65.25499725341797,65.9520034790039,51226000
04-Mar-20,67.96150207519531,69.40450286865234,67.15550231933594,69.32599639892578,38266000
03-Mar-20,69.97100067138672,70.50749969482422,66.5999984741211,67.06950378417969,48046000
02-Mar-20,67.58049774169922,69.54350280761719,66.34075164794922,69.45549774169922,48630000
28-Feb-20,63.875,67.05699920654297,63.54999923706055,66.96649932861328,75782000
27-Feb-20,68.10299682617188,68.58519744873047,65.8584976196289,65.90450286865234,59566000
26-Feb-20,69.80699920654297,70.78500366210938,68.94999694824219,69.65899658203125,44048000
25-Feb-20,71.6500015258789,71.90699768066406,69.12000274658203,69.42250061035156,49566000
24-Feb-20,71.30549621582031,71.84850311279297,70.56950378417969,71.07949829101562,57342000
21-Feb-20,75.40149688720703,75.61074829101562,74.02200317382812,74.25550079345703,34634000
20-Feb-20,76.0999984741211,76.48200225830078,75.34100341796875,75.90750122070312,21932000
19-Feb-20,76.25350189208984,76.60530090332031,76.06999969482422,76.33450317382812,18986000
18-Feb-20,75.75,76.58149719238281,75.62950134277344,75.9834976196289,22414000
14-Feb-20,75.77999877929688,76.03700256347656,75.36699676513672,76.03700256347656,23956000
13-Feb-20,75.6344985961914,76.35900115966797,75.2300033569336,75.73300170898438,18590000
12-Feb-20,75.7239990234375,76.03475189208984,75.40550231933594,75.91349792480469,23352000
11-Feb-20,75.59049987792969,76.48149871826172,75.28189849853516,75.43949890136719,26892000
10-Feb-20,73.71600341796875,75.4749984741211,73.71600341796875,75.43399810791016,28398000
07-Feb-20,73.36499786376953,74.29199981689453,73.31749725341797,73.96150207519531,23446000
06-Feb-20,72.5165023803711,74.0999984741211,72.47850036621094,73.8115005493164,33588000
05-Feb-20,73.12100219726562,73.19200134277344,71.52799987792969,72.4114990234375,39724000
04-Feb-20,72.85350036621094,73.4749984741211,71.31500244140625,72.35350036621094,78660000
03-Feb-20,73.0999984741211,74.5,72.94950103759766,74.2969970703125,60736000
31-Jan-20,73.44499969482422,73.50650024414062,71.42649841308594,71.71150207519531,48344000
30-Jan-20,71.99800109863281,72.86399841308594,71.81999969482422,72.79199981689453,26788000
29-Jan-20,72.94000244140625,73.27149963378906,72.33699798583984,72.93150329589844,21554000
28-Jan-20,72.1500015258789,72.80000305175781,71.62349700927734,72.62799835205078,31548000
27-Jan-20,71.55000305175781,71.90350341796875,71.05999755859375,71.69499969482422,35104000
24-Jan-20,74.67949676513672,74.77474975585938,73.26249694824219,73.33550262451172,35692000
23-Jan-20,74.38200378417969,74.7760009765625,74.1050033569336,74.3324966430664,27024000
22-Jan-20,74.55000305175781,75.16069793701172,74.24649810791016,74.29750061035156,32216000
21-Jan-20,73.95600128173828,74.59249877929688,73.55999755859375,74.22000122070312,40734000
17-Jan-20,73.14550018310547,74.06475067138672,72.91100311279297,74.01950073242188,47924000
16-Jan-20,72.37200164794922,72.59950256347656,72.0459976196289,72.58499908447266,23474000
15-Jan-20,71.510498046875,72.06974792480469,71.510498046875,71.95999908447266,25654000
14-Jan-20,71.95050048828125,72.08999633789062,71.41850280761719,71.54399871826172,31178000
13-Jan-20,71.80650329589844,72.0260009765625,71.3010025024414,71.96150207519531,33046000
10-Jan-20,71.37799835205078,71.74645233154297,70.9175033569336,71.48650360107422,36414000
09-Jan-20,71.02850341796875,71.36650085449219,70.51349639892578,70.99150085449219,30018000
08-Jan-20,69.60399627685547,70.5790023803711,69.54199981689453,70.21600341796875,30560000
07-Jan-20,69.89700317382812,70.14949798583984,69.51899719238281,69.66699981689453,30054000
06-Jan-20,67.5,69.82499694824219,67.5,69.71050262451172,34646000
03-Jan-20,67.39299774169922,68.625,67.2771987915039,68.03299713134766,23728000
02-Jan-20,67.07749938964844,68.40699768066406,67.07749938964844,68.36849975585938,28132000
31-Dec-19,66.50550079345703,66.9000015258789,66.4542465209961,66.85099792480469,19236000
30-Dec-19,67.5,67.6500015258789,66.70099639892578,66.80699920654297,21018000
27-Dec-19,68.14949798583984,68.22650146484375,67.46549987792969,67.59449768066406,20768000
26-Dec-19,67.30850219726562,68.06635284423828,67.22350311279297,68.0199966430664,13350000
24-Dec-19,67.42500305175781,67.51300048828125,67.13899993896484,67.1780014038086,6950000
23-Dec-19,67.79350280761719,67.98999786376953,67.32550048828125,67.44200134277344,17662000
20-Dec-19,68.1675033569336,68.18199920654297,67.44999694824219,67.47949981689453,66300000
19-Dec-19,67.59100341796875,67.90499877929688,67.44924926757812,67.802001953125,29398000
18-Dec-19,67.83000183105469,68.02349853515625,67.55000305175781,67.63099670410156,30452000
17-Dec-19,68.14450073242188,68.25,67.56614685058594,67.75599670410156,37080000
16-Dec-19,67.82499694824219,68.23400115966797,67.63349914550781,68.05850219726562,27946000
13-Dec-19,67.39749908447266,67.65464782714844,67.19349670410156,67.3915023803711,30992000
12-Dec-19,67.2969970703125,67.78874969482422,67.0250015258789,67.51349639892578,25620000
11-Dec-19,67.54199981689453,67.55999755859375,67.13349914550781,67.2509994506836,17008000
10-Dec-19,67.07499694824219,67.49874877929688,66.802001953125,67.23300170898438,21882000
09-Dec-19,66.9020004272461,67.97250366210938,66.89199829101562,67.1780014038086,27086000
06-Dec-19,66.6719970703125,67.19999694824219,66.6719970703125,67.03099822998047,26296000
05-Dec-19,66.4000015258789,66.46790313720703,65.8219985961914,66.40650177001953,24254000
04-Dec-19,65.35050201416016,66.29000091552734,65.24349975585938,66.0270004272461,30750000
03-Dec-19,63.97850036621094,64.92304992675781,63.95000076293945,64.76399993896484,22876000
02-Dec-19,65.05000305175781,65.29149627685547,64.05000305175781,64.49600219726562,30218000
29-Nov-19,65.35600280761719,65.51024627685547,65.19850158691406,65.24800109863281,11740000
27-Nov-19,65.75,65.91799926757812,65.48149871826172,65.64949798583984,19912000
26-Nov-19,65.49299621582031,65.73999786376953,65.25450134277344,65.67749786376953,21394000
25-Nov-19,64.95899963378906,65.56549835205078,64.90650177001953,65.33450317382812,20724000
22-Nov-19,65.28099822998047,65.4365005493164,64.57050323486328,64.76699829101562,27714000
21-Nov-19,65.0739974975586,65.62950134277344,64.6500015258789,65.06749725341797,19910000
20-Nov-19,65.58699798583984,65.75,64.55750274658203,65.15249633789062,26172000
19-Nov-19,66.38500213623047,66.38500213623047,65.63999938964844,65.77300262451172,25384000
18-Nov-19,66.61100006103516,66.77645111083984,65.875,66.03500366210938,29748000
15-Nov-19,65.9469985961914,66.74400329589844,65.71399688720703,66.74349975585938,35652000
14-Nov-19,64.875,65.8499984741211,64.78250122070312,65.572998046875,23870000
13-Nov-19,64.70349884033203,65.21499633789062,64.67549896240234,64.9000015258789,16534000
12-Nov-19,65.0,65.5,64.78849792480469,64.94000244140625,21718000
11-Nov-19,65.15899658203125,65.32125091552734,64.87049865722656,64.95950317382812,20238000
08-Nov-19,65.26399993896484,65.9000015258789,65.21824645996094,65.56849670410156,25028000
07-Nov-19,64.71399688720703,66.18699645996094,64.71224975585938,65.44300079345703,40600000
06-Nov-19,64.4729995727539,64.6865005493164,64.125,64.58999633789062,23060000
05-Nov-19,64.64450073242188,64.94650268554688,64.56144714355469,64.60150146484375,25654000
04-Nov-19,63.8224983215332,64.70649719238281,63.8177490234375,64.56849670410156,30020000
01-Nov-19,63.25,63.73099899291992,63.025001525878906,63.6870002746582,33402000
31-Oct-19,63.06399917602539,63.38349914550781,62.54214859008789,63.00550079345703,29114000
30-Oct-19,62.64849853515625,63.46799850463867,62.599998474121094,63.06449890136719,28178000
29-Oct-19,63.811500549316406,64.07949829101562,62.860599517822266,63.13100051879883,37728000
28-Oct-19,63.772499084472656,64.96549987792969,63.62699890136719,64.5,52264000
25-Oct-19,62.55149841308594,63.47999954223633,62.5004997253418,63.256500244140625,24262000
24-Oct-19,63.04499816894531,63.20000076293945,62.68574905395508,63.04949951171875,20562000
23-Oct-19,62.11800003051758,62.99449920654297,62.11800003051758,62.95650100708008,18230000
22-Oct-19,62.39250183105469,62.529998779296875,62.069000244140625,62.13999938964844,20476000
21-Oct-19,62.612998962402344,62.731449127197266,62.029998779296875,62.307498931884766,20544000
18-Oct-19,62.67300033569336,62.94449996948242,62.05400085449219,62.27450180053711,27056000
17-Oct-19,62.54650115966797,63.1662483215332,62.49700164794922,62.653499603271484,19048000
16-Oct-19,62.05849838256836,62.73699951171875,61.92250061035156,62.18199920654297,21892000
15-Oct-19,61.02000045776367,62.36650085449219,61.02000045776367,62.1505012512207,27634000
14-Oct-19,60.617000579833984,61.31650161743164,60.5880012512207,60.856998443603516,17350000
11-Oct-19,61.11050033569336,61.419498443603516,60.6870002746582,60.772499084472656,25454000
10-Oct-19,59.92900085449219,60.75,59.867000579833984,60.43349838256836,16932000
09-Oct-19,59.967498779296875,60.41749954223633,59.881500244140625,60.115501403808594,17354000
08-Oct-19,59.87950134277344,60.30400085449219,59.45050048828125,59.45650100708008,20786000
07-Oct-19,60.220001220703125,60.91019821166992,60.1875,60.38399887084961,16858000
04-Oct-19,59.59450149536133,60.571998596191406,59.458499908447266,60.45000076293945,23248000
03-Oct-19,59.0,59.452999114990234,58.121498107910156,59.39149856567383,32424000
02-Oct-19,59.8489990234375,59.8489990234375,58.56449890136719,58.83150100708008,32302000
01-Oct-19,60.95000076293945,61.561500549316406,60.17900085449219,60.255001068115234,25470000
30-Sep-19,61.048500061035156,61.29999923706055,60.6150016784668,60.95000076293945,28082000
27-Sep-19,62.1505012512207,62.20100021362305,60.72249984741211,61.25450134277344,27078000
26-Sep-19,62.097999572753906,62.25,61.613399505615234,62.06949996948242,30760000
25-Sep-19,60.79100036621094,62.415000915527344,60.50450134277344,62.32600021362305,29060000
24-Sep-19,62.0,62.33700180053711,60.534000396728516,60.9379997253418,31664000
23-Sep-19,61.29999923706055,61.954498291015625,61.208499908447266,61.701499938964844,21248000
20-Sep-19,61.65599822998047,62.16600036621094,61.15399932861328,61.496498107910156,45400000
19-Sep-19,61.60300064086914,62.22200012207031,61.60100173950195,61.93550109863281,19920000
18-Sep-19,61.3754997253418,61.78049850463867,60.826499938964844,61.62049865722656,22702000
17-Sep-19,61.52000045776367,61.75,61.18450164794922,61.45750045776367,19102000
16-Sep-19,61.47600173950195,61.97800064086914,61.28049850463867,61.564998626708984,21066000
13-Sep-19,61.567501068115234,62.04399871826172,61.35049819946289,61.97800064086914,26028000
12-Sep-19,61.21500015258789,62.09299850463867,61.1510009765625,61.712501525878906,34518000
11-Sep-19,60.170501708984375,61.130001068115234,60.11000061035156,61.00849914550781,26140000
10-Sep-19,59.75749969482422,60.5,59.729000091552734,60.29999923706055,25202000
09-Sep-19,60.20000076293945,61.0,59.63100051879883,60.22050094604492,29438000
06-Sep-19,60.40650177001953,60.60074996948242,60.1260986328125,60.246498107910156,21442000
05-Sep-19,59.576499938964844,60.652000427246094,59.576499938964844,60.569000244140625,28162000
04-Sep-19,58.83549880981445,59.17399978637695,58.54999923706055,59.070499420166016,21378000
03-Sep-19,58.85150146484375,59.34450149536133,58.15999984741211,58.419498443603516,29598000
30-Aug-19,59.92499923706055,59.92499923706055,59.19015121459961,59.404998779296875,22596000
29-Aug-19,59.055999755859375,59.803001403808594,59.055999755859375,59.64250183105469,21768000
28-Aug-19,58.08549880981445,58.82099914550781,57.8650016784668,58.55099868774414,16040000
27-Aug-19,59.0265007019043,59.119998931884766,58.0724983215332,58.391998291015625,21544000
26-Aug-19,57.862998962402344,58.4734992980957,57.64799880981445,58.44449996948242,24522000
23-Aug-19,59.0994987487793,59.70399856567383,57.38750076293945,57.56449890136719,33740000
22-Aug-19,59.70349884033203,59.90060043334961,58.92900085449219,59.47650146484375,18950000
21-Aug-19,59.657501220703125,59.95000076293945,59.371498107910156,59.5625,14814000
20-Aug-19,59.76250076293945,59.803001403808594,59.105499267578125,59.134498596191406,18310000
19-Aug-19,59.50450134277344,60.3494987487793,59.50450134277344,59.92250061035156,24632000
16-Aug-19,58.977500915527344,59.13600158691406,58.59049987792969,58.880001068115234,26266000
15-Aug-19,58.17499923706055,58.79199981689453,58.105499267578125,58.362998962402344,24374000
14-Aug-19,58.81549835205078,59.1150016784668,58.027000427246094,58.214500427246094,31574000
13-Aug-19,58.573001861572266,60.23899841308594,58.573001861572266,59.86349868774414,25888000
12-Aug-19,58.96049880981445,59.24800109863281,58.38359832763672,58.73550033569336,20060000
09-Aug-19,59.89950180053711,60.194000244140625,59.18014907836914,59.4005012512207,21314000
08-Aug-19,59.14149856567383,60.2504997253418,58.6510009765625,60.2400016784668,29360000
07-Aug-19,57.79999923706055,58.92224884033203,57.481201171875,58.699501037597656,28886000
06-Aug-19,58.16550064086914,58.99800109863281,58.0,58.497501373291016,34188000
05-Aug-19,58.50199890136719,58.762001037597656,57.00699996948242,57.61600112915039,51950000
02-Aug-19,60.0369987487793,60.345001220703125,59.446998596191406,59.699501037597656,32902000
01-Aug-19,60.701499938964844,61.705501556396484,60.2859992980957,60.45050048828125,33970000
31-Jul-19,61.150001525878906,61.70000076293945,60.38819885253906,60.83399963378906,34510000
30-Jul-19,61.27050018310547,61.743499755859375,61.165000915527344,61.25699996948242,29066000
29-Jul-19,62.0525016784668,62.368499755859375,61.4114990234375,61.97050094604492,44474000
26-Jul-19,61.20199966430664,63.27750015258789,61.20000076293945,62.52050018310547,96116000
25-Jul-19,56.89099884033203,57.084999084472656,56.04600143432617,56.60599899291992,44196000
24-Jul-19,56.595001220703125,57.20000076293945,56.3494987487793,56.890499114990234,31796000
23-Jul-19,57.20000076293945,57.345001220703125,56.59000015258789,57.31050109863281,21874000
22-Jul-19,56.67250061035156,56.962501525878906,56.21200180053711,56.903499603271484,26030000
19-Jul-19,57.40950012207031,57.55699920654297,56.48099899291992,56.505001068115234,32944000
18-Jul-19,57.08700180053711,57.3802490234375,56.63650131225586,57.31650161743164,25814000
17-Jul-19,57.548500061035156,57.917999267578125,57.28850173950195,57.317501068115234,23400000
16-Jul-19,57.29999923706055,57.92900085449219,57.25,57.67900085449219,24776000
15-Jul-19,57.34299850463867,57.54100036621094,56.970001220703125,57.516998291015625,18076000
12-Jul-19,57.199501037597656,57.367000579833984,56.93899917602539,57.244998931884766,17280000
11-Jul-19,57.162498474121094,57.653499603271484,56.979000091552734,57.21049880981445,23910000
10-Jul-19,56.56100082397461,57.102500915527344,56.548500061035156,57.02399826049805,24190000
09-Jul-19,55.59000015258789,56.401248931884766,55.35850143432617,56.24150085449219,26608000
08-Jul-19,56.25849914550781,56.29899978637695,55.56050109863281,55.817501068115234,24728000
05-Jul-19,55.88999938964844,56.64400100708008,55.80699920654297,56.579498291015625,25286000
03-Jul-19,55.87049865722656,56.3380012512207,55.69300079345703,56.07899856567383,15340000
02-Jul-19,55.11199951171875,55.5885009765625,54.90850067138672,55.5625,19832000
01-Jul-19,54.900001525878906,55.37900161743164,54.685150146484375,54.897499084472656,28726000
28-Jun-19,53.81949996948242,54.04999923706055,53.66849899291992,54.045501708984375,33864000
27-Jun-19,54.20000076293945,54.35499954223633,53.76449966430664,53.800498962402344,20086000
26-Jun-19,54.32500076293945,54.64849853515625,53.61199951171875,53.9900016784668,36218000
25-Jun-19,55.632999420166016,55.717498779296875,54.189998626708984,54.317501068115234,30938000
24-Jun-19,55.980499267578125,56.099998474121094,55.550498962402344,55.7760009765625,27912000
21-Jun-19,55.46200180053711,56.205501556396484,55.40399932861328,56.09400177001953,38952000
20-Jun-19,55.9995002746582,56.00600051879883,55.23699951171875,55.57099914550781,25240000
19-Jun-19,55.279998779296875,55.349998474121094,54.67399978637695,55.11650085449219,26776000
18-Jun-19,55.484500885009766,55.81949996948242,54.949501037597656,55.18000030517578,27734000
17-Jun-19,54.31399917602539,54.95899963378906,54.31399917602539,54.625,18832000
14-Jun-19,54.32099914550781,54.634498596191406,54.00859832763672,54.26750183105469,22230000
13-Jun-19,54.18199920654297,54.708499908447266,54.00749969482422,54.438499450683594,21154000
12-Jun-19,53.900001525878906,54.04650115966797,53.37699890136719,53.85150146484375,21220000
11-Jun-19,54.69900131225586,55.0994987487793,53.880149841308594,53.93600082397461,28734000
10-Jun-19,53.64899826049805,54.632999420166016,53.6161003112793,54.01900100708008,29284000
07-Jun-19,52.53150177001953,53.54600143432617,52.41999816894531,53.301998138427734,36048000
06-Jun-19,52.2495002746582,52.3745002746582,51.685001373291016,52.21699905395508,34064000
05-Jun-19,52.57699966430664,52.6775016784668,51.52450180053711,52.111000061035156,43368000
04-Jun-19,52.14500045776367,52.8025016784668,51.68450164794922,52.65250015258789,56670000
03-Jun-19,53.275001525878906,53.275001525878906,51.25,51.811500549316406,102612000
31-May-19,55.06449890136719,55.47999954223633,55.00899887084961,55.18149948120117,30156000
30-May-19,55.777000427246094,56.15650177001953,55.60599899291992,55.897499084472656,19038000
29-May-19,56.375999450683594,56.45500183105469,55.4109992980957,55.823001861572266,30764000
28-May-19,56.70000076293945,57.579349517822266,56.65599822998047,56.70750045776367,27300000
24-May-19,57.36800003051758,57.488250732421875,56.58300018310547,56.673500061035156,22240000
23-May-19,57.025001525878906,57.298648834228516,56.46120071411133,57.03850173950195,23978000
22-May-19,57.337501525878906,57.92599868774414,57.294498443603516,57.57099914550781,18290000
21-May-19,57.42449951171875,57.635398864746094,56.89699935913086,57.48149871826172,23196000
20-May-19,57.224998474121094,57.33985137939453,56.57215118408203,56.942501068115234,27066000
17-May-19,58.423500061035156,59.00749969482422,58.0004997253418,58.1150016784668,24172000
16-May-19,58.22549819946289,59.40800094604492,58.141998291015625,58.94900131225586,30628000
15-May-19,55.89350128173828,58.56650161743164,55.83330154418945,58.21049880981445,45786000
14-May-19,56.86050033569336,57.020999908447266,55.977500915527344,56.02199935913086,36732000
13-May-19,57.097999572753906,57.39699935913086,56.105499267578125,56.60150146484375,37212000
10-May-19,58.179500579833984,58.630001068115234,57.125,58.2135009765625,26290000
09-May-19,57.951499938964844,58.483001708984375,57.54249954223633,58.11899948120117,23714000
08-May-19,58.60049819946289,59.02119827270508,58.2869987487793,58.313499450683594,26186000
07-May-19,59.02349853515625,59.52199935913086,58.051998138427734,58.70500183105469,31028000
06-May-19,58.3129997253418,59.54249954223633,58.3129997253418,59.46950149536133,31278000
03-May-19,58.682498931884766,59.34000015258789,58.45000076293945,59.27000045776367,39614000
02-May-19,58.38800048828125,58.70949935913086,57.750099182128906,58.13050079345703,38896000
01-May-19,59.40250015258789,59.40250015258789,58.35900115966797,58.40399932861328,52784000
30-Apr-19,59.25,59.640499114990234,58.75,59.42399978637695,124140000
29-Apr-19,63.70000076293945,64.4635009765625,63.31475067138672,64.37899780273438,49988000
26-Apr-19,63.45000076293945,63.653499603271484,63.01599884033203,63.60900115966797,24828000
25-Apr-19,63.23849868774414,63.370399475097656,62.60150146484375,63.17250061035156,22146000
24-Apr-19,63.20600128173828,63.4005012512207,62.75,62.79999923706055,20376000
23-Apr-19,62.53450012207031,63.45000076293945,62.319000244140625,63.227500915527344,26398000
22-Apr-19,61.79949951171875,62.454498291015625,61.41550064086914,62.44200134277344,16146000
18-Apr-19,61.95899963378906,62.099998474121094,61.730499267578125,61.81850051879883,26636000
17-Apr-19,61.650001525878906,62.02799987792969,61.39099884033203,61.81700134277344,24438000
16-Apr-19,61.25,61.54100036621094,61.00600051879883,61.35649871826172,17126000
15-Apr-19,60.900001525878906,61.209999084472656,60.455501556396484,61.05500030517578,23748000
12-Apr-19,60.5,60.91749954223633,60.40549850463867,60.89350128173828,18668000
11-Apr-19,60.198001861572266,60.39799880981445,60.006500244140625,60.23099899291992,14204000
10-Apr-19,60.034000396728516,60.18925094604492,59.82175064086914,60.108001708984375,14492000
09-Apr-19,59.79999923706055,60.114498138427734,59.65399932861328,59.86249923706055,17528000
08-Apr-19,60.394500732421875,60.43450164794922,59.99300003051758,60.19200134277344,17204000
05-Apr-19,60.7495002746582,60.81100082397461,60.25149917602539,60.35749816894531,18144000
04-Apr-19,60.297000885009766,60.78350067138672,60.20650100708008,60.75,19000000
03-Apr-19,60.374000549316406,60.814998626708984,60.025001525878906,60.29600143432617,20286000
02-Apr-19,59.76599884033203,60.067501068115234,59.285499572753906,60.02450180053711,16558000
01-Apr-19,59.20500183105469,59.83300018310547,59.099998474121094,59.721500396728516,25050000
29-Mar-19,58.744998931884766,58.949501037597656,58.14400100708008,58.66550064086914,25398000
28-Mar-19,58.57699966430664,58.578250885009766,57.97154998779297,58.42449951171875,19234000
27-Mar-19,59.275001525878906,59.37794876098633,57.96849822998047,58.6510009765625,28004000
26-Mar-19,59.92649841308594,60.14149856567383,58.83599853515625,59.23099899291992,38024000
25-Mar-19,59.846500396728516,60.31990051269531,59.35200119018555,59.650001525878906,29936000
22-Mar-19,61.316001892089844,61.5,60.14125061035156,60.275001525878906,34284000
21-Mar-19,60.79999923706055,61.589500427246094,60.657501220703125,61.57699966430664,24080000
20-Mar-19,59.86750030517578,61.356998443603516,59.80849838256836,61.19850158691406,44548000
19-Mar-19,59.44049835205078,60.0,59.29349899291992,59.942501068115234,30414000
18-Mar-19,59.165000915527344,59.5,58.87105178833008,59.2130012512207,25852000
15-Mar-19,59.66899871826172,59.82849884033203,59.13050079345703,59.222999572753906,49236000
14-Mar-19,59.72549819946289,59.89400100708008,59.2239990234375,59.27750015258789,23456000
13-Mar-19,60.032249450683594,60.04650115966797,59.59700012207031,59.66600036621094,28718000
12-Mar-19,58.91299819946289,60.0,58.91299819946289,59.65999984741211,40262000
11-Mar-19,57.22249984741211,58.80950164794922,57.22249984741211,58.78799819946289,34384000
08-Mar-19,56.33649826049805,57.354000091552734,56.165000915527344,57.11600112915039,24248000
07-Mar-19,57.7859992980957,57.83774948120117,56.74549865722656,57.165000915527344,23332000
06-Mar-19,58.1245002746582,58.378299713134766,57.77450180053711,57.893001556396484,21986000
05-Mar-19,57.50299835205078,58.480499267578125,57.309749603271484,58.10150146484375,28864000
04-Mar-19,57.3494987487793,57.91400146484375,56.53450012207031,57.38999938964844,28920000
01-Mar-19,56.244998931884766,57.14849853515625,56.23749923706055,57.04949951171875,29006000
28-Feb-19,55.564998626708984,56.38249969482422,55.550498962402344,55.99599838256836,30850000
27-Feb-19,55.34749984741211,55.89899826049805,55.04999923706055,55.8025016784668,19368000
26-Feb-19,55.287498474121094,55.97549819946289,54.99599838256836,55.756500244140625,29426000
25-Feb-19,55.79999923706055,55.926998138427734,55.36349868774414,55.470001220703125,28262000
22-Feb-19,55.04499816894531,55.5620002746582,54.779998779296875,55.51850128173828,20990000
21-Feb-19,55.54199981689453,55.59700012207031,54.625999450683594,54.8484992980957,28302000
20-Feb-19,55.9995002746582,56.170501708984375,55.263999938964844,55.689998626708984,21756000
19-Feb-19,55.5,56.09450149536133,55.5,55.928001403808594,20928000
15-Feb-19,56.50400161743164,56.583499908447266,55.532501220703125,55.682498931884766,28996000
14-Feb-19,55.90250015258789,56.4114990234375,55.52225112915039,56.083499908447266,18952000
13-Feb-19,56.2495002746582,56.73649978637695,55.92499923706055,56.007999420166016,20996000
12-Feb-19,55.34000015258789,56.26475143432617,55.29249954223633,56.06850051879883,32182000
11-Feb-19,54.84749984741211,55.29724884033203,54.643001556396484,54.7504997253418,21304000
08-Feb-19,54.349998474121094,54.945499420166016,54.32749938964844,54.75299835205078,21516000
07-Feb-19,55.20800018310547,55.242000579833984,54.29999923706055,54.93550109863281,40896000
06-Feb-19,56.97850036621094,57.349998474121094,55.63850021362305,55.76150131225586,42112000
05-Feb-19,56.242000579833984,57.342498779296875,55.86240005493164,57.29949951171875,71044000
04-Feb-19,55.632999420166016,56.63999938964844,55.45100021362305,56.63999938964844,51530000
01-Feb-19,55.619998931884766,56.25,55.24449920654297,55.537498474121094,29244000
31-Jan-19,55.150001525878906,55.86650085449219,54.77050018310547,55.81850051879883,30766000
30-Jan-19,53.42150115966797,54.54999923706055,53.342498779296875,54.452999114990234,25596000
29-Jan-19,53.63399887084961,53.75749969482422,52.793251037597656,53.03099822998047,20436000
28-Jan-19,54.00550079345703,54.150001525878906,53.189998626708984,53.50400161743164,25686000
25-Jan-19,54.25,54.70000076293945,54.090999603271484,54.54949951171875,22382000
24-Jan-19,53.82400131225586,53.973751068115234,53.03499984741211,53.69499969482422,27226000
23-Jan-19,53.86750030517578,54.246498107910156,52.98749923706055,53.778499603271484,19340000
22-Jan-19,54.400001525878906,54.57550048828125,53.173500061035156,53.5260009765625,32270000
18-Jan-19,55.0,55.417598724365234,54.54499816894531,54.91299819946289,39112000
17-Jan-19,53.9734992980957,54.59000015258789,53.67499923706055,54.494998931884766,24854000
16-Jan-19,54.0,54.618751525878906,53.96699905395508,54.048500061035156,26636000
15-Jan-19,52.50849914550781,54.002498626708984,52.367000579833984,53.85749816894531,29272000
14-Jan-19,52.34600067138672,52.576499938964844,52.06275177001953,52.234500885009766,22886000
11-Jan-19,53.159000396728516,53.188751220703125,52.42399978637695,52.859500885009766,30416000
10-Jan-19,53.382999420166016,53.557498931884766,52.885501861572266,53.51649856567383,29128000
09-Jan-19,54.08250045776367,54.131500244140625,53.31999969482422,53.733001708984375,23986000
08-Jan-19,53.80550003051758,54.22800064086914,53.0265007019043,53.81399917602539,35298000
07-Jan-19,53.57500076293945,53.70000076293945,52.737998962402344,53.419498443603516,39638000
04-Jan-19,51.62950134277344,53.54199981689453,51.37089920043945,53.535499572753906,41878000
03-Jan-19,52.04999923706055,52.8489990234375,50.70349884033203,50.803001403808594,36822000
02-Jan-19,50.82849884033203,52.61600112915039,50.785499572753906,52.29249954223633,30652000
31-Dec-18,52.54800033569336,52.6349983215332,51.179500579833984,51.78049850463867,29866000
28-Dec-18,52.48099899291992,52.77799987792969,51.654998779296875,51.854000091552734,28296000
27-Dec-18,50.85749816894531,52.19449996948242,49.849998474121094,52.194000244140625,42196000
26-Dec-18,49.45050048828125,52.0,49.150001525878906,51.972999572753906,47466000
24-Dec-18,48.69499969482422,50.176998138427734,48.50550079345703,48.81100082397461,31806000
21-Dec-18,50.76499938964844,51.20100021362305,48.68450164794922,48.97700119018555,91920000
20-Dec-18,50.90650177001953,51.71099853515625,49.81800079345703,50.47050094604492,53470000
19-Dec-18,51.699501037597656,53.099998474121094,50.40250015258789,51.1505012512207,49586000
18-Dec-18,51.304500579833984,52.4739990234375,51.071998596191406,51.43550109863281,43850000
17-Dec-18,51.8754997253418,52.657501220703125,50.39500045776367,50.826499938964844,47708000
14-Dec-18,52.499000549316406,53.130001068115234,52.03950119018555,52.10499954223633,33732000
13-Dec-18,53.403499603271484,53.987998962402344,52.69649887084961,53.095001220703125,26596000
12-Dec-18,53.400001525878906,54.08250045776367,53.13949966430664,53.183998107910156,30476000
11-Dec-18,52.824501037597656,53.029998779296875,51.992000579833984,52.587501525878906,27894000
10-Dec-18,51.752498626708984,52.42250061035156,51.16450119018555,51.977500915527344,36154000
07-Dec-18,53.0004997253418,53.76300048828125,51.42499923706055,51.82899856567383,42024000
06-Dec-18,51.7130012512207,53.560001373291016,51.53850173950195,53.436500549316406,55384000
04-Dec-18,55.15599822998047,55.22100067138672,52.499000549316406,52.54100036621094,46904000
03-Dec-18,56.15700149536133,56.23249816894531,55.183250427246094,55.32149887084961,39824000
30-Nov-18,54.45349884033203,54.778499603271484,53.89400100708008,54.721500396728516,51604000
29-Nov-18,53.80400085449219,54.712249755859375,53.79999923706055,54.415000915527344,29378000
28-Nov-18,52.4379997253418,54.34199905395508,51.78799819946289,54.311500549316406,49508000
27-Nov-18,52.04999923706055,52.87900161743164,51.92449951171875,52.22050094604492,36064000
26-Nov-18,51.91749954223633,52.46549987792969,51.695499420166016,52.430999755859375,38856000
23-Nov-18,51.5,51.87950134277344,51.11994934082031,51.194000244140625,13830000
21-Nov-18,51.8380012512207,52.428001403808594,51.673500061035156,51.88050079345703,30686000
20-Nov-18,50.0,51.58700180053711,49.80099868774414,51.28799819946289,48982000
19-Nov-18,52.86000061035156,53.03950119018555,50.8129997253418,51.0,37172000
16-Nov-18,52.97050094604492,53.349998474121094,52.44900131225586,53.074501037597656,33162000
15-Nov-18,52.23550033569336,53.592498779296875,51.5890007019043,53.23550033569336,36722000
14-Nov-18,52.5,52.72819900512695,51.54999923706055,52.18299865722656,31318000
13-Nov-18,52.16450119018555,52.83024978637695,51.557498931884766,51.8025016784668,30274000
12-Nov-18,53.06949996948242,53.10599899291992,51.54999923706055,51.93149948120117,29436000
09-Nov-18,53.699501037597656,53.77799987792969,52.65549850463867,53.307498931884766,26864000
08-Nov-18,54.569000244140625,54.66350173950195,53.61024856567383,54.119998931884766,29764000
07-Nov-18,53.45000076293945,54.77299880981445,53.29499816894531,54.669498443603516,41168000
06-Nov-18,51.9739990234375,53.21725082397461,51.903499603271484,52.79050064086914,24666000
05-Nov-18,52.75,52.923500061035156,51.0620002746582,52.00450134277344,48828000
02-Nov-18,53.686500549316406,54.14875030517578,52.730499267578125,52.88949966430664,36780000
01-Nov-18,53.790000915527344,54.19874954223633,53.12300109863281,53.5,29640000
31-Oct-18,52.990501403808594,54.59700012207031,52.849998474121094,53.8385009765625,50596000
30-Oct-18,50.42300033569336,51.8745002746582,50.037498474121094,51.81050109863281,64254000
29-Oct-18,54.12350082397461,54.85200119018555,49.791500091552734,51.00400161743164,77614000
26-Oct-18,51.85150146484375,55.326499938964844,51.704498291015625,53.57350158691406,83752000
25-Oct-18,53.589500427246094,55.54899978637695,53.477500915527344,54.778499603271484,50916000
24-Oct-18,55.212501525878906,55.305999755859375,52.4370002746582,52.535499572753906,39648000
23-Oct-18,54.044498443603516,55.394500732421875,53.5,55.18450164794922,36974000
22-Oct-18,55.15299987792969,55.61149978637695,54.54999923706055,55.05799865722656,30284000
19-Oct-18,54.66849899291992,55.518001556396484,54.38750076293945,54.823001861572266,25352000
18-Oct-18,56.09199905395508,56.09199905395508,53.85449981689453,54.39849853515625,41890000
17-Oct-18,56.323001861572266,56.449501037597656,55.109500885009766,55.78450012207031,29344000
16-Oct-18,55.22949981689453,56.21099853515625,55.125,56.06399917602539,38570000
15-Oct-18,55.445499420166016,55.672298431396484,54.45000076293945,54.61249923706055,27448000
12-Oct-18,55.400001525878906,55.75,54.320098876953125,55.50400161743164,42026000
11-Oct-18,53.64699935913086,55.31999969482422,53.41350173950195,53.965999603271484,58980000
10-Oct-18,56.55400085449219,56.60850143432617,54.05649948120117,54.06100082397461,53514000
09-Oct-18,57.307498931884766,57.717498779296875,56.87860107421875,56.941001892089844,26174000
08-Oct-18,57.50550079345703,58.400001525878906,56.36819839477539,57.44850158691406,38648000
05-Oct-18,58.375,58.67499923706055,57.25600051879883,57.86750030517578,23686000
04-Oct-18,59.76649856567383,59.8754997253418,57.77880096435547,58.40950012207031,44190000
03-Oct-18,60.25,60.320499420166016,59.69150161743164,60.147499084472656,25124000
02-Oct-18,59.54800033569336,60.49800109863281,59.33150100708008,60.00550079345703,33758000
01-Oct-18,59.99449920654297,60.494998931884766,59.51499938964844,59.765499114990234,27152000
28-Sep-18,59.59349822998047,59.77050018310547,59.224998474121094,59.673500061035156,27612000
27-Sep-18,59.33649826049805,60.10499954223633,59.18149948120117,59.731998443603516,25216000
26-Sep-18,59.25749969482422,59.71149826049805,58.738250732421875,59.02450180053711,29246000
25-Sep-18,58.807498931884766,59.34400177001953,58.400001525878906,59.23249816894531,19554000
24-Sep-18,57.85850143432617,58.900001525878906,57.34550094604492,58.66849899291992,25420000
21-Sep-18,59.599998474121094,59.61050033569336,58.301998138427734,58.304500579833984,88112000
20-Sep-18,58.9995002746582,59.49449920654297,58.667999267578125,59.34349822998047,24508000
19-Sep-18,58.249000549316406,58.660499572753906,57.729000091552734,58.554500579833984,23828000
18-Sep-18,57.85449981689453,58.80400085449219,57.85449981689453,58.06100082397461,24072000
17-Sep-18,58.50699996948242,58.86199951171875,57.701499938964844,57.8025016784668,26130000
14-Sep-18,58.95500183105469,59.0212516784668,58.416500091552734,58.62649917602539,18880000
13-Sep-18,58.5369987487793,58.93050003051758,58.14250183105469,58.76649856567383,28624000
12-Sep-18,58.63600158691406,58.93050003051758,57.917999267578125,58.14099884033203,25910000
11-Sep-18,58.08150100708008,58.933998107910156,57.8120002746582,58.86800003051758,24186000
10-Sep-18,58.609500885009766,58.72700119018555,58.00550079345703,58.231998443603516,22308000
07-Sep-18,57.93349838256836,58.76300048828125,57.860748291015625,58.24150085449219,28026000
06-Sep-18,59.314998626708984,59.314998626708984,57.599998474121094,58.571998596191406,37770000
05-Sep-18,59.689998626708984,59.95050048828125,58.099998474121094,59.32400131225586,41226000
04-Sep-18,60.2135009765625,60.64950180053711,59.625,59.849998474121094,36620000
31-Aug-18,61.749000549316406,61.93299865722656,60.56425094604492,60.90950012207031,36328000
30-Aug-18,62.21149826049805,62.6817512512207,61.62950134277344,61.95600128173828,26628000
29-Aug-18,61.872501373291016,62.53300094604492,61.81795120239258,62.46500015258789,25978000
28-Aug-18,62.06449890136719,62.12725067138672,61.43450164794922,61.557498931884766,26080000
27-Aug-18,61.380001068115234,62.15449905395508,61.28580093383789,62.090999603271484,23126000
24-Aug-18,60.441001892089844,61.08250045776367,60.31795120239258,61.032501220703125,18932000
23-Aug-18,60.356998443603516,61.06399917602539,60.21200180053711,60.26900100708008,19852000
22-Aug-18,60.0,60.59199905395508,59.95000076293945,60.36650085449219,17748000
21-Aug-18,60.400001525878906,60.862998962402344,60.0177001953125,60.08100128173828,24112000
20-Aug-18,60.250999450683594,60.54999923706055,59.731300354003906,60.38850021362305,17416000
17-Aug-18,60.10150146484375,60.45100021362305,59.4119987487793,60.04800033569336,27792000
16-Aug-18,61.23649978637695,61.29999923706055,60.127498626708984,60.324501037597656,26864000
15-Aug-18,61.4630012512207,61.762001037597656,60.47549819946289,60.71900177001953,36576000
14-Aug-18,61.759498596191406,62.29349899291992,61.25550079345703,62.10499954223633,26962000
13-Aug-18,61.8489990234375,62.46364974975586,61.68204879760742,61.7504997253418,19946000
10-Aug-18,62.150001525878906,62.284751892089844,61.599998474121094,61.88050079345703,22174000
09-Aug-18,62.494998931884766,62.777099609375,62.300498962402344,62.45500183105469,16972000
08-Aug-18,62.02349853515625,62.82500076293945,61.90039825439453,62.28049850463867,27406000
07-Aug-18,61.849998474121094,62.55849838256836,61.80849838256836,62.111000061035156,29880000
06-Aug-18,61.25,61.30440139770508,60.78984832763672,61.23849868774414,21634000
03-Aug-18,61.48099899291992,61.5,60.75299835205078,61.18550109863281,21792000
02-Aug-18,60.29499816894531,61.49399948120117,60.239498138427734,61.307498931884766,30626000
01-Aug-18,61.400001525878906,61.673500061035156,60.510501861572266,61.0004997253418,31344000
31-Jul-18,61.0004997253418,61.379398345947266,60.279998779296875,60.862998962402344,32894000
30-Jul-18,61.4005012512207,61.74580001831055,60.57350158691406,60.98699951171875,36998000
27-Jul-18,63.54999923706055,63.69449996948242,61.54999923706055,61.92499923706055,42612000
26-Jul-18,62.54999923706055,63.488548278808594,62.45100021362305,63.416500091552734,48112000
25-Jul-18,61.95650100708008,63.292999267578125,61.95650100708008,63.185001373291016,42556000
24-Jul-18,63.12950134277344,63.29999923706055,61.77799987792969,62.40399932861328,66364000
23-Jul-18,59.050498962402344,60.324501037597656,59.04999923706055,60.275001525878906,52384000
20-Jul-18,59.347999572753906,59.84299850463867,59.21099853515625,59.24549865722656,24948000
19-Jul-18,59.54999923706055,60.0,59.16600036621094,59.347999572753906,25534000
18-Jul-18,59.827999114990234,60.224998474121094,59.516998291015625,59.79399871826172,27872000
17-Jul-18,58.611000061035156,60.152000427246094,58.529998779296875,59.939998626708984,32208000
16-Jul-18,59.46950149536133,59.54999923706055,58.9640007019043,59.19300079345703,21114000
13-Jul-18,59.25,59.770851135253906,59.0,59.441001892089844,24438000
12-Jul-18,57.99449920654297,59.22050094604492,57.796749114990234,59.17399978637695,25038000
11-Jul-18,57.22949981689453,58.214500427246094,57.04999923706055,57.69499969482422,22400000
10-Jul-18,57.8489990234375,57.97949981689453,57.47949981689453,57.641998291015625,15968000
09-Jul-18,57.42399978637695,57.73350143432617,57.17100143432617,57.70249938964844,18180000
06-Jul-18,56.17900085449219,57.04650115966797,56.03684997558594,57.00849914550781,19922000
05-Jul-18,55.5265007019043,56.375,55.42399978637695,56.2135009765625,21334000
03-Jul-18,56.79100036621094,56.79100036621094,55.000999450683594,55.144500732421875,13580000
02-Jul-18,54.95000076293945,56.400001525878906,54.689998626708984,56.37300109863281,24346000
29-Jun-18,56.0,56.41135025024414,55.75,55.782501220703125,26302000
28-Jun-18,55.10449981689453,56.115501403808594,54.800498962402344,55.71099853515625,21448000
27-Jun-18,56.06700134277344,56.591800689697266,55.180999755859375,55.19900131225586,25878000
26-Jun-18,56.400001525878906,56.660499572753906,55.832950592041016,55.92300033569336,31264000
25-Jun-18,57.18000030517578,57.195499420166016,55.638999938964844,56.240501403808594,43146000
22-Jun-18,57.957000732421875,58.12485122680664,57.362998962402344,57.77399826049805,26220000
21-Jun-18,58.74250030517578,58.864749908447266,57.61159896850586,57.882999420166016,24762000
20-Jun-18,58.765499114990234,59.314300537109375,58.45800018310547,58.492000579833984,32970000
19-Jun-18,57.92499923706055,58.563499450683594,57.70050048828125,58.40299987792969,32420000
18-Jun-18,57.182498931884766,58.71549987792969,57.179500579833984,58.67300033569336,28274000
15-Jun-18,57.44300079345703,57.67100143432617,57.174251556396484,57.612998962402344,42450000
14-Jun-18,57.192501068115234,57.77349853515625,57.03200149536133,57.60599899291992,26868000
13-Jun-18,57.055999755859375,57.32500076293945,56.66899871826172,56.739498138427734,30128000
12-Jun-18,56.55350112915039,56.989498138427734,56.53675079345703,56.965999603271484,18240000
11-Jun-18,55.93000030517578,56.862998962402344,55.93000030517578,56.4995002746582,21586000
08-Jun-18,55.909000396728516,56.333499908447266,55.60749816894531,56.04349899291992,25816000
07-Jun-18,56.566001892089844,56.79100036621094,55.82600021362305,56.19300079345703,30400000
06-Jun-18,57.10850143432617,57.150001525878906,56.28715133666992,56.84400177001953,33964000
05-Jun-18,57.04949951171875,57.28689956665039,56.65950012207031,56.983001708984375,33560000
04-Jun-18,56.11650085449219,57.09450149536133,56.100250244140625,56.964500427246094,37792000
01-Jun-18,54.967498779296875,56.0,54.92499923706055,55.974998474121094,48432000
31-May-18,53.37799835205078,54.859500885009766,53.37799835205078,54.2495002746582,61766000
30-May-18,53.1515007019043,53.46049880981445,52.84149932861328,53.38999938964844,22770000
29-May-18,53.24449920654297,53.66849899291992,52.76100158691406,53.01599884033203,37302000
25-May-18,53.95100021362305,54.12799835205078,53.688751220703125,53.78300094604492,17988000
24-May-18,53.95000076293945,54.02349853515625,53.307498931884766,53.96200180053711,15336000
23-May-18,53.256500244140625,54.03900146484375,53.08549880981445,53.984500885009766,21214000
22-May-18,54.178001403808594,54.329498291015625,53.33449935913086,53.48649978637695,21800000
21-May-18,53.702999114990234,54.400001525878906,53.682498931884766,53.979000091552734,20464000
18-May-18,53.09299850463867,53.49700164794922,53.034000396728516,53.31800079345703,31304000
17-May-18,53.99449920654297,54.34349822998047,53.67499923706055,53.929500579833984,20876000
16-May-18,53.865501403808594,54.4635009765625,53.8129997253418,54.0885009765625,21946000
15-May-18,54.5,54.502498626708984,53.673500061035156,53.96149826049805,29898000
14-May-18,55.0,55.537498474121094,54.955501556396484,55.0099983215332,30362000
11-May-18,54.68000030517578,55.06650161743164,54.545501708984375,54.91299819946289,25074000
10-May-18,54.30149841308594,55.02199935913086,54.28200149536133,54.878501892089844,28860000
09-May-18,52.904998779296875,54.27199935913086,52.8182487487793,54.13800048828125,40656000
08-May-18,52.926998138427734,53.02750015258789,52.35725021362305,52.695499420166016,24354000
07-May-18,52.46149826049805,53.08399963378906,52.35499954223633,52.739498138427734,29322000
04-May-18,50.845001220703125,52.425498962402344,50.845001220703125,52.410499572753906,38774000
03-May-18,50.95000076293945,51.48374938964844,50.31449890136719,51.18600082397461,36302000
02-May-18,51.404998779296875,52.01945114135742,51.14350128173828,51.21900177001953,32062000
01-May-18,50.68299865722656,51.923500061035156,50.410499572753906,51.865501403808594,28558000
30-Apr-18,51.5004997253418,51.849998474121094,50.842498779296875,50.86650085449219,33426000
27-Apr-18,52.29999923706055,52.474998474121094,51.27949905395508,51.502498626708984,32396000
26-Apr-18,51.47549819946289,52.39899826049805,50.90950012207031,52.00199890136719,41590000
25-Apr-18,51.2760009765625,51.6245002746582,50.765499114990234,51.058998107910156,47822000
24-Apr-18,52.599998474121094,52.849998474121094,50.52949905395508,50.999000549316406,95206000
23-Apr-18,53.893001556396484,54.13600158691406,53.03499984741211,53.372501373291016,46826000
20-Apr-18,54.099998474121094,54.61750030517578,53.47850036621094,53.64799880981445,37794000
19-Apr-18,53.470001220703125,54.708248138427734,53.409000396728516,54.3849983215332,34954000
18-Apr-18,53.871498107910156,53.871498107910156,53.311248779296875,53.604000091552734,26882000
17-Apr-18,52.56850051879883,53.89400100708008,52.41299819946289,53.70800018310547,46406000
16-Apr-18,51.849998474121094,52.1619987487793,51.33700180053711,51.89899826049805,24224000
13-Apr-18,52.04399871826172,52.32099914550781,51.14899826049805,51.4635009765625,24460000
12-Apr-18,51.25199890136719,52.03450012207031,51.07175064086914,51.6254997253418,27140000
11-Apr-18,51.39950180053711,51.568199157714844,50.79349899291992,50.99850082397461,29678000
10-Apr-18,51.321998596191406,51.81399917602539,50.56700134277344,51.582000732421875,39490000
09-Apr-18,50.84000015258789,51.97999954223633,50.70399856567383,50.772499084472656,35032000
06-Apr-18,51.0,51.57099914550781,50.1515007019043,50.35200119018555,34928000
05-Apr-18,52.06650161743164,52.13949966430664,51.00654983520508,51.390499114990234,27260000
04-Apr-18,49.670501708984375,51.4359016418457,49.650001525878906,51.25699996948242,49694000
03-Apr-18,50.695499420166016,51.04949951171875,49.70349884033203,50.670501708984375,45502000
02-Apr-18,51.14099884033203,51.7400016784668,49.51850128173828,50.32350158691406,53608000
29-Mar-18,50.58150100708008,52.150001525878906,50.14500045776367,51.589500427246094,54536000
28-Mar-18,49.900001525878906,51.21149826049805,49.03200149536133,50.22800064086914,67386000
27-Mar-18,53.150001525878906,53.24195098876953,49.84600067138672,50.255001068115234,61906000
26-Mar-18,52.29999923706055,52.78150177001953,50.41999816894531,52.660499572753906,53302000
23-Mar-18,52.35150146484375,53.167999267578125,51.06100082397461,51.07849884033203,43134000
22-Mar-18,54.09400177001953,54.14500045776367,52.295501708984375,52.45399856567383,53340000
21-Mar-18,54.637001037597656,55.314998626708984,54.25749969482422,54.54399871826172,37578000
20-Mar-18,54.95000076293945,55.2599983215332,54.17300033569336,54.885501861572266,36638000
19-Mar-18,56.0004997253418,56.0994987487793,54.45050048828125,54.99100112915039,56118000
16-Mar-18,57.707000732421875,57.79399871826172,56.597999572753906,56.7864990234375,61840000
15-Mar-18,57.49800109863281,58.05400085449219,56.72700119018555,57.479000091552734,27908000
14-Mar-18,57.260501861572266,57.929500579833984,57.071998596191406,57.4744987487793,25828000
13-Mar-18,58.5,58.8380012512207,56.666500091552734,56.90850067138672,38144000
12-Mar-18,58.192501068115234,58.852500915527344,57.87099838256836,58.224998474121094,43446000
09-Mar-18,56.79999923706055,58.040000915527344,56.623050689697266,58.00199890136719,42560000
08-Mar-18,55.76599884033203,56.380001068115234,55.63999938964844,56.29999923706055,27102000
07-Mar-18,54.45949935913086,55.611000061035156,54.27410125732422,55.481998443603516,25850000
06-Mar-18,54.96099853515625,55.092498779296875,54.48875045776367,54.75299835205078,30656000
05-Mar-18,53.75699996948242,54.85499954223633,53.45000076293945,54.54650115966797,24044000
02-Mar-18,52.65399932861328,54.09994888305664,52.4057502746582,53.94599914550781,45432000
01-Mar-18,55.39350128173828,55.50600051879883,53.35005187988281,53.47600173950195,50318000
28-Feb-18,56.1515007019043,56.37649917602539,55.1619987487793,55.23649978637695,37652000
27-Feb-18,57.0620002746582,57.20199966430664,55.900001525878906,55.91450119018555,35482000
26-Feb-18,56.38999938964844,57.198001861572266,56.33475112915039,57.1875,31182000
23-Feb-18,55.63199996948242,56.36399841308594,55.23569869995117,56.339500427246094,25220000
22-Feb-18,55.80950164794922,56.14099884033203,55.12950134277344,55.33150100708008,26344000
21-Feb-18,55.32350158691406,56.69850158691406,55.31650161743164,55.56700134277344,30258000
20-Feb-18,54.528499603271484,55.6974983215332,54.42599868774414,55.12300109863281,28462000
16-Feb-18,54.420501708984375,55.23350143432617,54.4156494140625,54.7400016784668,33590000
15-Feb-18,53.95349884033203,54.573951721191406,53.21699905395508,54.47600173950195,36868000
14-Feb-18,52.4474983215332,53.58599853515625,52.337501525878906,53.48500061035156,31116000
13-Feb-18,52.25,52.91849899291992,52.204349517822266,52.60499954223633,25302000
12-Feb-18,52.400001525878906,53.07500076293945,52.0463981628418,52.59700012207031,41154000
09-Feb-18,50.86249923706055,52.19850158691406,49.62799835205078,51.888999938964844,70118000
08-Feb-18,52.77050018310547,52.930999755859375,50.03300094604492,50.07600021362305,57182000
07-Feb-18,54.07699966430664,54.0890007019043,52.41299819946289,52.42900085449219,47384000
06-Feb-18,51.35900115966797,54.08549880981445,51.1568489074707,54.029998779296875,68960000
05-Feb-18,54.529998779296875,55.5,52.60150146484375,52.790000915527344,75966000
02-Feb-18,56.099998474121094,56.153499603271484,55.36389923095703,55.595001220703125,97158000
01-Feb-18,58.13050079345703,58.70000076293945,57.875999450683594,58.3849983215332,48242000
31-Jan-18,58.528499603271484,58.650001525878906,57.95650100708008,58.49700164794922,30774000
30-Jan-18,58.39149856567383,58.82600021362305,58.17599868774414,58.18450164794922,31126000
29-Jan-18,58.82400131225586,59.34450149536133,58.5989990234375,58.77899932861328,27578000
26-Jan-18,58.75400161743164,58.79199981689453,57.90549850463867,58.79199981689453,40376000
25-Jan-18,58.62649917602539,58.797000885009766,58.13800048828125,58.51850128173828,29610000
24-Jan-18,58.86650085449219,58.99300003051758,58.0525016784668,58.21200180053711,28332000
23-Jan-18,57.99250030517578,58.58134841918945,57.9375,58.49850082397461,26662000
22-Jan-18,56.8745002746582,57.99399948120117,56.75550079345703,57.79050064086914,32360000
19-Jan-18,56.59149932861328,56.893001556396484,56.415000915527344,56.8754997253418,35564000
18-Jan-18,56.570499420166016,56.6254997253418,55.875,56.489498138427734,23964000
17-Jan-18,56.31100082397461,56.630001068115234,55.85049819946289,56.5989990234375,24052000
16-Jan-18,56.6254997253418,56.99549865722656,55.8916015625,56.0880012512207,31506000
12-Jan-18,55.12049865722656,56.214500427246094,55.057498931884766,56.112998962402344,34410000
11-Jan-18,55.314998626708984,55.32624816894531,54.97949981689453,55.2760009765625,19566000
10-Jan-18,54.85499954223633,55.22999954223633,54.80550003051758,55.13050079345703,20856000
09-Jan-18,55.470001220703125,55.528499603271484,55.06155014038086,55.3129997253418,18050000
08-Jan-18,55.11149978637695,55.563499450683594,55.08100128173828,55.34700012207031,20952000
05-Jan-18,54.70000076293945,55.212501525878906,54.599998474121094,55.11149978637695,25582000
04-Jan-18,54.400001525878906,54.67850112915039,54.20009994506836,54.31999969482422,20092000
03-Jan-18,53.21549987792969,54.31449890136719,53.160499572753906,54.124000549316406,28604000
02-Jan-18,52.41699981689453,53.34700012207031,52.26150131225586,53.25,24752000
29-Dec-17,52.33599853515625,52.48500061035156,52.244998931884766,52.31999969482422,17750000
28-Dec-17,52.58000183105469,52.73749923706055,52.23849868774414,52.40700149536133,16742000
27-Dec-17,52.86949920654297,52.91849899291992,52.40250015258789,52.46849822998047,25438000
26-Dec-17,52.903499603271484,53.00600051879883,52.5099983215332,52.83700180053711,15212000
22-Dec-17,53.05550003051758,53.209999084472656,52.97200012207031,53.00600051879883,15102000
21-Dec-17,53.247501373291016,53.46649932861328,53.089698791503906,53.18149948120117,19914000
20-Dec-17,53.5890007019043,53.66899871826172,53.07600021362305,53.247501373291016,25372000
19-Dec-17,53.7599983215332,53.84199905395508,53.1775016784668,53.534000396728516,26774000
18-Dec-17,53.30400085449219,53.92449951171875,53.099998474121094,53.856998443603516,31092000
15-Dec-17,52.730499267578125,53.38100051879883,52.474998474121094,53.20949935913086,65518000
14-Dec-17,52.25,52.92499923706055,52.15549850463867,52.45750045776367,31174000
13-Dec-17,52.305999755859375,52.333248138427734,51.91899871826172,52.03049850463867,25654000
12-Dec-17,51.98149871826172,52.515499114990234,51.68450164794922,52.02399826049805,25590000
11-Dec-17,51.775001525878906,52.189998626708984,51.602500915527344,52.05500030517578,23856000
08-Dec-17,51.8745002746582,52.102500915527344,51.6260986328125,51.852500915527344,25816000
07-Dec-17,51.02149963378906,51.71200180053711,50.90354919433594,51.54650115966797,29164000
06-Dec-17,50.07500076293945,51.24850082397461,50.05699920654297,50.91899871826172,25440000
05-Dec-17,49.797000885009766,51.03049850463867,49.41400146484375,50.25749969482422,41346000
04-Dec-17,50.632999420166016,50.80500030517578,49.778499603271484,49.933998107910156,38128000
01-Dec-17,50.790000915527344,51.1245002746582,50.10100173950195,50.50849914550781,38192000
30-Nov-17,51.118499755859375,51.42449951171875,50.75,51.070499420166016,34480000
29-Nov-17,52.13399887084961,52.20399856567383,50.782501220703125,51.08300018310547,49188000
28-Nov-17,52.75450134277344,53.118751525878906,52.0,52.37049865722656,28488000
27-Nov-17,52.0,52.77299880981445,51.922000885009766,52.71049880981445,26158000
24-Nov-17,51.79349899291992,52.15890121459961,51.75,52.03049850463867,10740000
22-Nov-17,51.75,51.98529815673828,51.57149887084961,51.79800033569336,14926000
21-Nov-17,51.16550064086914,51.75550079345703,51.13275146484375,51.7244987487793,21940000
20-Nov-17,51.01300048828125,51.13050079345703,50.875,50.91899871826172,19070000
17-Nov-17,51.70050048828125,51.72100067138672,50.88750076293945,50.954498291015625,27942000
16-Nov-17,51.125999450683594,51.79600143432617,51.125999450683594,51.625,22594000
15-Nov-17,50.96049880981445,51.204498291015625,50.770999908447266,51.045501708984375,17080000
14-Nov-17,51.12950134277344,51.34049987792969,50.70750045776367,51.29999923706055,19184000
13-Nov-17,51.17100143432617,51.57899856567383,51.128501892089844,51.287498474121094,17716000
10-Nov-17,51.323001861572266,51.53799819946289,51.263999938964844,51.403499603271484,14400000
09-Nov-17,51.699501037597656,51.699501037597656,50.983299255371094,51.5629997253418,24904000
08-Nov-17,51.5260009765625,52.17610168457031,51.42250061035156,51.99250030517578,21774000
07-Nov-17,51.36349868774414,51.69850158691406,51.256500244140625,51.666500091552734,22246000
06-Nov-17,51.449501037597656,51.743499755859375,51.25,51.29499816894531,22504000
03-Nov-17,51.105499267578125,51.63249969482422,51.015499114990234,51.624000549316406,21528000
02-Nov-17,51.0880012512207,51.40449905395508,50.6505012512207,51.27899932861328,20980000
01-Nov-17,50.86050033569336,51.48350143432617,50.84749984741211,51.275001525878906,27468000
31-Oct-17,50.76100158691406,51.20000076293945,50.520999908447266,50.832000732421875,26614000
30-Oct-17,50.70000076293945,51.24850082397461,50.375,50.855499267578125,41702000
27-Oct-17,50.45949935913086,52.419498443603516,50.40999984741211,50.9635009765625,103354000
26-Oct-17,49.0,49.380001068115234,48.61000061035156,48.62799835205078,40842000
25-Oct-17,48.41849899291992,48.804500579833984,48.0260009765625,48.666500091552734,24226000
24-Oct-17,48.5,48.61149978637695,48.04999923706055,48.527000427246094,24244000
23-Oct-17,49.47600173950195,49.47600173950195,48.305999755859375,48.42250061035156,29568000
20-Oct-17,49.47200012207031,49.54999923706055,49.229000091552734,49.40999984741211,23664000
19-Oct-17,49.29999923706055,49.444000244140625,48.919498443603516,49.22249984741211,26272000
18-Oct-17,49.5885009765625,49.83599853515625,49.348751068115234,49.640499114990234,21152000
17-Oct-17,49.51449966430664,49.821998596191406,49.429500579833984,49.60900115966797,25804000
16-Oct-17,49.60499954223633,49.695350646972656,49.20000076293945,49.599998474121094,18210000
13-Oct-17,49.599998474121094,49.86050033569336,49.45000076293945,49.48400115966797,23396000
12-Oct-17,49.372501373291016,49.70600128173828,49.25,49.39149856567383,25248000
11-Oct-17,48.68600082397461,49.535499572753906,48.61249923706055,49.462501525878906,33866000
10-Oct-17,49.0,49.07849884033203,48.30400085449219,48.630001068115234,19368000
09-Oct-17,49.0,49.2712516784668,48.80550003051758,48.849998474121094,17828000
06-Oct-17,48.334999084472656,48.972999572753906,48.167999267578125,48.94449996948242,23478000
05-Oct-17,47.77450180053711,48.545501708984375,47.75899887084961,48.49800109863281,24276000
04-Oct-17,47.849998474121094,48.019500732421875,47.53450012207031,47.58399963378906,19048000
03-Oct-17,47.70000076293945,47.900001525878906,47.457000732421875,47.88949966430664,17766000
02-Oct-17,47.999000549316406,48.12699890136719,47.391998291015625,47.66350173950195,25668000
29-Sep-17,47.599998474121094,47.98929977416992,47.57550048828125,47.955501556396484,31620000
28-Sep-17,47.06800079345703,47.53450012207031,47.02750015258789,47.474998474121094,20406000
27-Sep-17,46.387001037597656,47.494998931884766,46.387001037597656,47.2244987487793,44788000
26-Sep-17,46.18600082397461,46.54100036621094,46.05699920654297,46.24300003051758,33338000
25-Sep-17,46.272499084472656,46.31999969482422,45.48500061035156,46.048500061035156,37136000
22-Sep-17,46.38750076293945,46.73649978637695,46.32400131225586,46.42649841308594,21054000
21-Sep-17,46.650001525878906,46.826499938964844,46.19150161743164,46.622501373291016,25812000
20-Sep-17,46.14899826049805,46.694000244140625,46.099998474121094,46.57899856567383,33396000
19-Sep-17,45.87099838256836,46.12099838256836,45.627498626708984,46.09049987792969,18734000
18-Sep-17,46.0004997253418,46.104000091552734,45.529998779296875,45.75,26138000
15-Sep-17,46.233001708984375,46.324501037597656,45.81800079345703,46.01449966430664,50108000
14-Sep-17,46.5625,46.63850021362305,46.20000076293945,46.25550079345703,27952000
13-Sep-17,46.53300094604492,46.86249923706055,46.49300003051758,46.75450134277344,22052000
12-Sep-17,46.62950134277344,46.67399978637695,46.193050384521484,46.60350036621094,22688000
11-Sep-17,46.712501525878906,46.91899871826172,46.34600067138672,46.45399856567383,25340000
08-Sep-17,46.824501037597656,46.8494987487793,46.24399948120117,46.32500076293945,20230000
07-Sep-17,46.58649826049805,46.820499420166016,46.180999755859375,46.79750061035156,24254000
06-Sep-17,46.50749969482422,46.54574966430664,45.9635009765625,46.390499114990234,30554000
05-Sep-17,46.65399932861328,46.849998474121094,46.097999572753906,46.42250061035156,26528000
01-Sep-17,47.05649948120117,47.124000549316406,46.75749969482422,46.867000579833984,18948000
31-Aug-17,46.5880012512207,47.0989990234375,46.5880012512207,46.96649932861328,31652000
30-Aug-17,46.002498626708984,46.540950775146484,45.98249816894531,46.47850036621094,26024000
29-Aug-17,45.255001068115234,46.166500091552734,45.25,46.06449890136719,23712000
28-Aug-17,45.79999923706055,45.962249755859375,45.59349822998047,45.69049835205078,21730000
25-Aug-17,46.17449951171875,46.277748107910156,45.775001525878906,45.794498443603516,21068000
24-Aug-17,46.43299865722656,46.54199981689453,45.775001525878906,46.06399917602539,25406000
23-Aug-17,46.096500396728516,46.496498107910156,45.96799850463867,46.349998474121094,21804000
22-Aug-17,45.63600158691406,46.292999267578125,45.57374954223633,46.234500885009766,23334000
21-Aug-17,45.5,45.650001525878906,45.16999816894531,45.33300018310547,18868000
18-Aug-17,45.515499114990234,45.76374816894531,45.35770034790039,45.53350067138672,26854000
17-Aug-17,46.28900146484375,46.34299850463867,45.54899978637695,45.54899978637695,25544000
16-Aug-17,46.26449966430664,46.6349983215332,46.17224884033203,46.347999572753906,20134000
15-Aug-17,46.21149826049805,46.32749938964844,45.99100112915039,46.111000061035156,17668000
14-Aug-17,46.12649917602539,46.2333984375,45.90950012207031,46.13349914550781,21290000
11-Aug-17,45.39849853515625,45.888999938964844,45.27899932861328,45.71950149536133,24136000
10-Aug-17,45.877498626708984,45.9630012512207,45.30649948120117,45.36199951171875,36480000
09-Aug-17,46.03049850463867,46.29899978637695,45.86249923706055,46.14500045776367,23842000
08-Aug-17,46.35449981689453,46.79069900512695,46.28049850463867,46.339500427246094,21232000
07-Aug-17,46.452999114990234,46.584999084472656,46.32500076293945,46.46799850463867,20644000
04-Aug-17,46.337501525878906,46.515350341796875,46.1515007019043,46.39799880981445,21646000
03-Aug-17,46.516998291015625,46.61199951171875,46.11199951171875,46.182498931884766,24050000
02-Aug-17,46.43050003051758,46.630001068115234,45.83399963378906,46.519500732421875,36488000
01-Aug-17,46.61899948120117,46.87234878540039,46.4630012512207,46.541500091552734,25554000
31-Jul-17,47.09450149536133,47.179500579833984,46.301998138427734,46.525001525878906,39402000
28-Jul-17,46.470001220703125,47.19150161743164,46.375,47.076499938964844,36928000
27-Jul-17,47.5890007019043,47.5890007019043,46.0,46.704498291015625,64260000
26-Jul-17,47.73400115966797,47.75,47.113948822021484,47.38999938964844,41766000
25-Jul-17,47.69049835205078,47.98500061035156,47.27000045776367,47.53499984741211,93220000
24-Jul-17,48.611000061035156,49.310001373291016,48.53850173950195,49.016998291015625,64966000
21-Jul-17,48.11249923706055,48.6614990234375,48.00749969482422,48.645999908447266,34220000
20-Jul-17,48.75,48.79499816894531,48.07550048828125,48.407501220703125,32490000
19-Jul-17,48.391998291015625,48.652000427246094,48.201499938964844,48.544498443603516,24490000
18-Jul-17,47.650001525878906,48.402000427246094,47.529998779296875,48.27000045776367,23080000
17-Jul-17,47.849998474121094,48.0369987487793,47.46205139160156,47.67100143432617,23310000
14-Jul-17,47.599998474121094,47.84550094604492,47.40024948120117,47.79949951171875,21076000
13-Jul-17,47.31449890136719,47.72249984741211,47.1505012512207,47.358001708984375,25894000
12-Jul-17,46.933998107910156,47.314998626708984,46.7234992980957,47.19150161743164,30642000
11-Jul-17,46.47700119018555,46.57149887084961,46.099998474121094,46.50450134277344,22264000
10-Jul-17,46.0885009765625,46.51900100708008,45.97949981689453,46.439998626708984,23856000
07-Jul-17,45.442501068115234,46.07699966430664,45.442501068115234,45.929500579833984,32756000
06-Jul-17,45.20600128173828,45.74720001220703,44.98500061035156,45.33449935913086,28490000
05-Jul-17,45.0880012512207,45.72549819946289,44.92499923706055,45.58549880981445,36278000
03-Jul-17,45.60900115966797,45.696998596191406,44.739498138427734,44.935001373291016,34196000
30-Jun-17,943.99,945.0,929.61,929.68,2287662
29-Jun-17,951.35,951.66,929.6,937.82,3206674
28-Jun-17,950.66,963.24,936.16,961.01,2745568
27-Jun-17,961.6,967.22,947.09,948.09,2443602
26-Jun-17,990.0,993.99,970.33,972.09,1517912
23-Jun-17,975.5,986.62,974.46,986.09,1563985
22-Jun-17,976.87,980.5,973.31,976.62,1009476
21-Jun-17,970.79,979.67,969.16,978.59,1161607
20-Jun-17,975.31,980.79,968.2,968.99,1297287
19-Jun-17,969.65,979.3,968.2,975.22,1468837
16-Jun-17,957.91,959.95,948.7,958.62,2559207
15-Jun-17,948.02,960.68,940.37,960.18,2427639
14-Jun-17,975.5,979.7,959.51,967.93,1505486
13-Jun-17,972.04,977.91,962.01,970.5,2005356
12-Jun-17,958.72,968.0,936.8,961.81,4202109
09-Jun-17,1005.49,1005.5,953.37,970.12,3647857
08-Jun-17,1004.23,1005.6,996.62,1004.28,1687925
07-Jun-17,998.82,1003.91,995.81,1001.59,1374097
06-Jun-17,1003.31,1008.61,994.8,996.68,1552114
05-Jun-17,997.89,1007.4,995.45,1003.88,1378916
02-Jun-17,988.59,996.48,987.07,996.12,1735469
01-Jun-17,990.96,993.14,981.29,988.29,1306384
31-May-17,996.21,999.6,981.68,987.09,1724095
30-May-17,992.5,997.62,991.36,996.17,1516685
26-May-17,992.0,996.39,987.36,993.27,1636416
25-May-17,979.0,995.78,977.82,991.86,1954149
24-May-17,975.26,978.12,971.63,977.61,1142488
23-May-17,969.96,974.51,964.5,970.55,1545421
22-May-17,957.0,964.82,956.56,964.07,1387392
19-May-17,952.82,959.56,952.0,954.65,1360299
18-May-17,943.2,954.18,941.27,950.5,1800465
17-May-17,959.7,960.99,940.06,942.17,2449058
16-May-17,963.55,965.9,960.35,964.61,1101544
15-May-17,955.29,962.7,952.82,959.22,1337697
12-May-17,957.85,957.98,952.06,955.14,1214851
11-May-17,951.29,957.99,948.61,955.89,1031093
10-May-17,956.22,956.71,949.84,954.84,1145969
09-May-17,961.33,962.2,954.4,956.71,1687942
08-May-17,947.45,960.99,947.4,958.69,1876690
05-May-17,956.72,958.44,948.1,950.28,1615548
04-May-17,950.29,959.14,947.37,954.72,1938260
03-May-17,936.05,950.2,935.21,948.45,1824759
02-May-17,933.27,942.98,931.0,937.09,1751292
01-May-17,924.15,935.82,920.8,932.82,2327782
28-Apr-17,929.0,935.9,923.22,924.52,3845857
27-Apr-17,890.0,893.38,887.18,891.44,2342303
26-Apr-17,891.39,892.99,885.15,889.14,1323297
25-Apr-17,882.26,892.25,879.28,888.84,2038032
24-Apr-17,868.44,879.96,866.11,878.93,1696483
21-Apr-17,860.62,862.44,857.73,858.95,1172870
20-Apr-17,859.74,863.93,857.5,860.08,1188843
19-Apr-17,857.38,860.2,853.53,856.51,1080336
18-Apr-17,852.54,857.39,851.25,853.99,936201
17-Apr-17,841.38,855.64,841.03,855.13,1049125
13-Apr-17,841.04,843.73,837.85,840.18,1073650
12-Apr-17,838.46,843.72,837.59,841.46,1135775
11-Apr-17,841.7,844.63,834.6,839.88,974343
10-Apr-17,841.54,846.74,840.79,841.7,1046215
07-Apr-17,845.0,845.88,837.3,842.1,1111610
06-Apr-17,849.5,853.59,844.0,845.1,1533564
05-Apr-17,854.71,860.59,847.52,848.91,1855153
04-Apr-17,848.0,853.0,847.5,852.57,1348494
03-Apr-17,848.75,859.0,847.53,856.75,1969402
31-Mar-17,846.83,849.56,845.24,847.8,1440982
30-Mar-17,851.98,852.0,846.77,849.48,949398
29-Mar-17,842.75,851.58,841.38,849.87,1457347
28-Mar-17,839.69,845.4,832.26,840.63,1519202
27-Mar-17,828.09,841.38,824.3,838.51,1935211
24-Mar-17,842.0,844.0,829.1,835.14,2105682
23-Mar-17,841.39,841.69,833.0,839.65,3287669
22-Mar-17,849.48,855.35,847.0,849.8,1366749
21-Mar-17,870.06,873.47,847.69,850.14,2537978
20-Mar-17,869.48,870.34,864.66,867.91,1542199
17-Mar-17,873.68,874.42,868.37,872.37,1868252
16-Mar-17,870.53,872.71,867.52,870.0,1104452
15-Mar-17,867.94,869.88,861.3,868.39,1332885
14-Mar-17,863.75,867.58,860.13,865.91,1061692
13-Mar-17,860.83,867.13,860.82,864.58,1166605
10-Mar-17,862.7,864.23,857.61,861.4,1336585
09-Mar-17,853.69,860.71,852.67,857.84,1347697
08-Mar-17,853.12,856.93,851.25,853.64,1029834
07-Mar-17,847.26,853.33,845.52,851.15,1038696
06-Mar-17,846.86,848.94,841.17,847.27,1047872
03-Mar-17,848.94,850.82,844.7,849.08,1006612
02-Mar-17,856.31,856.49,848.72,849.85,1250938
01-Mar-17,851.38,858.0,849.02,856.75,1818671
28-Feb-17,847.35,848.83,841.44,844.93,1383119
27-Feb-17,844.95,850.67,843.01,849.67,1010333
24-Feb-17,847.65,848.36,842.96,847.81,1346189
23-Feb-17,851.08,852.62,842.5,851.0,1386681
22-Feb-17,848.0,853.79,846.71,851.36,1224889
21-Feb-17,847.99,852.2,846.55,849.27,1261062
17-Feb-17,841.31,846.94,839.78,846.55,1461210
16-Feb-17,838.5,842.69,837.26,842.17,1005084
15-Feb-17,838.81,841.77,836.22,837.32,1357185
14-Feb-17,839.77,842.0,835.83,840.03,1363345
13-Feb-17,837.7,841.74,836.25,838.96,1295708
10-Feb-17,832.95,837.15,830.51,834.85,1415128
09-Feb-17,831.73,831.98,826.5,830.06,1194238
08-Feb-17,830.53,834.25,825.11,829.88,1302225
07-Feb-17,825.5,831.92,823.29,829.23,1666605
06-Feb-17,820.92,822.39,814.29,821.62,1350875
03-Feb-17,823.13,826.13,819.35,820.13,1528095
02-Feb-17,815.0,824.56,812.05,818.26,1689179
01-Feb-17,824.0,824.0,812.25,815.24,2251047
31-Jan-17,819.5,823.07,813.4,820.19,2020180
30-Jan-17,837.06,837.23,821.03,823.83,3516933
27-Jan-17,859.0,867.0,841.9,845.03,3752497
26-Jan-17,859.05,861.0,850.52,856.98,3493251
25-Jan-17,853.55,858.79,849.74,858.45,1662148
24-Jan-17,846.98,851.52,842.28,849.53,1688375
23-Jan-17,831.61,845.54,828.7,844.43,2457377
20-Jan-17,829.09,829.24,824.6,828.17,1306183
19-Jan-17,829.0,833.0,823.96,824.37,1070454
18-Jan-17,829.8,829.81,824.08,829.02,1027698
17-Jan-17,830.0,830.18,823.2,827.46,1440905
13-Jan-17,831.0,834.65,829.52,830.94,1290182
12-Jan-17,828.38,830.38,821.01,829.53,1350308
11-Jan-17,826.62,829.9,821.47,829.86,1325394
10-Jan-17,827.07,829.41,823.14,826.01,1197442
09-Jan-17,826.37,830.43,821.62,827.18,1408924
06-Jan-17,814.99,828.96,811.5,825.21,2017097
05-Jan-17,807.5,813.74,805.92,813.02,1340535
04-Jan-17,809.89,813.43,804.11,807.77,1515339
03-Jan-17,800.62,811.44,796.89,808.01,1959033
30-Dec-16,803.21,803.28,789.62,792.45,1735879
29-Dec-16,802.33,805.75,798.14,802.88,1057392
28-Dec-16,813.33,813.33,802.44,804.57,1214756
27-Dec-16,808.68,816.0,805.8,809.93,975962
23-Dec-16,808.01,810.97,805.11,807.8,765537
22-Dec-16,809.1,811.07,806.03,809.68,1132119
21-Dec-16,815.72,815.72,805.1,812.2,1459628
20-Dec-16,813.37,816.49,811.0,815.2,1271883
19-Dec-16,809.28,816.22,804.5,812.5,1263581
16-Dec-16,818.31,819.2,808.12,809.84,2598866
15-Dec-16,817.36,823.0,812.0,815.65,1769719
14-Dec-16,815.92,824.26,812.78,817.89,1799654
13-Dec-16,812.39,824.3,811.94,815.34,2128210
12-Dec-16,804.82,811.35,804.53,807.9,1628602
09-Dec-16,799.3,809.95,798.05,809.45,1904463
08-Dec-16,792.95,799.0,787.9,795.17,1612531
07-Dec-16,779.95,792.0,773.53,791.47,2029415
06-Dec-16,780.19,785.28,773.32,776.18,1734099
05-Dec-16,770.0,780.0,766.97,778.22,1688473
02-Dec-16,761.9,770.5,759.0,764.46,1718846
01-Dec-16,778.55,778.6,753.36,764.33,2867074
30-Nov-16,789.1,791.51,773.14,775.88,2279054
29-Nov-16,788.38,796.44,785.34,789.44,1561981
28-Nov-16,778.35,799.74,778.1,785.79,2575432
25-Nov-16,782.61,782.9,778.19,780.23,613549
23-Nov-16,789.52,789.52,772.65,779.0,1312981
22-Nov-16,788.99,793.77,783.74,785.0,1394174
21-Nov-16,778.1,786.55,776.3,784.8,1630835
18-Nov-16,787.17,791.29,775.35,775.97,1806264
17-Nov-16,782.5,788.9,779.85,786.16,1533679
16-Nov-16,770.42,783.5,766.33,779.98,1798360
15-Nov-16,765.47,780.24,765.22,775.16,2943889
14-Nov-16,771.76,771.78,743.59,753.22,3688274
11-Nov-16,776.81,777.29,765.54,771.75,3592641
10-Nov-16,810.0,810.06,768.23,780.29,5909609
09-Nov-16,801.83,811.71,792.04,805.59,3098510
08-Nov-16,802.03,816.04,799.62,811.98,1769069
07-Nov-16,794.95,805.0,792.9,802.03,1992570
04-Nov-16,771.3,788.48,771.0,781.1,1970603
03-Nov-16,784.5,790.0,778.63,782.19,2175216
02-Nov-16,806.76,806.76,785.0,788.42,2350736
01-Nov-16,810.87,813.96,798.26,805.48,2355890
31-Oct-16,822.43,822.63,808.0,809.9,2242679
28-Oct-16,829.94,839.0,817.0,819.56,4354884
27-Oct-16,823.01,826.58,814.61,817.35,2973486
26-Oct-16,827.12,827.71,816.35,822.1,1794868
25-Oct-16,838.5,838.5,825.3,828.55,1890712
24-Oct-16,830.09,837.94,829.04,835.74,1447616
21-Oct-16,820.0,824.29,818.31,824.06,1615814
20-Oct-16,827.56,828.46,820.55,821.63,1393870
19-Oct-16,824.52,829.81,823.2,827.09,1500142
18-Oct-16,814.21,828.81,813.33,821.49,2289265
17-Oct-16,805.99,813.49,803.83,806.84,1056367
14-Oct-16,807.45,810.09,802.32,804.6,1111934
13-Oct-16,806.07,806.56,798.62,804.08,1368981
12-Oct-16,811.96,814.5,808.55,811.77,907876
11-Oct-16,814.17,819.86,807.37,809.57,1721575
10-Oct-16,803.93,817.38,802.24,814.17,1496115
07-Oct-16,805.93,805.94,796.82,800.71,1163899
06-Oct-16,804.08,806.94,800.51,803.08,1099909
05-Oct-16,806.0,808.5,800.71,801.23,1213820
04-Oct-16,805.0,806.5,799.67,802.79,1258706
03-Oct-16,802.55,803.54,796.23,800.38,1489212
30-Sep-16,803.6,808.09,801.5,804.06,1660201
29-Sep-16,807.23,813.91,800.86,802.64,1349974
28-Sep-16,804.08,810.25,802.78,810.06,1470280
27-Sep-16,801.83,813.49,801.83,810.73,1367271
26-Sep-16,809.82,810.08,800.45,802.65,1472732
23-Sep-16,815.14,817.0,812.73,814.96,1411673
22-Sep-16,810.0,819.06,807.71,815.95,1759290
21-Sep-16,801.26,805.91,796.03,805.03,1348476
20-Sep-16,800.0,802.75,798.26,799.78,1050041
19-Sep-16,801.11,803.99,793.56,795.39,1149522
16-Sep-16,799.02,799.02,793.62,797.97,2130571
15-Sep-16,790.01,803.64,788.66,801.23,1566360
14-Sep-16,787.53,796.33,787.53,790.46,1313912
13-Sep-16,794.01,795.79,784.33,788.72,1809044
12-Sep-16,784.52,800.17,783.5,798.82,1863737
09-Sep-16,798.77,801.75,788.05,788.48,1887633
08-Sep-16,805.22,808.42,801.01,802.84,1177660
07-Sep-16,807.93,810.6,803.72,807.99,1145724
06-Sep-16,798.39,810.89,795.43,808.02,1989537
02-Sep-16,795.27,797.1,793.26,796.87,1347368
01-Sep-16,791.98,792.89,786.33,791.4,1303460
31-Aug-16,789.6,791.57,787.2,789.85,1071420
30-Aug-16,792.88,798.0,789.47,791.92,1167413
29-Aug-16,793.05,798.52,790.32,795.82,773698
26-Aug-16,792.49,799.4,789.41,793.22,1248881
25-Aug-16,792.0,794.72,787.23,791.3,1202680
24-Aug-16,796.86,798.46,790.76,793.6,1284437
23-Aug-16,800.48,801.0,795.99,796.59,917513
22-Aug-16,798.51,799.3,794.33,796.95,853365
19-Aug-16,799.79,801.23,796.88,799.65,1120763
18-Aug-16,805.36,808.0,801.63,802.75,865160
17-Aug-16,800.0,805.63,796.3,805.42,1066070
16-Aug-16,803.5,804.26,797.0,801.19,1057897
15-Aug-16,807.21,811.36,804.03,805.96,930074
12-Aug-16,805.09,807.19,803.64,807.05,897283
11-Aug-16,810.47,813.88,806.0,808.2,1282274
10-Aug-16,807.05,810.88,806.49,808.49,918514
09-Aug-16,804.49,813.33,804.06,807.48,1607685
08-Aug-16,806.0,807.6,801.69,805.23,1221609
05-Aug-16,800.11,807.22,797.81,806.93,1807271
04-Aug-16,798.24,800.2,793.92,797.25,1076031
03-Aug-16,796.47,799.54,793.02,798.92,1461025
02-Aug-16,797.33,802.32,794.53,800.12,1996354
01-Aug-16,786.67,807.49,785.04,800.94,3029658
29-Jul-16,797.71,803.94,790.0,791.34,5090527
28-Jul-16,768.84,768.97,759.09,765.84,3673221
27-Jul-16,758.97,764.45,755.93,761.97,1608589
26-Jul-16,757.52,759.26,752.75,757.65,1189573
25-Jul-16,757.68,759.82,754.07,757.52,1073310
22-Jul-16,757.32,759.45,752.66,759.28,1046024
21-Jul-16,757.0,758.15,751.52,754.41,953053
20-Jul-16,754.05,760.64,754.05,757.08,1125117
19-Jul-16,749.87,756.59,748.49,753.41,1521795
18-Jul-16,737.91,755.14,736.51,753.2,1934900
15-Jul-16,741.0,741.0,734.64,735.63,1617087
14-Jul-16,733.94,736.14,730.59,735.8,1070351
13-Jul-16,735.52,735.52,729.02,729.48,1021827
12-Jul-16,731.92,735.6,727.5,732.51,1328680
11-Jul-16,719.42,728.93,718.86,727.2,1441113
08-Jul-16,710.56,717.9,708.11,717.78,1497323
07-Jul-16,710.11,710.17,700.67,707.26,1058698
06-Jul-16,699.84,713.0,699.0,708.97,1445126
05-Jul-16,705.01,708.12,699.13,704.89,1422028
01-Jul-16,705.1,712.53,703.73,710.25,1549160
30-Jun-16,697.65,703.77,694.9,703.53,2112513
29-Jun-16,694.26,699.5,692.68,695.19,2156218
28-Jun-16,691.37,692.74,684.85,691.26,1912280
27-Jun-16,682.49,683.32,672.66,681.14,2919486
24-Jun-16,690.17,705.0,684.91,685.2,4771780
23-Jun-16,710.55,714.88,700.25,714.87,2125028
22-Jun-16,714.05,714.21,705.88,710.47,1452884
21-Jun-16,710.05,715.38,704.66,708.88,1515918
20-Jun-16,710.31,715.87,705.41,706.13,2282725
17-Jun-16,721.39,721.39,701.12,704.25,4113085
16-Jun-16,727.96,730.39,715.54,724.25,2250083
15-Jun-16,734.92,737.15,731.31,732.19,1161701
14-Jun-16,729.31,736.0,726.5,733.25,1329176
13-Jun-16,729.82,739.0,729.82,731.88,1167736
10-Jun-16,735.95,739.64,730.51,733.19,1452456
09-Jun-16,737.07,743.93,736.5,742.52,958963
08-Jun-16,739.5,743.81,735.76,742.93,1615727
07-Jun-16,733.27,736.71,730.8,731.09,1215741
06-Jun-16,738.5,738.5,728.29,730.06,1499648
03-Jun-16,741.49,741.49,733.91,735.86,1230376
02-Jun-16,746.1,747.3,737.0,744.27,1695824
01-Jun-16,748.47,751.37,744.34,748.46,1039847
31-May-16,748.76,753.48,745.57,748.85,2124248
27-May-16,737.51,747.91,737.01,747.6,1738913
26-May-16,736.0,741.1,733.0,736.93,1298295
25-May-16,735.0,739.89,732.6,738.1,1610773
24-May-16,719.85,734.2,719.64,733.03,1890195
23-May-16,719.98,723.5,716.94,717.25,1233407
20-May-16,716.46,727.7,715.01,721.71,1722506
19-May-16,718.3,720.5,710.3,715.31,1495741
18-May-16,718.5,725.57,715.02,721.78,1620691
17-May-16,731.06,735.85,718.0,720.19,1667998
16-May-16,724.32,732.68,720.0,730.3,1124220
13-May-16,726.62,731.29,723.51,724.83,1241301
12-May-16,732.0,735.37,724.27,728.07,1352779
11-May-16,740.52,740.8,727.9,730.55,1484998
10-May-16,734.96,740.0,731.61,739.38,1627899
09-May-16,726.7,734.29,723.5,729.13,1898866
06-May-16,712.2,725.99,711.95,725.18,1982458
05-May-16,715.0,717.55,709.45,714.71,1479828
04-May-16,706.77,715.05,704.05,711.37,1610174
03-May-16,712.5,713.37,707.33,708.44,1922797
02-May-16,711.92,715.41,706.36,714.41,1672285
29-Apr-16,704.12,712.11,703.78,707.88,2906358
28-Apr-16,723.29,729.26,703.2,705.06,3114203
27-Apr-16,725.32,727.15,709.08,721.46,3289534
26-Apr-16,744.42,745.59,720.32,725.37,2754324
25-Apr-16,735.35,744.88,735.1,742.21,2469163
22-Apr-16,743.91,753.92,730.37,737.77,6978506
21-Apr-16,777.31,781.68,771.55,780.0,3326803
20-Apr-16,779.16,779.66,771.27,774.92,1706231
19-Apr-16,790.5,790.95,770.27,776.25,2191366
18-Apr-16,780.19,788.55,777.61,787.68,1669701
15-Apr-16,775.5,780.93,774.93,780.0,1555865
14-Apr-16,775.36,779.61,773.22,775.39,1348011
13-Apr-16,770.31,775.75,764.59,771.91,1768980
12-Apr-16,758.43,764.92,751.56,764.32,1366559
11-Apr-16,765.45,767.22,757.34,757.54,1584036
08-Apr-16,765.87,767.13,755.77,759.47,1171738
07-Apr-16,765.32,769.36,757.5,760.12,1254028
06-Apr-16,757.84,768.42,756.3,768.07,1257118
05-Apr-16,758.13,762.87,755.6,758.57,1222147
04-Apr-16,769.51,772.44,761.78,765.12,1343934
01-Apr-16,757.16,770.04,755.2,769.67,1581222
31-Mar-16,768.34,769.08,758.25,762.9,1623821
30-Mar-16,768.21,777.31,767.58,768.34,2017229
29-Mar-16,753.68,767.18,748.29,765.89,1987121
28-Mar-16,756.17,758.3,752.04,753.28,1082515
24-Mar-16,751.2,757.56,750.5,754.84,1528469
23-Mar-16,763.35,765.39,756.03,757.56,1224825
22-Mar-16,758.44,765.0,757.88,760.05,1103115
21-Mar-16,753.91,763.34,751.27,762.16,1435734
18-Mar-16,761.63,762.14,751.82,755.41,2811069
17-Mar-16,757.65,765.34,757.36,758.48,2227322
16-Mar-16,749.05,759.0,746.5,757.36,1447671
15-Mar-16,746.02,753.01,742.84,750.57,1491578
14-Mar-16,744.97,754.26,743.66,750.24,1639483
11-Mar-16,739.95,744.9,736.7,744.87,1727331
10-Mar-16,727.79,736.54,723.29,732.17,2228566
09-Mar-16,715.16,726.24,712.66,725.41,1954640
08-Mar-16,708.39,722.25,704.0,713.53,2537925
07-Mar-16,725.15,727.21,705.14,712.8,3084522
04-Mar-16,734.8,735.0,725.62,730.22,2421300
03-Mar-16,739.48,741.0,729.63,731.59,2025353
02-Mar-16,742.87,743.12,733.25,739.48,1781343
01-Mar-16,721.3,742.33,718.64,742.17,3001329
29-Feb-16,721.0,730.6,716.84,717.22,2237474
26-Feb-16,733.6,736.16,721.94,724.86,2120631
25-Feb-16,722.93,729.51,713.23,729.12,1798643
24-Feb-16,710.61,721.22,702.02,720.9,1833671
23-Feb-16,726.1,730.9,715.67,717.29,2053583
22-Feb-16,729.51,734.84,723.45,729.05,1850912
19-Feb-16,715.9,724.03,713.12,722.11,1721784
18-Feb-16,733.96,736.0,715.55,717.51,2330509
17-Feb-16,727.0,733.76,716.61,731.97,2437275
16-Feb-16,718.65,722.88,710.18,717.64,2151167
12-Feb-16,712.21,716.0,701.58,706.89,2317193
11-Feb-16,696.34,712.32,691.19,706.36,3227256
10-Feb-16,711.79,723.22,705.39,706.85,3011661
09-Feb-16,692.95,720.96,688.5,701.02,4197924
08-Feb-16,687.68,704.52,682.01,704.16,4438257
05-Feb-16,725.5,726.72,700.14,703.76,5444953
04-Feb-16,744.59,745.24,722.6,730.03,5214827
03-Feb-16,786.28,791.43,736.26,749.38,6543977
02-Feb-16,800.5,810.35,780.6,780.91,6776535
01-Feb-16,771.26,777.59,761.38,770.77,5102641
29-Jan-16,748.96,765.1,744.2,761.35,3759222
28-Jan-16,738.19,751.16,730.6,748.3,3093589
27-Jan-16,735.89,735.89,713.45,717.58,2082928
26-Jan-16,735.21,739.46,726.97,733.79,1543054
25-Jan-16,743.84,752.46,732.5,733.62,2259778
22-Jan-16,742.0,748.56,740.5,745.46,2350965
21-Jan-16,720.17,737.67,711.11,726.67,2594281
20-Jan-16,705.9,726.95,687.78,718.56,4114182
19-Jan-16,720.15,725.35,709.85,719.08,2408193
15-Jan-16,709.99,724.16,701.51,710.49,3777815
14-Jan-16,724.44,739.89,705.0,731.39,2755725
13-Jan-16,749.34,753.0,716.78,719.57,2554586
12-Jan-16,740.75,748.34,736.43,745.34,2340753
11-Jan-16,731.95,735.08,719.56,733.07,2544806
08-Jan-16,747.8,750.12,728.92,730.91,2375348
07-Jan-16,746.49,755.31,735.28,741.0,3156563
06-Jan-16,750.37,765.73,748.0,759.33,2410301
05-Jan-16,764.1,769.2,755.65,761.53,2260795
04-Jan-16,762.2,762.2,747.54,759.44,3352912
31-Dec-15,787.82,788.33,777.32,778.01,1637561
30-Dec-15,793.96,796.46,787.2,790.3,1428280
29-Dec-15,786.99,798.69,786.2,793.96,1921480
28-Dec-15,770.0,782.82,767.73,782.24,1557755
24-Dec-15,768.52,769.2,764.39,765.84,521141
23-Dec-15,770.69,771.9,757.65,768.51,1529742
22-Dec-15,764.27,770.34,761.2,767.13,1816935
21-Dec-15,763.05,766.35,754.15,760.8,1742368
18-Dec-15,767.23,774.14,756.59,756.85,3389702
17-Dec-15,781.16,781.59,769.3,769.83,1825538
16-Dec-15,766.57,781.5,757.04,776.59,2656010
15-Dec-15,767.79,774.75,758.0,760.09,2469319
14-Dec-15,751.26,764.15,736.26,762.54,2693160
11-Dec-15,749.0,757.44,748.65,750.42,2159164
10-Dec-15,763.59,766.07,755.0,760.04,1622940
09-Dec-15,771.1,776.09,752.01,762.55,2327471
08-Dec-15,764.5,778.65,762.52,775.14,1554121
07-Dec-15,780.06,781.0,766.72,772.99,1831287
04-Dec-15,769.71,782.42,765.51,779.21,2489998
03-Dec-15,780.56,784.48,762.45,768.2,2097494
02-Dec-15,785.25,793.05,776.43,777.85,2333578
01-Dec-15,766.94,785.0,765.95,783.79,2014110
30-Nov-15,771.87,775.03,761.12,762.85,1597322
27-Nov-15,769.16,774.0,767.0,771.97,722319
25-Nov-15,771.69,773.0,766.53,769.26,1180643
24-Nov-15,772.96,775.99,758.11,769.63,2361490
23-Nov-15,777.47,782.9,773.51,776.7,1730626
20-Nov-15,769.3,779.32,764.1,777.0,2766452
19-Nov-15,759.78,763.23,757.23,759.94,1401779
18-Nov-15,749.57,761.1,747.39,760.01,1798877
17-Nov-15,752.47,754.95,744.05,745.98,1925901
16-Nov-15,740.21,751.71,734.33,750.42,2519424
13-Nov-15,754.04,755.33,739.47,740.07,2374561
12-Nov-15,760.18,765.8,755.86,756.53,1604146
11-Nov-15,762.38,769.08,759.75,765.25,2093287
10-Nov-15,753.48,760.6,748.41,758.26,1477669
09-Nov-15,758.52,763.3,749.11,754.77,1775525
06-Nov-15,759.39,763.02,755.03,761.6,1673013
05-Nov-15,758.81,766.35,757.47,760.67,2271675
04-Nov-15,749.9,759.9,749.2,755.31,2083374
03-Nov-15,745.43,751.7,741.16,748.82,1807488
02-Nov-15,734.53,748.18,731.45,747.74,1980977
30-Oct-15,745.56,746.31,736.53,737.39,1991811
29-Oct-15,736.63,746.79,735.16,744.85,1822826
28-Oct-15,733.0,737.37,727.27,736.92,1964310
27-Oct-15,726.57,735.96,724.14,732.82,1923970
26-Oct-15,720.02,734.95,720.02,731.12,2402045
23-Oct-15,750.06,752.5,717.94,719.33,6307414
22-Oct-15,675.44,688.05,671.7,681.14,4132551
21-Oct-15,683.21,684.9,670.7,671.8,1597571
20-Oct-15,697.89,698.0,673.68,680.0,2613344
19-Oct-15,694.0,700.24,692.21,699.95,1494286
16-Oct-15,695.4,696.22,689.1,695.32,1810998
15-Oct-15,685.25,694.16,684.39,693.02,2343459
14-Oct-15,683.73,690.04,678.9,680.41,1562196
13-Oct-15,674.26,688.46,673.11,683.17,2096308
12-Oct-15,669.19,677.98,667.24,676.43,1330987
09-Oct-15,667.49,674.08,662.36,671.24,1597534
08-Oct-15,669.45,671.89,654.49,667.0,1961858
07-Oct-15,677.4,678.74,658.11,670.0,2186605
06-Oct-15,669.35,678.8,663.08,671.64,2138738
05-Oct-15,661.6,673.03,655.87,671.68,1873783
02-Oct-15,638.01,658.26,633.5,656.99,2439435
01-Oct-15,637.94,643.84,631.12,642.0,2125315
30-Sep-15,631.83,639.31,629.15,638.37,2647655
29-Sep-15,625.5,634.68,618.03,622.61,2106466
28-Sep-15,639.05,642.85,617.84,624.25,2382300
25-Sep-15,658.58,658.58,639.66,640.15,2423992
24-Sep-15,648.97,656.77,642.16,654.91,1934639
23-Sep-15,652.9,660.28,650.73,653.29,1457995
22-Sep-15,657.47,658.82,645.03,653.2,2718081
21-Sep-15,665.51,669.0,658.0,666.98,1954667
18-Sep-15,665.06,669.84,660.03,660.92,3627210
17-Sep-15,667.49,681.99,665.0,671.67,2387605
16-Sep-15,665.55,668.07,662.2,665.52,1312598
15-Sep-15,656.71,668.85,653.34,665.07,1777320
14-Sep-15,655.63,655.92,649.5,652.47,1497627
11-Sep-15,650.21,655.31,647.41,655.3,1744615
10-Sep-15,643.9,654.9,641.7,651.08,1384602
09-Sep-15,651.88,657.36,640.9,643.41,2048908
08-Sep-15,641.0,645.04,632.9,643.88,1954648
04-Sep-15,629.7,634.5,626.5,628.96,2024990
03-Sep-15,647.93,651.25,633.81,637.05,1728562
02-Sep-15,638.0,645.06,630.64,644.91,1881489
01-Sep-15,633.81,644.44,625.06,629.56,2572884
31-Aug-15,654.34,664.41,646.35,647.82,1946844
28-Aug-15,665.76,667.0,653.75,659.69,1941833
27-Aug-15,671.99,673.98,651.1,667.96,2948736
26-Aug-15,643.1,662.48,630.37,659.74,4386985
25-Aug-15,646.47,647.0,611.67,612.47,3571469
24-Aug-15,600.6,644.33,593.09,618.11,6489430
21-Aug-15,671.04,672.89,643.1,644.03,4593970
20-Aug-15,689.1,696.16,675.28,679.48,2889877
19-Aug-15,690.11,700.2,686.8,694.04,2509697
18-Aug-15,691.07,695.76,685.32,688.73,1385544
17-Aug-15,688.04,694.74,683.06,694.11,1233951
14-Aug-15,684.04,692.26,682.9,689.37,1379855
13-Aug-15,689.2,694.03,682.18,686.51,1817748
12-Aug-15,694.49,696.0,680.51,691.47,2932328
11-Aug-15,699.58,704.0,684.32,690.3,5494011
10-Aug-15,667.09,671.62,660.23,663.14,1722915
07-Aug-15,667.78,668.8,658.87,664.39,1377152
06-Aug-15,673.99,674.75,660.73,670.15,2032984
05-Aug-15,665.75,679.91,665.58,673.29,1822387
04-Aug-15,664.34,668.0,660.51,661.28,1309410
03-Aug-15,657.66,666.67,657.66,664.72,1567407
31-Jul-15,664.7,665.0,657.2,657.5,1746094
30-Jul-15,657.44,668.05,651.69,664.56,1980345
29-Jul-15,662.26,663.33,652.84,661.43,1837805
28-Jul-15,661.76,664.1,653.41,659.66,1718193
27-Jul-15,651.57,667.07,651.55,658.27,2919110
24-Jul-15,676.77,677.79,653.18,654.77,4131137
23-Jul-15,691.85,696.07,671.59,674.73,3811598
22-Jul-15,694.02,713.33,691.62,695.1,4154987
21-Jul-15,684.88,705.6,684.15,695.35,3780230
20-Jul-15,688.98,697.8,681.77,692.84,5121752
17-Jul-15,680.0,703.0,678.0,699.62,12858136
16-Jul-15,589.5,604.5,587.92,601.78,5632054
15-Jul-15,583.74,588.69,580.21,583.96,2073330
14-Jul-15,574.5,589.71,574.17,584.18,3741583
13-Jul-15,559.51,572.85,558.7,571.73,2089641
10-Jul-15,553.71,559.29,552.0,556.11,2171750
09-Jul-15,548.65,548.88,544.62,544.65,1488324
08-Jul-15,545.6,548.28,541.2,541.7,1383065
07-Jul-15,547.43,551.0,539.85,550.03,1679759
06-Jul-15,542.25,548.58,542.1,545.62,1280687
02-Jul-15,544.74,548.0,543.57,547.34,1406213
01-Jul-15,543.66,545.81,539.76,543.3,1537973
30-Jun-15,545.09,545.9,539.54,540.04,1725464
29-Jun-15,546.75,550.9,540.24,541.25,1887816
26-Jun-15,559.71,560.0,551.85,553.06,2183753
25-Jun-15,560.3,563.14,557.46,557.95,1335270
24-Jun-15,562.48,562.64,556.81,558.57,1446156
23-Jun-15,559.79,564.9,557.15,563.39,1569808
22-Jun-15,559.41,565.61,558.91,559.68,1737569
19-Jun-15,556.52,557.91,552.26,557.52,2964489
18-Jun-15,548.0,557.25,548.0,556.18,2059603
17-Jun-15,545.42,548.36,541.81,546.6,1222049
16-Jun-15,544.48,546.69,541.57,544.87,1626349
15-Jun-15,542.73,544.05,539.21,543.0,1357481
12-Jun-15,547.15,548.85,545.63,547.47,1273383
11-Jun-15,554.49,554.83,549.17,550.04,1293560
10-Jun-15,545.7,554.78,545.11,552.6,1515805
09-Jun-15,543.42,544.84,538.85,542.16,1500846
08-Jun-15,549.61,549.87,542.95,543.48,1366816
05-Jun-15,552.0,553.33,547.38,549.53,1219841
04-Jun-15,552.18,555.96,549.12,551.69,1343317
03-Jun-15,555.1,557.99,552.15,555.29,1335479
02-Jun-15,547.43,558.79,546.55,553.95,1592828
01-Jun-15,548.73,550.57,543.58,549.21,1660500
29-May-15,553.2,553.94,545.04,545.32,2172282
28-May-15,553.79,555.76,550.8,554.18,1177318
27-May-15,548.68,555.29,546.58,554.25,1742237
26-May-15,552.58,553.33,542.97,547.19,1873709
22-May-15,554.46,558.24,553.62,554.52,1213288
21-May-15,550.2,557.61,549.3,556.81,1708512
20-May-15,550.92,556.06,545.1,552.51,1541962
19-May-15,548.0,553.4,547.12,549.28,2356274
18-May-15,543.82,548.34,542.25,546.67,1335256
15-May-15,550.39,550.6,542.5,546.49,1671977
14-May-15,543.97,549.69,542.5,549.2,1586833
13-May-15,540.47,543.84,538.98,539.49,1211920
12-May-15,542.81,542.96,535.0,538.73,1764123
11-May-15,548.49,553.37,545.6,545.78,1092923
08-May-15,548.87,552.8,548.03,548.95,1411264
07-May-15,535.9,545.2,533.45,542.04,1592220
06-May-15,542.64,543.93,532.24,535.08,1951728
05-May-15,550.16,552.61,542.37,543.04,1426417
04-May-15,550.99,556.69,547.39,552.84,1762952
01-May-15,550.51,551.22,543.85,551.16,1828566
30-Apr-15,558.56,561.11,546.72,548.77,2362024
29-Apr-15,560.51,565.84,559.0,561.39,1681064
28-Apr-15,564.32,567.83,560.96,564.37,1859787
27-Apr-15,572.77,575.52,562.3,566.12,2403105
24-Apr-15,580.05,584.7,568.35,573.66,4608403
23-Apr-15,550.41,561.17,550.08,557.46,3909155
22-Apr-15,543.06,551.0,541.32,549.18,1590320
21-Apr-15,546.31,547.77,542.21,542.92,1456387
20-Apr-15,533.75,545.8,533.35,544.53,1926064
17-Apr-15,537.31,539.8,529.0,532.74,2461698
16-Apr-15,538.35,545.23,538.1,543.52,1586088
15-Apr-15,537.96,543.19,532.37,541.04,2348087
14-Apr-15,546.57,546.57,535.74,539.78,2360329
13-Apr-15,547.05,553.27,546.3,548.64,1466277
10-Apr-15,549.57,549.85,544.98,548.54,1305219
09-Apr-15,549.21,549.37,541.95,548.02,1618299
08-Apr-15,546.0,551.5,546.0,548.84,1419316
07-Apr-15,544.99,550.16,543.58,544.86,1365916
06-Apr-15,538.84,545.54,535.7,543.95,1685894
02-Apr-15,547.41,548.0,540.44,541.31,2388019
01-Apr-15,554.83,558.5,546.03,549.49,1945090
31-Mar-15,557.94,562.45,554.67,554.7,1746622
30-Mar-15,560.25,562.16,556.79,561.14,1239350
27-Mar-15,561.83,564.07,556.93,557.55,1727629
26-Mar-15,564.65,567.19,558.31,563.64,2492141
25-Mar-15,577.57,580.07,567.0,567.0,2653451
24-Mar-15,568.54,581.88,568.09,577.54,3957844
23-Mar-15,566.0,569.64,563.06,565.37,1511686
20-Mar-15,566.71,567.1,564.48,564.95,2216038
19-Mar-15,564.52,566.96,562.12,563.67,1232969
18-Mar-15,557.73,566.51,553.5,566.16,1766221
17-Mar-15,558.29,560.64,554.41,557.61,1444560
16-Mar-15,556.93,563.75,551.32,561.64,1842754
13-Mar-15,559.23,564.36,550.33,553.0,1771354
12-Mar-15,558.48,561.84,555.53,561.17,1780057
11-Mar-15,559.8,564.18,555.41,555.69,2026158
10-Mar-15,568.48,569.76,559.82,559.85,2004024
09-Mar-15,570.92,575.45,569.05,574.1,1174244
06-Mar-15,582.0,582.78,572.06,572.9,1879619
05-Mar-15,579.62,583.2,578.23,581.44,1795889
04-Mar-15,576.97,581.63,572.52,578.33,1898150
03-Mar-15,576.35,580.85,570.5,578.8,2526280
02-Mar-15,567.0,575.99,563.15,575.02,2520304
27-Feb-15,558.15,569.42,557.03,562.63,3416445
26-Feb-15,545.74,560.13,545.09,559.29,2701584
25-Feb-15,538.44,549.57,538.01,547.33,2041827
24-Feb-15,531.55,539.4,531.0,538.65,1421373
23-Feb-15,539.0,539.3,532.0,535.0,1645276
20-Feb-15,547.58,547.58,538.1,541.8,1911732
19-Feb-15,542.47,546.86,540.75,546.45,1541669
18-Feb-15,543.82,547.55,539.55,542.65,1558153
17-Feb-15,551.16,553.0,543.26,545.01,1958679
13-Feb-15,547.51,552.54,546.6,551.16,2369115
12-Feb-15,539.66,548.34,537.0,546.01,2429520
11-Feb-15,539.73,541.95,536.0,538.0,1915336
10-Feb-15,532.15,541.0,529.17,540.16,2371468
09-Feb-15,531.06,533.88,527.55,529.28,1515687
06-Feb-15,531.01,540.22,528.65,533.88,2146922
05-Feb-15,527.93,530.69,525.64,529.83,1658751
04-Feb-15,533.14,536.75,525.03,526.1,1694832
03-Feb-15,529.94,537.45,526.81,533.3,2353096
02-Feb-15,534.32,536.5,521.72,532.2,3768861
30-Jan-15,519.0,543.1,518.18,537.55,6055445
29-Jan-15,512.9,515.19,503.48,513.23,3950857
28-Jan-15,525.0,525.69,512.35,512.43,1791077
27-Jan-15,531.4,532.78,520.86,521.19,1957440
26-Jan-15,541.5,541.5,532.07,536.72,1546563
23-Jan-15,538.03,545.41,535.75,541.95,2298290
22-Jan-15,523.0,538.84,521.91,537.3,2803401
21-Jan-15,510.84,521.85,509.59,520.39,2317789
20-Jan-15,512.77,515.61,509.37,509.94,2343612
16-Jan-15,503.15,510.85,503.09,510.46,2482858
15-Jan-15,508.89,509.75,502.01,504.01,2556682
14-Jan-15,500.42,508.26,498.16,505.93,2639959
13-Jan-15,502.57,508.6,497.26,501.8,3050295
12-Jan-15,499.24,500.28,490.91,497.06,2856938
09-Jan-15,508.18,508.6,498.65,500.72,2100024
08-Jan-15,501.51,507.5,495.02,506.91,3662224
07-Jan-15,510.95,511.49,503.65,505.15,2345875
06-Jan-15,520.5,521.21,505.55,506.64,2731813
05-Jan-15,527.15,527.99,517.75,519.46,2059119
02-Jan-15,532.6,535.8,527.88,529.55,1327870
31-Dec-14,537.74,538.4,530.2,530.66,1236445
30-Dec-14,534.96,537.84,533.61,535.28,1048631
29-Dec-14,540.5,543.93,537.16,537.31,2218632
26-Dec-14,536.93,543.25,535.49,541.52,1113464
24-Dec-14,538.82,540.29,535.1,536.93,737848
23-Dec-14,534.51,542.3,533.72,538.77,2877222
22-Dec-14,520.61,532.97,520.59,532.3,3319461
19-Dec-14,516.99,520.81,508.86,520.04,4872059
18-Dec-14,515.99,516.25,506.56,514.62,3876732
17-Dec-14,499.86,509.07,499.11,506.45,3639437
16-Dec-14,513.6,515.58,497.19,498.16,4349882
15-Dec-14,523.76,525.37,515.4,515.84,2621977
12-Dec-14,527.44,532.24,521.46,521.51,2371543
11-Dec-14,530.01,537.04,529.16,532.11,2073290
10-Dec-14,535.9,539.36,527.49,528.04,2316204
09-Dec-14,525.88,536.65,523.41,536.11,2168813
08-Dec-14,529.22,533.82,527.0,530.73,3231818
05-Dec-14,536.7,538.2,527.26,528.08,3070118
04-Dec-14,537.64,542.69,534.89,542.58,1633688
03-Dec-14,537.5,541.4,535.21,536.97,1623977
02-Dec-14,539.45,541.85,534.66,538.59,2073974
01-Dec-14,545.09,548.79,538.62,539.65,1994399
28-Nov-14,547.0,549.6,544.48,549.08,1210061
26-Nov-14,549.23,549.88,545.23,547.73,1480294
25-Nov-14,547.21,552.5,546.91,549.23,1903589
24-Nov-14,546.57,551.19,544.15,547.48,1653773
21-Nov-14,551.04,551.04,545.0,545.89,2505988
20-Nov-14,542.09,545.38,541.5,543.76,1750758
19-Nov-14,544.75,548.22,539.19,547.2,1517286
18-Nov-14,547.93,552.79,543.8,544.51,1822166
17-Nov-14,555.19,555.19,544.44,546.64,1680621
14-Nov-14,558.0,558.0,552.51,555.19,1425060
13-Nov-14,560.81,560.82,554.09,556.44,1510989
12-Nov-14,561.15,561.25,555.5,558.25,1094114
11-Nov-14,558.52,562.5,556.24,561.29,1100179
10-Nov-14,552.4,560.63,551.62,558.23,1304481
07-Nov-14,555.6,555.6,549.35,551.82,1589131
06-Nov-14,555.5,556.8,550.58,551.69,1650721
05-Nov-14,566.79,566.9,554.15,555.95,1645264
04-Nov-14,561.16,564.79,558.3,564.19,1386509
03-Nov-14,563.53,567.15,561.63,563.77,1544338
31-Oct-14,568.3,568.73,564.81,567.87,2341539
30-Oct-14,558.25,562.5,552.13,560.27,1612469
29-Oct-14,560.85,564.97,555.98,558.45,2053355
28-Oct-14,551.71,559.2,550.43,558.94,1739666
27-Oct-14,547.76,554.0,547.2,549.88,1598409
24-Oct-14,554.98,555.0,545.16,548.9,2175767
23-Oct-14,548.28,557.4,545.5,553.65,2153678
22-Oct-14,541.05,550.76,540.23,542.69,2974550
21-Oct-14,537.27,538.77,530.2,538.03,2460140
20-Oct-14,520.45,533.16,519.14,532.38,2749830
17-Oct-14,540.45,543.45,518.41,522.97,5998740
16-Oct-14,527.0,540.99,524.95,536.92,3805046
15-Oct-14,542.08,543.92,528.42,540.73,3836222
14-Oct-14,550.14,558.63,544.5,548.69,2610033
13-Oct-14,555.13,560.88,544.43,544.75,2756508
10-Oct-14,567.47,575.23,555.01,555.19,2979673
09-Oct-14,581.61,582.53,569.03,570.81,2413453
08-Oct-14,574.79,584.69,567.64,583.74,2210360
07-Oct-14,584.9,585.85,574.1,574.1,1546228
06-Oct-14,589.95,592.4,585.4,587.78,1286130
03-Oct-14,584.1,588.29,583.5,586.25,1214593
02-Oct-14,578.0,583.24,574.05,580.88,1536935
01-Oct-14,586.8,588.72,578.02,579.63,1449686
30-Sep-14,587.49,591.0,584.5,588.41,1571688
29-Sep-14,581.83,589.31,581.57,587.81,1144982
26-Sep-14,585.93,589.57,585.0,587.9,1289090
25-Sep-14,596.99,598.07,584.74,585.25,1676485
24-Sep-14,591.57,600.11,590.3,598.42,1760953
23-Sep-14,595.0,596.65,590.24,591.18,1405078
22-Sep-14,602.5,603.8,593.12,597.27,1785101
19-Sep-14,599.49,605.4,597.76,605.4,4194630
18-Sep-14,595.05,597.56,593.02,597.27,1494467
17-Sep-14,589.51,596.07,587.12,593.29,1720921
16-Sep-14,580.95,590.15,580.95,588.78,1581589
15-Sep-14,582.24,583.92,577.01,581.64,1550110
12-Sep-14,590.39,591.48,583.28,584.9,1852271
11-Sep-14,590.0,591.94,586.04,591.11,1501451
10-Sep-14,591.74,593.72,587.14,593.42,1160291
09-Sep-14,600.27,600.6,590.48,591.97,1574573
08-Sep-14,599.14,603.52,598.02,601.63,1601244
05-Sep-14,595.13,598.5,593.55,597.78,1799855
04-Sep-14,592.13,598.0,590.6,593.14,1634585
03-Sep-14,591.73,594.49,586.5,589.52,1579779
02-Sep-14,582.95,589.3,582.4,588.63,1585277
29-Aug-14,582.35,582.9,578.24,582.36,1206884
28-Aug-14,580.02,584.71,577.88,580.32,1405950
27-Aug-14,587.81,589.37,580.9,583.0,1368766
26-Aug-14,592.0,592.05,587.45,588.12,1471953
25-Aug-14,594.77,595.58,589.26,590.57,1298049
22-Aug-14,593.27,594.99,589.8,592.54,877464
21-Aug-14,594.9,595.25,591.1,592.42,1133593
20-Aug-14,596.95,596.99,593.0,595.41,968617
19-Aug-14,595.59,597.81,594.44,597.11,1045258
18-Aug-14,587.1,595.05,586.55,592.7,1470756
15-Aug-14,587.5,589.47,580.76,583.71,1725358
14-Aug-14,586.69,587.8,580.92,584.65,1272879
13-Aug-14,576.45,586.12,575.2,584.56,1903282
12-Aug-14,575.0,575.9,569.91,572.12,1394939
11-Aug-14,579.0,579.69,575.3,577.25,1203357
08-Aug-14,572.02,579.56,569.02,577.94,1495022
07-Aug-14,576.05,578.31,569.43,571.81,1163027
06-Aug-14,569.5,578.64,567.45,574.49,1322878
05-Aug-14,579.38,580.2,570.31,573.14,1651342
04-Aug-14,576.51,583.82,572.26,582.27,1524818
01-Aug-14,578.56,583.43,570.3,573.6,2213790
31-Jul-14,588.96,591.99,577.68,579.55,2310471
30-Jul-14,595.81,598.45,592.7,595.44,1215576
29-Jul-14,597.7,598.49,592.17,593.95,1366729
28-Jul-14,597.75,601.1,592.59,599.02,1358071
25-Jul-14,599.25,601.0,595.75,598.08,1361911
24-Jul-14,605.53,608.91,601.0,603.01,1355974
23-Jul-14,602.05,607.05,601.35,605.19,1106136
22-Jul-14,599.7,608.89,599.26,603.57,1881665
21-Jul-14,601.35,604.16,594.45,598.44,2240111
18-Jul-14,603.01,606.7,590.92,605.11,4874260
17-Jul-14,588.97,589.5,576.85,580.82,2941648
16-Jul-14,596.89,597.0,590.25,590.62,1442211
15-Jul-14,595.15,595.3,585.31,593.06,1673979
14-Jul-14,590.6,594.86,586.69,594.26,1954612
11-Jul-14,581.0,588.23,580.58,586.65,1514265
10-Jul-14,573.0,585.25,572.1,580.04,1436326
09-Jul-14,578.95,584.1,577.0,583.36,1373056
08-Jul-14,586.36,587.97,574.0,578.4,2129924
07-Jul-14,593.51,595.64,587.94,590.76,1337088
03-Jul-14,591.7,594.25,589.0,593.08,898852
02-Jul-14,592.26,594.15,589.11,590.78,1197005
01-Jul-14,587.65,593.66,586.29,591.49,1644628
30-Jun-14,586.76,587.71,583.29,584.67,1479411
27-Jun-14,585.45,587.88,582.62,585.69,2022118
26-Jun-14,589.3,589.6,579.6,584.77,2012360
25-Jun-14,573.55,587.3,573.26,585.93,2114743
24-Jun-14,574.22,582.25,569.16,572.54,2844325
23-Jun-14,564.35,574.44,563.5,574.29,1724098
20-Jun-14,566.45,566.77,559.37,566.52,3162147
19-Jun-14,561.15,565.0,556.67,564.99,2630539
18-Jun-14,552.8,561.4,551.58,560.66,2060681
17-Jun-14,552.36,553.74,547.47,550.62,1481669
16-Jun-14,557.25,557.99,550.0,552.3,1971842
13-Jun-14,560.08,560.65,553.72,560.35,1353343
12-Jun-14,567.0,567.0,557.15,559.5,1549487
11-Jun-14,565.92,568.97,563.68,567.5,1129173
10-Jun-14,568.78,572.0,566.13,568.3,1485115
09-Jun-14,566.75,572.0,565.22,570.73,1529959
06-Jun-14,568.16,568.8,559.58,566.03,1740934
05-Jun-14,557.11,565.0,555.05,564.93,1796370
04-Jun-14,551.52,558.58,548.56,553.76,1729192
03-Jun-14,560.9,562.4,552.53,554.51,2031647
02-Jun-14,569.75,570.41,556.7,564.34,1663640
30-May-14,571.64,572.58,565.79,571.65,1871737
29-May-14,573.39,573.48,568.45,570.56,1411296
28-May-14,574.57,577.66,569.95,570.45,1581576
27-May-14,567.78,574.87,564.15,574.87,2191828
23-May-14,558.13,565.0,554.17,563.8,2672674
22-May-14,552.2,557.96,551.0,555.45,2149757
21-May-14,542.9,549.75,542.11,549.7,1564854
20-May-14,540.0,546.35,536.57,540.39,2425292
19-May-14,528.88,539.35,525.66,538.83,1977885
16-May-14,529.6,530.84,523.57,528.3,1907733
15-May-14,533.14,534.0,525.31,529.12,1833044
14-May-14,541.82,541.82,533.11,534.41,1281148
13-May-14,539.58,543.99,537.9,541.54,2011963
12-May-14,531.84,538.75,527.51,538.43,1949291
09-May-14,518.65,527.35,514.28,526.62,2261447
08-May-14,515.72,527.35,514.46,520.17,2452197
07-May-14,523.25,524.43,511.09,518.0,3074346
06-May-14,533.41,534.55,522.26,522.57,1835318
05-May-14,530.24,535.72,527.58,535.33,1228797
02-May-14,541.44,542.4,533.27,533.87,1781595
01-May-14,534.25,539.91,532.86,538.53,2004375
30-Apr-14,535.12,536.34,529.09,534.88,2038658
29-Apr-14,523.89,537.76,523.0,536.33,2535967
28-Apr-14,525.8,525.9,511.0,522.98,3752779
25-Apr-14,532.26,533.86,522.5,523.1,2372604
24-Apr-14,541.69,542.5,531.0,534.44,2069559
23-Apr-14,543.67,544.8,528.13,537.51,1959330
22-Apr-14,536.0,548.0,536.0,545.5,2331121
21-Apr-14,544.0,544.0,534.0,539.37,2425207
17-Apr-14,556.32,557.0,539.4,543.34,5616862
16-Apr-14,557.7,564.0,553.1,563.9,4588541
15-Apr-14,551.0,552.89,530.64,548.7,3999843
14-Apr-14,543.66,553.02,540.52,545.2,2541398
11-Apr-14,537.94,547.59,533.4,537.76,3175460
10-Apr-14,568.0,568.21,545.5,546.69,3296996
09-Apr-14,565.84,567.8,555.38,567.04,3033589
08-Apr-14,545.05,559.88,544.7,557.51,3488768
07-Apr-14,544.79,549.85,530.53,540.63,3961552
04-Apr-14,578.55,579.72,544.49,545.25,5366972
03-Apr-14,573.39,588.3,566.01,571.5,4019626
02-Apr-14,571.52,572.97,562.56,568.12,2088580
01-Apr-14,560.7,569.32,559.56,568.01,2182626
31-Mar-14,565.77,568.07,556.98,557.81,1942277
28-Mar-14,560.06,567.16,559.44,560.64,2258918
27-Mar-14,565.99,566.54,551.6,557.7,3826676
26-Mar-14,581.59,586.37,566.32,566.55,2580023
25-Mar-14,583.58,585.5,574.07,579.94,2413045
24-Mar-14,592.69,593.04,573.55,579.54,3039151
21-Mar-14,603.76,605.42,591.82,592.11,3210656
20-Mar-14,600.58,605.41,598.28,599.18,1684975
19-Mar-14,606.51,606.6,597.8,600.22,1612901
18-Mar-14,597.93,606.37,597.13,606.24,1821606
17-Mar-14,590.21,599.13,589.64,596.65,2166547
14-Mar-14,591.59,596.03,586.85,586.99,2301786
13-Mar-14,604.58,605.86,592.97,595.12,2345640
12-Mar-14,598.8,604.53,592.69,604.25,1966927
11-Mar-14,607.49,607.77,598.92,600.6,1715423
10-Mar-14,608.45,609.43,602.65,606.39,1215443
07-Mar-14,614.01,614.11,606.32,608.0,1515510
06-Mar-14,611.75,613.69,609.91,610.42,1269591
05-Mar-14,608.13,612.15,606.31,609.74,1236190
04-Mar-14,608.11,608.61,605.35,608.06,1471031
03-Mar-14,603.98,604.52,596.67,601.95,2108720
28-Feb-14,610.78,612.71,603.71,608.43,2314596
27-Feb-14,609.8,612.73,609.11,610.22,1260794
26-Feb-14,612.61,615.05,607.49,610.7,1983804
25-Feb-14,608.58,612.86,605.82,610.61,1444180
24-Feb-14,603.28,610.69,603.15,606.86,1675461
21-Feb-14,604.51,605.54,602.02,602.5,1863155
20-Feb-14,602.17,604.05,600.71,602.66,1701894
19-Feb-14,603.25,605.22,599.35,601.77,2105697
18-Feb-14,601.31,607.04,600.6,606.05,2110730
14-Feb-14,598.4,602.8,597.0,602.0,2194330
13-Feb-14,590.97,600.55,590.42,600.55,1836921
12-Feb-14,595.09,595.59,591.28,593.94,1725673
11-Feb-14,590.68,596.53,586.69,595.69,2052813
10-Feb-14,586.49,591.79,585.09,587.05,1945639
07-Feb-14,584.4,589.54,580.86,589.31,2687308
06-Feb-14,576.14,580.66,574.35,580.56,1948254
05-Feb-14,572.26,575.96,564.57,572.17,2400619
04-Feb-14,569.56,578.08,569.07,569.65,2815737
03-Feb-14,590.19,591.45,566.57,567.28,4575602
31-Jan-14,586.26,593.86,576.14,591.08,5569794
30-Jan-14,573.07,576.82,564.19,568.26,5141107
29-Jan-14,560.12,561.44,550.26,554.01,2411641
28-Jan-14,555.72,563.44,555.52,562.07,2217723
27-Jan-14,563.61,563.81,541.68,551.17,4362978
24-Jan-14,576.08,577.35,562.06,562.48,3926347
23-Jan-14,580.58,581.83,577.76,580.63,1951643
22-Jan-14,583.89,584.53,580.01,583.09,1573846
21-Jan-14,581.05,582.58,576.23,582.43,1981099
17-Jan-14,579.0,580.9,572.67,575.84,2766140
16-Jan-14,575.12,579.54,574.57,578.69,1685699
15-Jan-14,577.07,578.08,572.47,574.88,1951012
14-Jan-14,569.54,576.08,564.61,575.27,2484514
13-Jan-14,563.8,574.03,559.14,562.05,2425615
10-Jan-14,570.11,570.11,561.69,565.66,2145560
09-Jan-14,572.29,572.68,563.34,565.69,2085565
08-Jan-14,573.57,574.23,567.21,571.19,2243444
07-Jan-14,563.06,570.41,561.14,570.0,2553999
06-Jan-14,557.06,559.99,553.77,559.22,1770782
03-Jan-14,558.06,559.02,553.02,553.05,1669229
02-Jan-14,558.29,559.43,554.68,557.12,1822719
31-Dec-13,556.68,561.06,553.68,560.92,1358300
30-Dec-13,560.73,560.81,555.06,555.28,1236709
27-Dec-13,560.56,560.7,557.03,559.76,1570140
26-Dec-13,557.56,560.06,554.9,559.29,1338507
24-Dec-13,558.04,558.18,554.6,556.48,734170
23-Dec-13,554.47,558.46,553.11,558.11,1723430
20-Dec-13,545.19,551.14,544.54,550.86,3267417
19-Dec-13,541.27,546.54,540.08,543.65,1666006
18-Dec-13,536.53,543.02,530.05,542.92,2212546
17-Dec-13,537.59,540.92,534.72,535.46,1539917
16-Dec-13,532.04,537.88,531.54,537.03,1606175
13-Dec-13,538.14,538.68,529.47,530.92,2164759
12-Dec-13,540.32,542.01,535.03,535.51,1596498
11-Dec-13,544.24,546.21,538.12,539.18,1711835
10-Dec-13,538.36,546.7,538.36,542.87,1856112
09-Dec-13,535.58,541.7,534.54,539.61,1484103
06-Dec-13,535.43,535.53,530.57,535.47,1431235
05-Dec-13,529.13,530.36,526.07,529.2,1134919
04-Dec-13,526.21,532.52,525.52,529.62,1192139
03-Dec-13,526.0,532.25,525.03,527.16,1678054
02-Dec-13,532.29,533.71,525.91,527.77,1375234
29-Nov-13,531.61,533.84,530.25,530.32,1192773
27-Nov-13,531.55,534.53,530.53,532.09,1123559
26-Nov-13,524.82,531.28,521.99,529.73,2287182
25-Nov-13,519.1,527.12,518.03,523.49,1613009
22-Nov-13,517.23,518.6,515.13,516.46,1254310
21-Nov-13,514.01,519.67,513.51,517.55,1092497
20-Nov-13,515.49,517.2,510.69,511.67,965535
19-Nov-13,516.38,517.89,512.04,513.12,1131619
18-Nov-13,518.39,524.89,515.14,516.29,1760249
15-Nov-13,517.95,519.52,515.67,517.3,1277772
14-Nov-13,517.48,520.39,515.69,518.13,1168469
13-Nov-13,503.88,516.94,503.75,516.75,1584004
12-Nov-13,504.35,509.29,503.0,506.4,1218960
11-Nov-13,505.26,508.47,504.5,505.8,1112778
08-Nov-13,504.88,509.76,504.75,508.52,1294508
07-Nov-13,511.82,512.48,504.32,504.48,1680071
06-Nov-13,513.31,514.01,508.19,511.89,914624
05-Nov-13,510.69,516.34,509.22,511.27,1181488
04-Nov-13,516.27,516.7,511.53,513.57,1139185
01-Nov-13,516.41,518.52,513.06,514.03,1283938
31-Oct-13,514.98,521.28,512.5,515.81,1640035
30-Oct-13,519.23,519.27,513.51,515.73,1327100
29-Oct-13,510.06,518.99,507.26,518.64,1608296
28-Oct-13,508.11,512.23,507.0,508.01,1166400
25-Oct-13,514.92,514.92,505.88,508.11,2030838
24-Oct-13,516.45,520.81,512.91,513.29,2093154
23-Oct-13,501.0,517.89,500.82,516.22,2667586
22-Oct-13,503.0,507.01,498.39,504.0,2211479
21-Oct-13,506.24,510.01,500.27,502.15,3633166
18-Oct-13,488.78,508.24,487.49,506.21,11584258
17-Oct-13,446.94,448.9,443.31,444.84,4256622
16-Oct-13,443.38,449.61,442.45,449.46,2011786
15-Oct-13,438.32,443.26,437.44,441.45,1594777
14-Oct-13,433.76,438.56,433.13,438.49,1243673
11-Oct-13,433.45,437.18,433.08,436.43,1408912
10-Oct-13,432.35,434.85,430.54,434.55,2258931
09-Oct-13,428.57,431.76,421.91,428.36,2653118
08-Oct-13,433.09,433.42,426.24,427.26,1945418
07-Oct-13,434.16,437.43,432.49,433.3,1294017
04-Oct-13,437.94,439.19,435.44,436.61,1358454
03-Oct-13,444.44,447.5,436.49,438.48,2119212
02-Oct-13,441.81,445.12,439.35,444.44,1496334
01-Oct-13,440.56,444.28,440.46,443.95,1685208
30-Sep-13,434.97,440.86,434.59,438.39,1723763
27-Sep-13,437.85,439.2,436.09,438.63,1258822
26-Sep-13,439.59,441.82,437.94,439.52,1260307
25-Sep-13,443.72,443.72,438.24,439.05,1654113
24-Sep-13,443.69,445.5,441.14,443.86,1486783
23-Sep-13,448.52,451.25,443.04,443.69,1778378
20-Sep-13,449.64,452.52,448.26,452.01,4348349
19-Sep-13,453.45,453.45,448.15,449.64,1598201
18-Sep-13,443.62,452.44,441.98,452.11,1937266
17-Sep-13,444.15,444.64,440.94,443.5,1260257
16-Sep-13,448.55,448.95,442.88,444.32,1341311
13-Sep-13,447.7,448.29,442.86,444.98,1326886
12-Sep-13,449.15,449.4,445.45,446.98,1095465
11-Sep-13,444.71,448.93,443.48,448.54,1610146
10-Sep-13,445.46,446.45,442.44,444.78,1287836
09-Sep-13,442.31,445.32,441.65,444.47,1235064
06-Sep-13,441.66,442.33,437.31,440.23,1561755
05-Sep-13,437.19,440.38,436.24,440.22,1292601
04-Sep-13,430.6,437.19,428.01,436.25,2041640
03-Sep-13,427.61,433.53,427.4,430.62,2047736
30-Aug-13,428.31,429.45,423.2,423.87,1861554
29-Aug-13,424.96,430.62,424.72,428.14,1478494
28-Aug-13,425.55,428.13,424.31,424.7,1330324
27-Aug-13,430.24,432.3,424.37,425.5,1734031
26-Aug-13,435.43,437.89,433.46,433.63,1056184
23-Aug-13,439.35,439.44,435.31,435.54,1077093
22-Aug-13,436.79,437.81,435.56,437.29,870491
21-Aug-13,435.76,438.89,433.68,435.1,1761596
20-Aug-13,434.61,436.49,432.2,433.14,1236259
19-Aug-13,429.28,436.44,429.15,433.26,1811425
16-Aug-13,431.07,431.65,428.7,428.88,1675387
15-Aug-13,432.65,432.89,429.43,430.26,1870812
14-Aug-13,439.62,440.56,434.01,435.34,2083229
13-Aug-13,443.86,444.69,438.54,441.07,1420462
12-Aug-13,443.89,443.94,441.27,443.2,1377354
09-Aug-13,445.73,448.21,445.44,445.65,1323761
08-Aug-13,448.19,448.37,443.09,446.78,1488045
07-Aug-13,447.97,449.67,444.99,445.77,1380382
06-Aug-13,452.8,455.31,448.31,448.73,1506475
05-Aug-13,453.15,453.22,450.05,452.95,1309921
02-Aug-13,452.17,453.95,450.86,453.74,1717765
01-Aug-13,447.95,452.73,447.95,452.56,2138314
31-Jul-13,446.94,448.7,443.53,444.32,2173446
30-Jul-13,443.17,448.25,440.88,445.91,1756116
29-Jul-13,442.89,447.86,440.89,441.58,1893042
26-Jul-13,443.94,445.44,441.44,443.12,1778244
25-Jul-13,447.38,448.87,443.48,444.29,3005227
24-Jul-13,454.08,455.61,450.8,451.9,2080778
23-Jul-13,455.81,456.96,450.23,452.35,2046745
22-Jul-13,451.45,456.79,448.95,455.81,2904179
19-Jul-13,443.75,451.93,438.24,448.75,7363398
18-Jul-13,459.95,460.46,452.05,455.8,3634430
17-Jul-13,460.96,463.89,458.61,459.73,1506168
16-Jul-13,464.03,464.45,457.41,460.26,1983527
15-Jul-13,462.61,464.46,458.64,462.81,1961361
12-Jul-13,460.46,461.96,458.08,461.96,2568942
11-Jul-13,456.96,460.87,454.71,460.58,2587845
10-Jul-13,452.18,456.02,450.64,453.45,1715973
09-Jul-13,455.96,456.93,449.44,453.07,1979338
08-Jul-13,450.06,453.59,448.99,453.0,1970157
05-Jul-13,445.45,448.15,444.11,447.19,1701830
03-Jul-13,440.39,445.03,439.69,443.66,1048628
02-Jul-13,445.55,445.95,439.07,441.6,1891812
01-Jul-13,443.67,446.49,442.94,444.38,1726780
28-Jun-13,437.89,441.36,437.53,440.62,2350049
27-Jun-13,439.84,442.79,438.76,438.97,1926554
26-Jun-13,437.31,439.44,435.72,437.26,1832735
25-Jun-13,439.07,440.28,432.69,433.53,2553889
24-Jun-13,436.38,438.6,432.06,435.33,3020242
21-Jun-13,444.61,445.38,436.97,440.91,3982214
20-Jun-13,447.44,450.95,442.1,442.81,3377578
19-Jun-13,451.14,455.88,449.2,450.79,2917112
18-Jun-13,444.77,450.95,444.62,450.76,2167878
17-Jun-13,440.05,445.16,439.58,443.57,2147298
14-Jun-13,440.49,442.79,437.5,437.96,2242338
13-Jun-13,434.92,440.27,433.18,438.94,2071259
12-Jun-13,443.17,443.44,435.26,436.43,2205049
11-Jun-13,442.43,443.94,440.2,440.34,1752874
10-Jun-13,441.49,445.95,440.49,445.56,2338184
07-Jun-13,435.65,440.44,433.09,440.3,2675269
06-Jun-13,432.58,433.6,424.03,432.75,2579605
05-Jun-13,431.69,435.16,428.99,430.28,2107041
04-Jun-13,434.36,435.73,427.46,429.98,1868745
03-Jun-13,432.2,437.42,427.94,434.25,2476996
31-May-13,434.49,438.94,434.19,436.04,1969857
30-May-13,435.39,439.89,433.64,435.82,2120987
29-May-13,438.29,439.43,432.58,434.59,2014246
28-May-13,442.19,446.52,440.64,441.08,2257714
24-May-13,438.07,439.85,435.94,437.1,2296760
23-May-13,438.94,445.42,437.44,441.84,2279347
22-May-13,451.73,455.11,443.88,445.15,2561294
21-May-13,454.46,456.29,449.25,453.94,1983385
20-May-13,452.95,460.76,452.95,454.72,2272942
17-May-13,455.46,457.2,450.71,455.04,2792663
16-May-13,459.96,460.45,451.46,452.39,3211738
15-May-13,448.2,458.65,447.46,458.4,3995319
14-May-13,439.19,444.79,439.01,443.99,1581296
13-May-13,439.88,441.68,437.13,439.2,1448730
10-May-13,438.09,440.71,436.52,440.56,1900717
09-May-13,435.86,440.27,434.55,436.18,2200758
08-May-13,428.93,437.38,426.88,437.25,2468403
07-May-13,431.94,432.37,425.76,429.04,1967986
06-May-13,424.55,431.36,424.55,431.21,2141834
03-May-13,418.9,423.82,418.42,423.28,2512661
02-May-13,410.46,417.69,409.93,415.22,2018546
01-May-13,412.04,412.77,408.59,410.63,1455634
30-Apr-13,409.91,414.23,409.25,412.7,2306836
29-Apr-13,402.03,411.76,401.9,409.94,2301967
26-Apr-13,404.2,404.27,398.69,401.11,2488237
25-Apr-13,408.53,408.64,404.22,404.95,1992301
24-Apr-13,404.46,409.41,404.4,407.13,1829151
23-Apr-13,400.9,408.16,400.58,404.35,2299900
22-Apr-13,400.7,402.38,387.89,400.46,2883407
19-Apr-13,384.96,402.12,383.51,400.33,5804316
18-Apr-13,393.07,393.29,381.01,383.34,3328777
17-Apr-13,393.77,395.82,389.44,391.67,2037355
16-Apr-13,393.69,398.4,392.35,397.08,1742374
15-Apr-13,393.37,398.9,388.9,391.36,2454767
12-Apr-13,396.39,396.45,391.86,395.42,1636829
11-Apr-13,396.84,396.95,392.42,395.59,2028766
10-Apr-13,391.85,396.57,388.39,395.49,1978862
09-Apr-13,388.14,392.27,386.94,389.21,2157928
08-Apr-13,389.76,390.16,384.58,387.81,2832718
05-Apr-13,393.42,393.89,388.59,391.92,3433994
04-Apr-13,402.53,403.28,396.05,397.93,2448102
03-Apr-13,407.14,407.51,400.73,403.5,1738753
02-Apr-13,402.67,407.82,402.4,406.93,2041713
01-Apr-13,397.9,401.53,397.02,401.0,1807580
28-Mar-13,402.4,403.09,397.05,397.49,2287712
27-Mar-13,403.74,403.9,401.07,401.73,2163295
26-Mar-13,407.16,407.41,404.3,406.62,1191912
25-Mar-13,406.61,410.02,403.81,405.22,1712684
22-Mar-13,407.78,408.03,405.22,405.56,1491678
21-Mar-13,406.05,408.87,405.33,406.04,1477590
20-Mar-13,408.82,409.16,406.13,407.76,1464122
19-Mar-13,406.03,410.03,403.63,406.07,2098176
18-Mar-13,402.9,406.79,401.14,404.3,1838552
15-Mar-13,409.66,410.56,407.08,407.56,3099791
14-Mar-13,413.91,413.91,409.1,411.18,1651111
13-Mar-13,414.36,415.76,411.57,413.07,1641413
12-Mar-13,415.77,416.36,412.25,414.22,2008979
11-Mar-13,416.26,420.27,416.17,417.83,1595678
08-Mar-13,417.67,417.88,412.94,416.18,2912283
07-Mar-13,417.45,418.73,415.2,416.71,2054238
06-Mar-13,420.93,422.42,414.82,416.11,2873998
05-Mar-13,414.88,420.5,414.86,419.72,4045034
04-Mar-13,403.05,411.83,402.9,411.16,2776185
01-Mar-13,399.3,403.97,398.47,403.5,2175425
28-Feb-13,400.95,403.9,400.92,401.0,2265874
27-Feb-13,397.8,402.78,395.95,400.29,2028515
26-Feb-13,397.9,398.37,392.59,395.46,2205059
25-Feb-13,401.55,404.61,395.64,395.78,2307008
22-Feb-13,400.03,401.03,397.3,400.25,2054050
21-Feb-13,399.4,403.13,396.01,398.16,3511036
20-Feb-13,403.05,404.89,396.29,396.63,2765029
19-Feb-13,398.39,403.9,398.04,403.83,2932924
15-Feb-13,394.09,397.03,393.93,396.84,2729917
14-Feb-13,390.25,394.76,389.27,394.3,1735219
13-Feb-13,390.46,393.07,390.37,391.82,1198170
12-Feb-13,391.27,394.34,390.07,390.74,1858945
11-Feb-13,389.59,391.89,387.26,391.6,2167656
08-Feb-13,390.46,393.73,390.17,393.08,3024853
07-Feb-13,385.23,389.79,383.13,387.36,2840506
06-Feb-13,379.91,386.87,379.63,385.47,2079687
05-Feb-13,380.95,385.94,380.11,383.25,1870716
04-Feb-13,384.23,385.62,379.51,379.89,3041242
01-Feb-13,379.5,388.7,379.4,388.2,3746165
31-Jan-13,375.63,379.19,375.5,378.22,1634556
30-Jan-13,377.25,380.86,376.83,377.29,1732972
29-Jan-13,373.75,378.85,373.64,377.22,1747734
28-Jan-13,376.26,378.18,374.32,375.74,1627833
25-Jan-13,375.76,379.62,375.5,377.21,2225811
24-Jan-13,370.99,378.79,370.62,377.29,3383596
23-Jan-13,368.36,374.87,368.26,371.12,5911865
22-Jan-13,352.68,353.02,348.11,351.79,3792336
18-Jan-13,355.54,356.74,351.02,352.61,3226898
17-Jan-13,359.21,360.18,355.87,356.02,2212357
16-Jan-13,361.56,362.53,357.19,357.95,2024991
15-Jan-13,360.02,367.87,356.41,362.83,3927990
14-Jan-13,368.87,371.47,361.54,361.99,2864106
11-Jan-13,371.37,371.58,368.52,370.36,1285125
10-Jan-13,371.79,372.87,367.12,371.11,1835780
09-Jan-13,366.5,369.54,364.66,369.43,2025751
08-Jan-13,368.14,368.52,362.58,367.02,1676740
07-Jan-13,368.09,370.06,365.66,367.74,1655967
04-Jan-13,365.03,371.11,364.2,369.35,2763552
03-Jan-13,362.83,366.33,360.72,362.2,2318140
02-Jan-13,360.07,363.86,358.63,361.99,2542268
31-Dec-12,350.35,355.64,348.35,354.04,1997733
28-Dec-12,351.2,353.81,350.36,350.36,1403926
27-Dec-12,353.92,354.77,349.65,353.5,1647392
26-Dec-12,354.39,356.8,351.56,354.79,1182572
24-Dec-12,357.61,357.95,354.09,355.1,841931
21-Dec-12,357.34,359.77,355.62,358.17,3527849
20-Dec-12,361.99,362.69,358.84,361.54,1657153
19-Dec-12,360.72,361.86,358.7,360.42,1919799
18-Dec-12,358.66,364.91,357.88,360.9,3005138
17-Dec-12,353.1,369.51,352.36,360.75,3036763
14-Dec-12,349.93,354.26,349.56,351.33,2130595
13-Dec-12,358.32,358.6,350.12,351.7,3446306
12-Dec-12,349.96,352.11,347.09,349.13,2426299
11-Dec-12,345.34,351.31,344.2,348.79,2687956
10-Dec-12,343.04,346.17,342.24,343.05,1366866
07-Dec-12,347.85,348.79,341.55,342.45,1919476
06-Dec-12,344.14,348.15,342.6,345.91,1462216
05-Dec-12,346.42,347.6,341.51,344.25,1862735
04-Dec-12,347.85,348.1,343.19,345.86,1991605
03-Dec-12,351.47,353.3,347.4,347.97,2193948
30-Nov-12,346.0,349.96,343.19,349.53,3164441
29-Nov-12,344.23,347.3,341.34,346.29,2780544
28-Nov-12,334.34,342.8,332.28,342.18,3041940
27-Nov-12,330.42,337.84,329.33,335.69,2509598
26-Nov-12,333.55,333.83,329.84,330.91,2205527
23-Nov-12,335.32,335.33,333.38,334.32,922477
21-Nov-12,334.83,335.23,330.53,333.27,2113011
20-Nov-12,335.09,339.34,332.62,335.32,2089086
19-Nov-12,328.18,334.79,328.09,334.44,2369716
16-Nov-12,323.32,326.83,318.32,323.91,3438500
15-Nov-12,325.32,330.33,322.27,323.95,1848939
14-Nov-12,330.66,331.42,325.58,326.6,1668322
13-Nov-12,331.83,334.13,329.44,329.86,1594639
12-Nov-12,332.21,335.23,330.77,333.28,1405870
09-Nov-12,327.65,334.5,325.48,331.85,3114084
08-Nov-12,335.44,336.08,325.94,326.47,2598676
07-Nov-12,337.84,339.46,333.58,333.89,2232438
06-Nov-12,343.08,343.59,339.11,341.2,1582936
05-Nov-12,342.59,343.77,338.12,341.82,1635894
02-Nov-12,347.74,348.12,344.03,344.3,2324569
01-Nov-12,340.09,345.8,339.7,344.14,2050471
31-Oct-12,340.27,340.84,337.84,340.49,1537001
26-Oct-12,338.59,341.86,335.94,337.91,1950865
25-Oct-12,340.34,341.34,337.09,339.22,2403696
24-Oct-12,343.74,343.84,337.97,338.99,2496411
23-Oct-12,336.34,344.01,336.34,340.52,2916978
22-Oct-12,340.85,342.66,335.18,339.67,4057872
19-Oct-12,353.14,353.7,336.34,341.24,11483428
18-Oct-12,378.15,380.09,338.34,347.85,12442346
17-Oct-12,372.35,378.55,370.5,378.12,2292819
16-Oct-12,370.44,373.87,368.6,372.72,2058468
15-Oct-12,371.34,372.29,365.72,370.86,3020098
12-Oct-12,376.3,377.81,372.42,372.75,2406787
11-Oct-12,376.83,379.63,375.52,376.12,2383987
10-Oct-12,371.3,374.14,369.51,372.65,2041203
09-Oct-12,380.22,381.04,371.64,372.42,3003884
08-Oct-12,380.88,382.17,377.45,379.3,1958625
05-Oct-12,385.74,387.58,382.88,384.21,2737751
04-Oct-12,381.76,385.33,380.08,384.41,2454496
03-Oct-12,378.24,382.34,376.48,381.63,2208639
02-Oct-12,382.98,383.38,375.51,378.87,2790375
01-Oct-12,379.9,382.88,378.48,381.27,3168477
28-Sep-12,377.45,380.03,375.95,377.63,2784091
27-Sep-12,380.35,381.8,376.2,378.63,3932272
26-Sep-12,375.3,381.0,370.87,377.11,5674334
25-Sep-12,376.9,382.83,374.2,374.95,6061033
24-Sep-12,365.87,375.4,365.49,375.06,3565837
21-Sep-12,366.47,367.83,365.43,367.36,6360376
20-Sep-12,362.6,366.06,360.97,364.42,2907854
19-Sep-12,359.11,364.64,358.56,364.11,3098782
18-Sep-12,354.24,359.69,353.74,359.5,2067249
17-Sep-12,354.41,356.8,352.85,355.34,1508307
14-Sep-12,355.15,356.86,353.86,355.19,2618874
13-Sep-12,346.89,354.85,345.62,353.37,2659302
12-Sep-12,345.05,347.8,340.78,345.78,2642260
11-Sep-12,349.33,350.68,345.85,346.44,1874004
10-Sep-12,355.23,356.76,349.54,350.74,2560067
07-Sep-12,350.35,356.48,349.18,353.43,3236308
06-Sep-12,343.32,350.29,342.71,350.05,3044450
05-Sep-12,340.34,343.59,339.91,340.7,1708169
04-Sep-12,342.62,342.84,337.09,340.86,1889613
31-Aug-12,342.34,344.63,340.36,342.89,2127125
30-Aug-12,342.46,344.04,340.43,341.18,1627704
29-Aug-12,339.02,344.84,338.41,344.35,2991037
28-Aug-12,332.83,339.15,332.7,338.96,2058938
27-Aug-12,331.83,336.34,329.95,334.94,2614131
24-Aug-12,338.14,340.57,337.38,339.65,1429267
23-Aug-12,337.47,340.58,335.84,338.74,1784453
22-Aug-12,334.02,340.64,333.68,338.93,1909262
21-Aug-12,336.89,339.34,331.42,335.09,2222805
20-Aug-12,338.09,339.77,336.67,338.11,1758421
17-Aug-12,337.4,338.96,336.19,338.91,2177896
16-Aug-12,334.09,337.66,333.87,336.77,1717691
15-Aug-12,335.48,337.46,332.38,334.1,2411100
14-Aug-12,329.95,336.76,329.83,334.66,3662178
13-Aug-12,324.03,330.41,323.66,330.34,3268073
10-Aug-12,319.61,321.44,318.38,321.32,1434408
09-Aug-12,322.58,323.51,321.08,321.5,1070288
08-Aug-12,319.84,323.26,319.57,321.44,1322386
07-Aug-12,321.22,322.45,318.55,320.59,1982695
06-Aug-12,320.12,325.01,319.93,321.73,1782494
03-Aug-12,320.32,322.18,318.39,320.99,1897446
02-Aug-12,313.07,319.33,312.02,314.69,1977690
01-Aug-12,318.97,320.07,316.01,316.66,1844556
31-Jul-12,314.44,318.57,314.42,316.8,1865890
30-Jul-12,318.34,321.62,315.06,316.47,2186717
27-Jul-12,309.75,317.82,309.06,317.8,3550174
26-Jul-12,307.81,308.74,305.32,306.99,1687485
25-Jul-12,304.46,307.0,302.99,304.3,1822973
24-Jul-12,307.81,309.27,302.47,304.09,2012189
23-Jul-12,300.54,309.48,299.42,308.06,3561818
20-Jul-12,304.68,306.78,299.39,305.72,6463748
19-Jul-12,293.36,299.54,293.29,296.83,4674637
18-Jul-12,288.78,292.14,288.35,290.67,1550950
17-Jul-12,289.5,290.63,284.48,288.65,1681568
16-Jul-12,288.47,289.88,286.18,287.75,1462861
13-Jul-12,286.36,289.86,284.56,288.55,1976558
12-Jul-12,283.84,286.25,281.33,285.53,2310094
11-Jul-12,288.44,289.21,282.75,285.88,3500946
10-Jul-12,295.39,296.51,289.66,291.14,1923015
09-Jul-12,292.77,294.59,290.92,293.3,1715020
06-Jul-12,296.52,297.06,291.7,293.28,2162328
05-Jul-12,294.67,300.33,294.56,298.26,2345901
03-Jul-12,290.3,294.5,289.29,294.21,1190525
02-Jul-12,291.2,291.79,288.54,290.53,1655563
29-Jun-12,287.77,290.36,286.39,290.33,2522562
28-Jun-12,283.23,283.4,278.88,282.44,1922064
27-Jun-12,284.13,287.28,283.29,284.94,1692446
26-Jun-12,281.66,283.58,280.02,282.62,1351151
25-Jun-12,283.95,284.33,278.95,280.63,1582036
22-Jun-12,284.28,286.03,283.19,286.03,2229125
21-Jun-12,290.21,290.21,282.15,282.89,2011322
20-Jun-12,290.19,290.29,287.04,289.04,2346698
19-Jun-12,287.08,292.43,286.85,291.06,2076629
18-Jun-12,281.59,287.39,279.9,285.71,2497864
15-Jun-12,280.45,282.54,278.82,282.54,3002511
14-Jun-12,280.93,282.82,278.54,279.8,2345107
13-Jun-12,281.14,283.78,279.62,280.83,1954607
12-Jun-12,285.17,285.44,279.57,282.83,3224142
11-Jun-12,292.4,292.95,283.63,284.53,2662269
08-Jun-12,288.21,290.79,287.58,290.52,1410366
07-Jun-12,294.09,294.24,288.91,289.4,1759532
06-Jun-12,288.53,291.28,287.09,290.58,2096173
05-Jun-12,288.01,289.35,283.52,285.49,2340477
04-Jun-12,285.4,290.54,285.29,289.58,2433786
01-Jun-12,286.18,286.61,284.46,285.78,3058314
31-May-12,294.65,295.29,289.79,290.72,2969455
30-May-12,294.37,296.25,292.06,294.41,1906629
29-May-12,298.2,299.86,294.45,297.47,2606651
25-May-12,300.8,301.17,294.43,296.06,3582472
24-May-12,304.88,306.27,299.73,302.13,1892185
23-May-12,301.13,305.1,298.86,305.03,3178016
22-May-12,307.03,307.21,298.3,300.7,3052748
21-May-12,300.56,308.16,300.3,307.36,3075829
18-May-12,312.86,316.53,298.65,300.5,5976129
17-May-12,317.23,319.24,310.93,311.84,3354518
16-May-12,309.29,315.37,308.28,314.78,4837424
15-May-12,302.98,307.81,302.18,305.86,2102339
14-May-12,300.69,304.55,300.59,302.3,1824733
11-May-12,305.48,307.58,302.69,302.92,2099726
10-May-12,306.79,308.4,305.42,307.14,1535877
09-May-12,303.71,308.5,301.21,304.88,2329546
08-May-12,303.07,308.76,300.65,306.7,2678485
07-May-12,297.8,305.59,297.8,304.08,1994515
04-May-12,303.26,304.25,298.7,298.78,2207360
03-May-12,305.11,307.72,304.78,305.82,1868187
02-May-12,300.9,304.36,300.61,303.93,1611434
01-May-12,302.2,306.11,300.4,302.52,2002424
30-Apr-12,306.8,308.35,300.6,302.73,2407213
27-Apr-12,307.82,308.68,305.61,307.8,1636399
26-Apr-12,305.76,309.31,305.15,308.04,2093733
25-Apr-12,302.3,305.98,301.74,305.16,1821042
24-Apr-12,299.42,303.62,298.96,300.94,1933303
23-Apr-12,296.75,299.52,295.4,299.1,2197933
20-Apr-12,302.43,304.73,298.21,298.33,3058961
19-Apr-12,303.15,308.44,299.8,299.95,3295787
18-Apr-12,304.33,306.71,301.71,304.03,2670380
17-Apr-12,304.58,309.15,303.81,305.09,3024414
16-Apr-12,311.81,312.22,301.13,303.34,5693458
13-Apr-12,324.1,324.82,312.08,312.61,8163012
12-Apr-12,321.5,326.9,320.45,325.83,5756582
11-Apr-12,317.3,318.32,315.97,318.3,2200268
10-Apr-12,317.08,317.57,312.59,313.74,2485078
09-Apr-12,314.55,317.98,312.96,315.74,2183535
05-Apr-12,316.44,318.53,314.6,316.48,2319712
04-Apr-12,319.54,319.82,315.87,317.89,1628272
03-Apr-12,323.03,324.3,319.64,321.63,2044857
02-Apr-12,320.71,324.07,317.74,323.78,2284338
30-Mar-12,326.2,327.07,320.82,320.94,2312245
29-Mar-12,327.05,328.62,322.47,324.53,1924315
28-Mar-12,326.34,329.62,325.87,328.21,2538808
27-Mar-12,323.84,327.08,322.72,323.83,2008804
26-Mar-12,322.82,325.07,320.09,324.99,1821467
23-Mar-12,323.62,324.57,320.77,321.62,1940335
22-Mar-12,319.57,324.72,315.82,323.35,2410320
21-Mar-12,317.62,324.02,316.57,320.31,2469637
20-Mar-12,315.78,318.35,313.95,317.06,1540778
19-Mar-12,311.87,318.95,310.93,317.31,2172971
16-Mar-12,310.76,313.27,310.34,312.83,3050457
15-Mar-12,308.61,312.06,307.72,310.88,2435340
14-Mar-12,307.81,311.7,307.04,308.3,2936857
13-Mar-12,304.68,309.23,303.08,309.2,2247354
12-Mar-12,300.3,303.8,299.93,302.88,1669376
09-Mar-12,304.28,306.26,300.3,300.43,2671524
08-Mar-12,305.33,306.06,303.48,303.87,1345428
07-Mar-12,304.83,305.9,303.23,303.7,1264892
06-Mar-12,304.33,304.71,297.22,302.78,3175216
05-Mar-12,310.53,311.56,306.0,307.43,1593250
02-Mar-12,311.31,312.31,310.47,310.94,1573214
01-Mar-12,311.44,313.16,309.38,311.51,2238010
29-Feb-12,309.61,313.11,308.06,309.43,3136837
28-Feb-12,305.3,310.19,304.14,309.5,2847797
27-Feb-12,303.6,306.49,302.83,304.96,1814618
24-Feb-12,303.98,306.13,303.06,305.25,1937074
23-Feb-12,303.8,304.27,300.48,303.36,2055030
22-Feb-12,306.29,308.7,303.66,304.27,1967855
21-Feb-12,302.24,309.25,301.74,307.31,2481110
17-Feb-12,302.79,304.12,301.5,302.62,2449229
16-Feb-12,301.71,304.71,299.16,303.56,2530861
15-Feb-12,306.77,306.77,301.58,303.08,2426960
14-Feb-12,306.08,306.31,302.68,305.18,1803851
13-Feb-12,305.56,307.23,305.32,306.41,1816551
10-Feb-12,304.24,304.37,302.3,303.26,2325443
09-Feb-12,306.32,307.56,304.8,306.04,2265433
08-Feb-12,304.62,305.98,302.67,305.23,1836963
07-Feb-12,303.88,305.0,302.18,303.69,2092035
06-Feb-12,297.8,305.72,297.3,304.85,3679755
03-Feb-12,295.63,298.83,294.32,298.46,3169260
02-Feb-12,292.73,293.5,291.33,292.85,2414672
01-Feb-12,292.76,293.04,289.86,290.71,2320950
31-Jan-12,291.79,292.29,287.86,290.35,2142716
30-Jan-12,289.31,290.29,286.99,289.13,2330967
27-Jan-12,285.68,290.45,284.95,290.28,3618815
26-Jan-12,286.28,287.53,282.56,284.33,3228004
25-Jan-12,289.04,289.64,283.47,285.03,4988196
24-Jan-12,293.45,294.13,289.29,290.76,3056391
23-Jan-12,293.29,294.62,291.87,293.05,3413040
20-Jan-12,295.56,295.8,291.14,293.29,10576774
19-Jan-12,320.82,320.82,316.05,320.1,6305274
18-Jan-12,313.63,317.32,311.37,316.77,2763190
17-Jan-12,316.31,316.31,313.15,314.6,1909394
13-Jan-12,313.44,313.79,310.84,312.81,2307338
12-Jan-12,315.93,316.76,313.56,315.13,1875854
11-Jan-12,312.06,315.01,310.87,313.29,2400582
10-Jan-12,315.19,317.22,308.76,311.88,4395615
09-Jan-12,323.57,323.82,310.93,311.54,5825720
06-Jan-12,329.9,330.33,325.22,325.34,1438122
05-Jan-12,331.4,332.32,328.44,329.83,3283277
04-Jan-12,332.85,335.46,330.64,334.47,2864365
03-Jan-12,326.8,334.41,326.51,333.04,3677850
30-Dec-11,321.33,323.7,321.33,323.27,1782859
29-Dec-11,321.07,321.82,317.92,321.52,1575595
28-Dec-11,321.7,322.82,319.37,320.17,2127130
27-Dec-11,316.34,322.57,316.32,320.45,1609052
23-Dec-11,316.32,317.66,315.6,316.89,1453723
22-Dec-11,314.29,316.18,313.82,315.16,1824156
21-Dec-11,315.32,316.23,309.79,313.22,2498154
20-Dec-11,314.31,316.24,314.31,315.5,2388184
19-Dec-11,314.32,314.56,310.31,311.23,2144189
16-Dec-11,312.47,314.97,311.05,313.29,4459782
15-Dec-11,311.57,312.31,309.65,310.08,2409785
14-Dec-11,311.24,312.47,306.55,309.34,3904882
13-Dec-11,314.69,318.6,311.74,313.13,4028638
12-Dec-11,311.25,313.4,310.46,313.01,2185234
09-Dec-11,309.31,314.88,308.81,314.02,2768503
08-Dec-11,310.83,314.04,307.96,308.33,2414400
07-Dec-11,311.15,313.14,309.36,312.01,2257980
06-Dec-11,311.81,314.62,310.43,312.2,2326518
05-Dec-11,314.13,316.27,311.51,313.14,3198026
02-Dec-11,308.83,312.31,308.44,310.49,4085965
01-Dec-11,300.3,308.31,299.8,307.19,3621293
30-Nov-11,299.27,300.05,296.34,299.99,3397279
29-Nov-11,294.23,295.48,290.96,291.76,1832619
28-Nov-11,289.97,294.7,288.54,294.39,2828967
25-Nov-11,282.88,287.42,280.95,281.78,1562341
23-Nov-11,287.96,290.42,285.34,285.34,2325986
22-Nov-11,290.29,292.78,287.91,290.29,2405579
21-Nov-11,294.17,294.54,286.33,290.76,3001666
18-Nov-11,301.3,302.55,297.17,297.74,3287618
17-Nov-11,305.33,306.45,298.69,300.74,3493472
16-Nov-11,306.35,309.46,305.61,306.04,2610280
15-Nov-11,306.71,309.35,305.56,308.59,2675961
14-Nov-11,304.3,309.35,304.19,306.81,3188932
11-Nov-11,300.95,306.35,299.6,304.48,3977320
10-Nov-11,303.27,303.28,296.08,297.84,2868599
09-Nov-11,302.43,305.0,299.63,300.78,3711062
08-Nov-11,304.8,307.49,302.1,306.48,3029383
07-Nov-11,296.96,304.69,296.41,304.47,3358867
04-Nov-11,297.05,300.17,296.51,298.37,2835379
03-Nov-11,293.79,299.05,292.15,299.05,2669745
02-Nov-11,292.74,294.27,290.53,292.7,2121899
01-Nov-11,290.34,293.05,288.66,289.61,3125199
31-Oct-11,297.84,300.14,296.13,296.62,2557738
28-Oct-11,297.56,301.45,297.42,300.37,2508147
27-Oct-11,299.51,301.65,296.95,299.63,3780722
26-Oct-11,295.07,295.39,286.72,293.45,2873690
25-Oct-11,296.85,297.8,291.72,291.87,2540445
24-Oct-11,293.65,300.28,293.54,298.51,3427548
21-Oct-11,295.05,296.67,293.64,295.54,3394233
20-Oct-11,291.24,294.74,290.04,292.13,3379069
19-Oct-11,293.96,296.33,289.9,290.64,2931804
18-Oct-11,290.39,296.58,288.99,295.55,3802493
17-Oct-11,292.15,296.21,289.29,291.5,4008302
14-Oct-11,300.03,300.1,294.08,296.14,8532242
13-Oct-11,275.29,279.78,274.28,279.77,5687512
12-Oct-11,274.34,277.89,272.59,274.52,3178044
11-Oct-11,267.0,273.67,267.0,271.86,2853777
10-Oct-11,262.85,269.0,261.86,268.85,2322903
07-Oct-11,258.67,260.51,255.41,257.82,2856047
06-Oct-11,254.0,257.87,251.55,257.61,3424623
05-Oct-11,248.42,254.15,240.63,252.6,4534752
04-Oct-11,245.26,251.97,240.54,251.2,4159130
03-Oct-11,255.18,256.26,247.75,248.01,4473863
30-Sep-11,260.37,262.26,257.45,257.78,2724908
29-Sep-11,268.29,268.92,259.96,264.01,2907381
28-Sep-11,271.02,272.28,264.11,264.68,2263403
27-Sep-11,269.37,273.8,268.29,269.94,3010925
26-Sep-11,263.89,266.73,256.88,266.21,2634234
23-Sep-11,258.54,263.47,257.51,263.02,2778870
22-Sep-11,263.39,264.65,257.26,260.59,4400586
21-Sep-11,274.12,277.78,269.7,269.87,2516138
20-Sep-11,274.98,279.54,271.61,273.59,2779078
19-Sep-11,270.45,275.22,267.96,273.61,2471190
16-Sep-11,272.67,273.69,271.84,273.61,3534779
15-Sep-11,268.02,272.76,267.55,271.55,2961967
14-Sep-11,266.56,268.74,263.17,266.3,2694739
13-Sep-11,266.27,267.21,261.96,265.02,2354150
12-Sep-11,259.24,266.26,259.01,265.33,2670471
09-Sep-11,265.97,267.59,260.86,262.69,3269069
08-Sep-11,267.17,269.82,266.22,267.75,2381025
07-Sep-11,265.49,268.24,263.96,267.28,2758545
06-Sep-11,255.66,261.64,255.51,261.35,2715977
02-Sep-11,262.5,264.22,260.63,262.68,2402024
01-Sep-11,270.64,272.19,265.87,266.52,2415607
31-Aug-11,272.64,273.42,268.27,270.75,2693390
30-Aug-11,269.36,271.77,265.67,270.62,2990176
29-Aug-11,267.55,270.0,267.05,269.81,2338106
26-Aug-11,260.26,265.49,256.83,263.69,3597309
25-Aug-11,265.46,268.9,259.41,260.28,3297297
24-Aug-11,259.92,265.26,258.87,261.91,3598264
23-Aug-11,252.0,260.97,249.78,259.67,4347823
22-Aug-11,252.25,253.75,247.51,249.33,4907175
19-Aug-11,249.92,257.69,245.68,245.71,5411586
18-Aug-11,262.0,262.71,250.5,252.69,6291368
17-Aug-11,270.29,272.12,265.65,266.84,4079101
16-Aug-11,276.49,276.5,265.42,269.77,6940503
15-Aug-11,276.99,282.78,273.3,278.89,7145020
12-Aug-11,285.03,285.54,280.48,282.17,3155376
11-Aug-11,277.19,284.53,274.48,281.35,4832119
10-Aug-11,280.97,282.34,274.14,274.78,5373697
09-Aug-11,280.78,287.59,270.78,286.99,6470475
08-Aug-11,281.77,284.78,272.45,273.28,7497701
05-Aug-11,291.56,295.3,281.28,289.81,5930780
04-Aug-11,297.55,299.72,289.02,289.05,4916432
03-Aug-11,297.34,301.8,292.1,300.89,3825910
02-Aug-11,303.3,299.71,292.1,297.37,4994139
01-Aug-11,305.92,308.06,299.89,303.69,3968312
29-Jul-11,302.42,307.79,302.15,302.15,4138101
28-Jul-11,302.9,308.3,301.8,305.78,3109115
27-Jul-11,308.9,310.79,302.68,303.91,3934890
26-Jul-11,309.33,314.06,308.92,311.57,2343370
25-Jul-11,306.99,313.02,306.81,309.8,3131952
22-Jul-11,303.0,310.06,302.44,309.42,3531622
21-Jul-11,297.31,304.33,297.3,303.8,3469850
20-Jul-11,301.39,301.72,297.97,297.97,2229023
19-Jul-11,298.37,302.64,298.06,301.58,2967816
18-Jul-11,296.54,301.33,296.3,297.77,4469225
15-Jul-11,299.05,300.43,294.37,299.11,13735983
14-Jul-11,269.83,271.27,263.63,264.73,6649410
13-Jul-11,268.77,272.27,268.51,269.4,2790771
12-Jul-11,264.34,269.98,263.26,267.27,2841532
11-Jul-11,264.35,268.26,263.01,263.9,2839996
08-Jul-11,266.74,269.09,263.9,266.26,4770170
07-Jul-11,270.77,275.62,268.21,273.57,3935660
06-Jul-11,267.02,269.52,266.79,267.95,2695681
05-Jul-11,262.91,267.97,262.91,266.49,3847351
01-Jul-11,253.62,260.85,253.44,260.78,3636642
30-Jun-11,251.25,253.59,251.0,253.44,2428510
29-Jun-11,248.52,250.38,246.44,249.03,2342920
28-Jun-11,242.25,248.35,242.25,247.07,2717364
27-Jun-11,237.2,244.4,237.0,241.6,3444633
24-Jun-11,240.58,240.62,236.75,237.68,3806587
23-Jun-11,241.31,241.67,237.1,240.35,4802302
22-Jun-11,245.97,246.42,243.61,243.75,2407972
21-Jun-11,243.84,247.22,242.61,246.75,2765357
20-Jun-11,242.74,243.36,239.85,242.53,3028639
17-Jun-11,253.34,253.6,242.64,242.75,5251546
16-Jun-11,251.66,254.32,248.58,250.44,2757216
15-Jun-11,252.77,254.43,250.56,251.73,2073301
14-Jun-11,254.33,257.3,253.75,254.44,2341461
13-Jun-11,255.25,255.36,251.34,252.62,2427208
10-Jun-11,257.3,258.6,254.9,255.01,2440475
09-Jun-11,260.26,260.26,258.08,258.62,1689086
08-Jun-11,258.52,260.88,258.15,259.84,1654097
07-Jun-11,261.71,262.58,259.75,259.77,1907509
06-Jun-11,263.18,263.67,259.88,260.79,1942088
03-Jun-11,261.26,264.06,261.01,261.8,1748462
02-Jun-11,264.05,265.42,261.5,264.29,2204422
01-Jun-11,264.28,266.87,262.92,263.06,2957172
31-May-11,262.76,264.79,262.01,264.77,2687858
27-May-11,259.5,261.16,258.41,260.71,1746296
26-May-11,259.11,261.32,257.76,259.32,2118981
25-May-11,258.92,261.65,258.88,260.09,1301567
24-May-11,260.44,262.24,259.33,259.39,1888538
23-May-11,258.56,260.26,256.96,259.45,2252638
20-May-11,266.17,266.26,261.83,262.28,2318873
19-May-11,266.63,268.54,265.12,265.89,2471136
18-May-11,265.03,265.43,263.11,265.17,1954293
17-May-11,257.97,265.88,257.77,265.5,3304874
16-May-11,263.42,263.9,258.46,259.47,2956554
13-May-11,267.57,268.23,264.79,265.04,2107641
12-May-11,267.89,268.74,265.72,267.79,1448203
11-May-11,270.34,272.05,267.11,267.99,2338875
10-May-11,270.27,272.49,269.04,271.6,2041355
09-May-11,267.77,269.51,265.82,269.11,1947419
06-May-11,269.34,271.0,267.86,267.92,2056186
05-May-11,267.2,269.98,266.02,267.4,1997054
04-May-11,267.85,269.77,266.78,268.16,2116955
03-May-11,268.83,271.28,265.08,267.21,2081574
02-May-11,273.12,273.14,268.83,269.55,2133972
29-Apr-11,270.27,272.32,269.52,272.32,4228467
28-Apr-11,269.3,269.89,267.31,269.25,2037378
27-Apr-11,269.27,269.32,267.44,269.15,2297840
26-Apr-11,263.52,268.99,262.87,266.68,3530591
25-Apr-11,262.89,263.76,261.27,262.79,1629933
21-Apr-11,264.01,264.4,261.46,262.81,2471056
20-Apr-11,263.21,263.67,260.96,263.13,3059160
19-Apr-11,265.24,265.71,260.71,261.03,2685395
18-Apr-11,263.47,264.1,259.76,263.68,5041089
15-Apr-11,272.92,273.15,265.3,265.62,14050013
14-Apr-11,287.88,290.01,286.34,289.54,5456289
13-Apr-11,288.04,289.09,286.16,288.43,2071646
12-Apr-11,287.79,288.75,284.31,285.59,2085766
11-Apr-11,288.39,289.34,286.79,288.97,1858382
08-Apr-11,292.74,292.74,289.32,289.37,1902581
07-Apr-11,288.15,290.61,287.38,290.29,2531975
06-Apr-11,286.38,287.87,284.28,287.38,2668385
05-Apr-11,290.83,291.04,283.12,284.83,6048187
04-Apr-11,296.8,297.67,291.84,294.13,2054817
01-Apr-11,294.67,297.89,294.67,296.2,2613266
31-Mar-11,291.79,294.37,291.16,293.67,2031385
30-Mar-11,292.48,293.04,290.58,291.21,1422475
29-Mar-11,288.29,291.24,286.79,291.16,1605138
28-Mar-11,291.33,292.79,287.64,287.97,2218910
25-Mar-11,293.73,293.75,289.91,290.16,2859497
24-Mar-11,293.01,294.49,289.69,293.74,2097978
23-Mar-11,287.88,291.52,286.29,291.37,1816164
22-Mar-11,288.92,289.9,286.54,288.95,1887185
21-Mar-11,285.4,290.19,284.79,288.54,3022174
18-Mar-11,282.6,284.28,280.15,280.81,3302850
17-Mar-11,282.52,284.78,280.55,280.96,2899727
16-Mar-11,284.29,285.18,275.92,278.83,3800712
15-Mar-11,279.03,285.79,278.03,285.06,4006381
14-Mar-11,286.69,289.43,284.29,285.28,2813969
11-Mar-11,289.4,290.29,286.95,288.64,3029401
10-Mar-11,293.01,293.6,290.01,290.44,3127211
09-Mar-11,295.8,297.55,293.17,296.18,2150991
08-Mar-11,296.76,299.29,295.4,296.45,2287771
07-Mar-11,300.58,302.15,293.79,296.13,3461738
04-Mar-11,304.47,304.79,300.4,300.61,3011542
03-Mar-11,303.49,306.05,302.8,305.08,1949335
02-Mar-11,300.2,303.3,297.89,300.7,2026933
01-Mar-11,309.2,309.92,299.95,300.68,3323575
28-Feb-11,305.3,308.55,304.31,307.01,2284336
25-Feb-11,306.24,307.67,305.05,305.33,1935852
24-Feb-11,306.0,306.85,300.98,304.71,2712959
23-Feb-11,305.47,307.66,302.3,305.97,2891878
22-Feb-11,310.33,312.78,304.19,305.41,3642208
18-Feb-11,313.31,315.91,312.4,315.36,3217815
17-Feb-11,310.94,313.94,310.45,312.94,1479175
16-Feb-11,313.13,313.56,311.36,312.42,1686963
15-Feb-11,313.97,315.36,311.86,312.39,2092614
14-Feb-11,311.98,315.13,310.33,314.39,2131868
11-Feb-11,307.2,312.81,306.81,312.56,2593390
10-Feb-11,307.26,309.06,306.09,308.53,2336117
09-Feb-11,308.74,310.03,306.48,308.56,1843394
08-Feb-11,307.77,310.12,307.56,309.5,1696452
07-Feb-11,305.38,309.5,304.91,307.46,1802017
04-Feb-11,305.38,306.03,303.61,305.8,1552505
03-Feb-11,305.04,306.03,303.37,305.38,1497474
02-Feb-11,305.81,307.48,304.07,306.31,1760755
01-Feb-11,302.55,306.98,301.86,305.83,2745862
31-Jan-11,302.1,302.54,298.07,300.48,2810069
28-Jan-11,309.84,310.49,300.18,300.8,4233962
27-Jan-11,309.25,310.16,306.93,308.7,2019427
26-Jan-11,310.48,311.56,307.95,308.56,2041746
25-Jan-11,304.4,310.66,303.56,310.26,3647644
24-Jan-11,304.09,306.55,300.92,305.85,4604997
21-Jan-11,320.11,321.19,305.99,306.22,8904357
20-Jan-11,316.42,317.36,311.96,313.7,5485733
19-Jan-11,321.38,321.8,315.14,316.19,3412573
18-Jan-11,313.34,321.32,312.95,320.13,3620063
14-Jan-11,309.01,312.45,308.85,312.4,2370328
13-Jan-11,308.79,310.14,307.39,308.65,1333947
12-Jan-11,309.98,309.98,307.69,308.74,1632698
11-Jan-11,309.16,309.71,307.56,308.31,1440991
10-Jan-11,307.71,308.0,304.58,307.41,1581069
07-Jan-11,308.26,309.43,305.37,308.53,2101270
06-Jan-11,305.65,309.52,305.33,307.06,2058176
05-Jan-11,300.34,305.47,300.33,304.84,2532225
04-Jan-11,303.11,303.39,300.36,301.36,1825499
03-Jan-11,298.54,303.1,298.54,302.48,2366286
31-Dec-10,298.67,299.51,296.31,297.28,1541459
30-Dec-10,299.3,300.97,298.99,299.73,989479
29-Dec-10,301.3,301.51,299.76,300.8,1019823
28-Dec-10,301.33,302.24,299.3,299.76,1064746
27-Dec-10,301.67,302.19,300.05,301.49,1208128
23-Dec-10,302.97,303.3,301.32,302.42,1111192
22-Dec-10,302.3,303.8,301.94,303.05,1207929
21-Dec-10,299.58,302.66,299.11,301.84,1881688
20-Dec-10,297.62,299.24,294.62,297.83,1973768
17-Dec-10,295.8,296.58,294.13,295.7,3089328
16-Dec-10,296.72,297.18,294.33,296.15,1596820
15-Dec-10,297.4,298.52,294.87,295.45,2168131
14-Dec-10,298.84,299.44,296.54,297.75,1643253
13-Dec-10,298.86,301.8,297.34,297.61,2403442
10-Dec-10,296.87,297.29,295.44,296.4,1705121
09-Dec-10,297.24,298.09,294.79,296.05,1868972
08-Dec-10,296.28,296.56,292.14,295.57,1757126
07-Dec-10,295.93,296.8,293.29,293.86,3047879
06-Dec-10,290.58,291.29,288.59,289.47,2095525
03-Dec-10,285.01,288.53,284.28,286.79,2633126
02-Dec-10,284.62,286.95,282.96,286.2,2550572
01-Dec-10,281.78,286.07,281.48,282.46,3757609
30-Nov-10,287.45,287.45,276.93,278.13,7117385
29-Nov-10,294.88,295.19,290.26,291.35,2859953
26-Nov-10,295.53,296.79,293.79,295.29,1311038
24-Nov-10,293.95,298.6,293.82,297.78,2400863
23-Nov-10,293.8,294.8,289.39,291.8,2166947
22-Nov-10,294.03,297.02,291.67,295.91,2186511
19-Nov-10,298.8,299.24,295.47,295.71,2298978
18-Nov-10,294.79,300.29,294.57,298.58,2590876
17-Nov-10,292.79,295.04,290.98,292.07,2442412
16-Nov-10,296.68,299.24,292.02,292.15,3308665
15-Nov-10,301.84,302.3,297.32,298.03,3480120
12-Nov-10,307.3,308.76,300.91,301.95,3395209
11-Nov-10,310.16,310.23,307.41,308.9,2262019
10-Nov-10,311.35,311.81,309.06,311.75,2499828
09-Nov-10,315.32,315.74,310.57,312.72,2240293
08-Nov-10,312.32,315.06,311.88,313.7,2102262
05-Nov-10,311.9,313.06,310.87,312.85,1766546
04-Nov-10,312.63,315.27,311.36,312.45,3571173
03-Nov-10,309.06,311.23,307.06,310.4,3382183
02-Nov-10,309.64,310.31,307.6,308.11,1999774
01-Nov-10,308.17,310.64,305.91,307.81,3088417
29-Oct-10,308.84,309.81,306.8,307.16,2281279
28-Oct-10,310.34,310.81,306.96,309.6,2187396
27-Oct-10,308.19,310.31,306.47,308.54,2242414
26-Oct-10,306.86,310.93,305.82,309.61,2513633
25-Oct-10,308.1,312.68,307.79,308.56,3158700
22-Oct-10,306.27,307.72,305.33,306.57,2256598
21-Oct-10,306.06,308.31,303.3,306.3,2923627
20-Oct-10,304.37,309.0,304.05,304.29,3526976
19-Oct-10,304.73,307.72,301.73,304.22,4591178
18-Oct-10,300.58,310.15,300.58,309.16,7109313
15-Oct-10,299.93,301.12,296.1,301.03,14824722
14-Oct-10,272.36,272.9,268.82,270.74,6634018
13-Oct-10,273.77,274.02,271.44,271.92,3060836
12-Oct-10,270.33,273.27,269.16,270.97,3757178
11-Oct-10,269.51,272.57,268.85,269.69,2631310
08-Oct-10,266.65,269.07,264.07,268.44,2863473
07-Oct-10,268.37,268.87,264.83,265.27,2398910
06-Oct-10,269.9,270.24,265.24,267.44,2766690
05-Oct-10,264.45,270.27,263.54,269.38,3507302
04-Oct-10,262.74,264.39,259.68,261.44,1940494
01-Oct-10,265.26,265.58,261.76,263.07,2226112
30-Sep-10,264.84,266.2,259.72,263.16,3244626
29-Sep-10,264.19,266.74,262.62,264.11,2173878
28-Sep-10,267.01,267.06,259.48,263.85,3654832
27-Sep-10,264.69,268.69,264.69,265.47,3107622
24-Sep-10,261.13,264.18,259.39,263.91,3363247
23-Sep-10,257.56,260.1,255.91,257.0,2317644
22-Sep-10,256.69,259.15,256.1,258.26,2537779
21-Sep-10,255.09,260.25,254.71,256.99,4467227
20-Sep-10,246.5,255.46,246.28,254.39,4413416
17-Sep-10,242.12,245.85,240.83,245.32,5649448
16-Sep-10,240.21,241.47,239.94,240.77,1972569
15-Sep-10,240.21,241.19,239.49,240.56,2403545
14-Sep-10,241.25,242.62,240.28,240.46,2218739
13-Sep-10,240.69,242.42,240.0,241.38,2245650
10-Sep-10,239.75,240.13,237.78,238.31,1974340
09-Sep-10,239.15,240.44,235.53,238.33,2435299
08-Sep-10,232.83,236.49,232.49,235.53,2409028
07-Sep-10,232.48,234.03,231.74,232.43,1711335
03-Sep-10,235.5,236.18,233.95,235.39,2545726
02-Sep-10,231.65,232.45,230.39,231.82,1685384
01-Sep-10,227.72,232.7,226.48,230.4,3237824
31-Aug-10,225.28,227.66,224.22,225.24,1946998
30-Aug-10,229.8,230.11,226.44,226.57,1236219
27-Aug-10,226.51,230.22,224.05,229.64,2313147
26-Aug-10,228.26,228.86,225.45,225.72,1781767
25-Aug-10,225.22,229.13,225.22,227.54,2592104
24-Aug-10,229.08,229.41,225.69,225.92,2763814
23-Aug-10,230.98,234.36,229.09,232.27,2989159
20-Aug-10,234.22,236.03,230.74,231.24,3923319
19-Aug-10,240.75,241.5,233.86,234.22,3925513
18-Aug-10,245.47,245.68,241.02,241.32,2686374
17-Aug-10,244.51,247.6,243.26,245.51,1890646
16-Aug-10,242.08,245.18,240.49,243.04,1306685
13-Aug-10,244.74,245.84,243.25,243.42,1940047
12-Aug-10,242.21,247.62,241.5,246.25,2205032
11-Aug-10,249.11,249.25,246.0,246.12,2226003
10-Aug-10,251.43,253.25,249.53,252.11,2075569
09-Aug-10,251.38,253.0,250.93,252.93,1873209
06-Aug-10,252.95,253.12,248.27,250.36,3321695
05-Aug-10,253.2,254.55,252.03,254.3,2426460
04-Aug-10,246.34,253.75,245.77,253.41,3814120
03-Aug-10,245.5,246.48,243.62,245.16,1803185
02-Aug-10,244.74,246.89,243.71,245.45,1867475
30-Jul-10,240.06,243.92,239.81,242.67,2144492
29-Jul-10,243.22,244.68,239.9,242.74,2675420
28-Jul-10,247.72,247.87,241.58,242.42,2502447
27-Jul-10,245.53,249.0,245.33,246.56,2451984
26-Jul-10,244.79,245.62,242.68,244.73,1996691
23-Jul-10,240.63,245.54,240.25,245.28,2267180
22-Jul-10,241.86,244.73,241.48,242.65,2148487
21-Jul-10,242.24,243.09,237.95,238.99,3285364
20-Jul-10,230.75,241.74,230.53,241.04,4056832
19-Jul-10,230.74,235.06,228.99,233.32,4549465
16-Jul-10,234.8,235.52,229.99,230.03,7824721
15-Jul-10,246.11,247.6,241.58,247.26,4858782
14-Jul-10,245.18,247.16,243.47,245.91,3118534
13-Jul-10,241.37,246.74,240.38,244.84,3976281
12-Jul-10,236.42,239.96,235.78,238.15,3334411
09-Jul-10,236.22,236.87,231.62,233.98,4332702
08-Jul-10,227.0,228.89,225.05,228.51,2670490
07-Jul-10,219.37,225.87,217.91,225.33,3131936
06-Jul-10,222.22,224.06,217.03,218.25,2561426
02-Jul-10,221.03,221.36,218.22,218.49,1936256
01-Jul-10,222.87,224.42,217.03,219.96,3513877
30-Jun-10,227.71,229.14,222.58,222.7,3603698
29-Jun-10,231.95,232.51,225.79,227.36,3502108
28-Jun-10,236.53,239.01,234.74,236.28,1762594
25-Jun-10,238.77,239.06,235.52,236.58,2245289
24-Jun-10,240.07,241.62,236.87,237.79,1893761
23-Jun-10,243.69,243.69,239.32,241.27,2029650
22-Jun-10,245.19,248.55,243.11,243.37,2219930
21-Jun-10,250.2,250.73,242.69,244.52,2989344
18-Jun-10,251.51,251.99,249.31,250.27,2878739
17-Jun-10,251.98,253.19,248.59,250.29,1977894
16-Jun-10,248.33,252.25,248.3,250.89,2291967
15-Jun-10,241.78,250.45,241.33,249.24,4261561
14-Jun-10,247.49,247.5,241.84,241.84,2040942
11-Jun-10,241.49,244.6,241.05,244.49,1784318
10-Jun-10,240.43,244.49,238.16,243.75,2585930
09-Jun-10,243.85,244.68,236.24,237.25,2732731
08-Jun-10,244.17,244.66,239.01,242.63,2685052
07-Jun-10,249.78,250.71,241.82,243.0,3637036
04-Jun-10,250.11,254.88,248.6,249.61,3923904
03-Jun-10,247.8,254.25,247.6,253.05,3651897
02-Jun-10,243.58,247.18,240.97,246.93,2540721
01-Jun-10,240.46,245.78,240.3,241.43,2666997
28-May-10,246.62,246.97,241.74,243.06,2894755
27-May-10,242.67,246.4,240.77,245.48,2810047
26-May-10,241.28,245.12,237.74,237.97,3484042
25-May-10,234.31,238.96,232.24,238.77,3021908
24-May-10,240.61,245.14,238.64,238.82,4350322
21-May-10,234.76,242.74,232.43,236.26,9693537
20-May-10,242.78,243.03,237.14,237.74,4917963
19-May-10,248.38,249.97,244.11,247.46,3446369
18-May-10,255.25,255.74,248.78,249.43,2830286
17-May-10,253.64,254.43,249.42,254.24,2796534
14-May-10,255.14,255.75,248.37,254.02,4123922
13-May-10,258.51,261.26,255.44,255.7,3328146
12-May-10,256.28,256.28,251.25,252.95,3852157
11-May-10,258.09,260.2,254.36,254.78,3324317
10-May-10,257.24,261.67,256.56,261.09,4127928
07-May-10,250.23,252.91,240.91,246.82,5093752
06-May-10,254.63,259.02,230.23,249.58,5000043
05-May-10,250.74,258.12,250.49,255.13,4582120
04-May-10,263.52,263.63,252.36,253.44,6078530
03-May-10,263.51,266.73,262.8,265.57,1860317
30-Apr-10,265.83,269.11,262.98,263.11,2440207
29-Apr-10,266.95,268.52,263.6,266.27,3058815
28-Apr-10,266.32,267.68,260.78,264.86,3409197
27-Apr-10,264.73,269.43,263.88,264.8,3844727
26-Apr-10,272.76,272.77,264.87,266.09,4373614
23-Apr-10,273.9,274.93,271.41,272.77,2089882
22-Apr-10,276.28,276.53,271.95,273.8,3283651
21-Apr-10,278.51,280.41,276.36,277.43,2392748
20-Apr-10,277.36,280.11,275.81,277.8,2979333
19-Apr-10,274.65,277.27,272.77,275.33,3895772
16-Apr-10,281.78,284.69,275.09,275.35,12239411
15-Apr-10,296.38,299.22,294.44,297.95,6761708
14-Apr-10,295.33,296.47,292.3,294.79,3403800
13-Apr-10,286.55,294.73,285.85,293.68,3912262
12-Apr-10,283.96,287.29,283.39,286.65,2353551
09-Apr-10,284.28,284.67,282.28,283.39,2056835
08-Apr-10,281.94,285.21,280.3,284.03,1951735
07-Apr-10,283.93,284.66,281.21,282.05,2581016
06-Apr-10,285.01,285.73,282.98,284.39,2060014
05-Apr-10,285.74,287.73,284.78,285.79,1902063
31-Mar-10,282.81,285.15,281.69,283.84,3030869
30-Mar-10,281.7,284.1,280.42,283.64,1987571
29-Mar-10,281.78,282.64,280.57,281.51,3105180
26-Mar-10,282.92,283.98,280.29,281.63,2696461
25-Mar-10,279.79,286.29,279.61,281.72,3931664
24-Mar-10,273.03,280.2,270.12,278.94,6569358
23-Mar-10,278.8,279.44,271.27,274.77,5501283
22-Mar-10,278.33,283.71,277.42,279.03,4005472
19-Mar-10,283.4,284.28,278.92,280.28,4794128
18-Mar-10,282.64,284.5,281.76,283.48,1777117
17-Mar-10,284.43,286.01,282.41,283.06,3322497
16-Mar-10,281.2,284.49,280.66,282.88,3432853
15-Mar-10,283.62,285.01,278.28,281.87,4656570
12-Mar-10,294.36,294.43,289.87,290.06,2756215
11-Mar-10,287.42,293.4,287.39,290.86,4235226
10-Mar-10,282.16,289.54,281.39,288.51,5659067
09-Mar-10,280.2,282.61,278.53,280.38,3177588
08-Mar-10,282.67,282.87,280.79,281.52,2386506
05-Mar-10,280.96,284.12,280.23,282.39,3913364
04-Mar-10,273.52,278.34,273.37,277.57,3184077
03-Mar-10,271.45,274.33,269.89,272.93,3090124
02-Mar-10,268.01,273.1,267.77,270.8,4357461
01-Mar-10,264.86,266.91,264.13,266.61,2238334
26-Feb-10,263.97,266.14,262.0,263.66,2049372
25-Feb-10,263.82,264.51,260.26,263.48,3309373
24-Feb-10,267.46,269.49,265.52,266.0,2326901
23-Feb-10,271.77,272.09,266.41,267.8,2874790
22-Feb-10,273.95,274.02,270.77,271.67,2144741
19-Feb-10,270.77,272.29,270.12,270.65,2555348
18-Feb-10,269.04,272.78,268.34,271.88,2339250
17-Feb-10,271.27,271.97,269.07,269.37,2030680
16-Feb-10,268.84,272.34,267.42,270.92,3654824
12-Feb-10,266.75,268.84,265.52,266.83,2280371
11-Feb-10,266.39,270.52,265.01,268.47,2411090
10-Feb-10,267.3,269.16,264.11,267.49,2675794
09-Feb-10,270.04,271.04,267.8,268.49,2828685
08-Feb-10,266.52,271.27,266.03,267.0,2695412
05-Feb-10,264.46,267.02,261.49,265.91,3157048
04-Feb-10,268.77,269.27,263.04,263.65,3382732
03-Feb-10,264.6,271.32,264.38,270.68,2999890
02-Feb-10,267.75,267.75,264.07,265.83,4096305
01-Feb-10,267.57,268.17,265.42,266.78,2253021
29-Jan-10,269.51,270.76,263.07,265.24,4141196
28-Jan-10,272.52,273.77,265.57,267.41,3231041
27-Jan-10,270.91,274.1,267.92,271.32,3965467
26-Jan-10,269.25,275.07,268.41,271.48,4356767
25-Jan-10,273.57,275.21,268.02,270.27,4421012
22-Jan-10,282.53,285.59,267.7,275.28,6807653
21-Jan-10,292.01,293.7,286.41,291.78,6307634
20-Jan-10,293.28,293.28,287.93,290.5,3253498
19-Jan-10,291.04,295.51,288.43,294.1,4317143
15-Jan-10,296.09,297.08,289.31,290.29,5437698
14-Jan-10,292.24,297.4,291.7,295.22,4241570
13-Jan-10,288.53,294.48,287.24,293.84,6499074
12-Jan-10,299.34,299.38,294.29,295.54,4853249
11-Jan-10,302.53,302.53,297.32,300.86,7216804
08-Jan-10,296.3,301.93,294.85,301.31,4724735
07-Jan-10,305.0,305.3,296.62,297.35,6418020
06-Jan-10,313.24,313.24,303.48,304.43,3980628
05-Jan-10,313.9,314.23,311.08,312.31,3007857
04-Jan-10,313.79,315.07,312.43,313.69,1957963
31-Dec-09,312.69,313.01,310.3,310.3,1220214
30-Dec-09,309.56,311.68,309.31,311.68,1466379
29-Dec-09,312.68,312.73,309.45,310.01,1427712
28-Dec-09,311.14,313.31,309.55,311.75,1698015
24-Dec-09,306.77,310.07,306.44,309.55,858620
23-Dec-09,302.05,306.74,301.73,306.15,2075311
22-Dec-09,300.97,301.05,299.72,300.86,1884290
21-Dec-09,299.27,300.22,298.13,299.64,2571981
18-Dec-09,298.31,299.76,297.8,298.51,3532540
17-Dec-09,298.52,299.12,297.18,297.27,2640762
16-Dec-09,299.75,300.49,298.62,299.18,2809751
15-Dec-09,296.95,298.49,295.79,296.87,2280340
14-Dec-09,297.92,298.95,296.6,298.16,1913572
11-Dec-09,297.64,297.67,294.16,295.55,1723378
10-Dec-09,295.52,297.65,295.5,296.05,1669525
09-Dec-09,294.04,294.96,292.08,294.8,1781288
08-Dec-09,292.04,295.63,291.29,293.82,1525524
07-Dec-09,292.41,294.64,290.79,293.42,1636587
04-Dec-09,296.81,297.71,289.88,292.8,2514042
03-Dec-09,294.81,296.02,292.79,293.16,1429399
02-Dec-09,295.79,296.8,293.4,294.05,1665225
01-Dec-09,294.36,295.91,291.79,295.23,2321273
30-Nov-09,290.61,292.13,288.84,291.79,1725231
27-Nov-09,286.29,291.52,285.77,290.17,1384523
25-Nov-09,293.5,293.82,291.64,293.16,1461405
24-Nov-09,291.54,292.44,288.56,291.84,1608648
23-Nov-09,288.53,293.59,288.22,291.47,2548562
20-Nov-09,285.04,286.09,284.98,285.27,2006202
19-Nov-09,287.17,287.29,285.28,286.78,2168302
18-Nov-09,288.61,289.68,286.32,288.61,1550127
17-Nov-09,287.72,289.04,287.15,289.03,1920765
16-Nov-09,287.79,288.78,286.68,288.43,2199136
13-Nov-09,284.93,286.54,283.59,286.31,1668092
12-Nov-09,285.06,286.74,283.03,284.21,1886395
11-Nov-09,285.53,287.04,283.21,285.57,2321856
10-Nov-09,281.65,284.67,281.28,283.66,2231476
09-Nov-09,278.0,281.57,277.39,281.54,2651426
06-Nov-09,274.13,276.17,273.02,275.83,1826705
05-Nov-09,272.02,275.16,271.6,274.6,1848039
04-Nov-09,270.67,273.02,268.48,270.44,2333629
03-Nov-09,265.27,269.02,264.41,268.91,2382892
02-Nov-09,268.81,270.0,264.38,267.26,3202875
30-Oct-09,275.27,275.36,267.39,268.33,3469738
29-Oct-09,271.78,276.19,270.77,275.8,2518762
28-Oct-09,274.21,275.27,269.39,270.42,2568660
27-Oct-09,275.76,277.56,272.35,274.42,3218033
26-Oct-09,278.15,281.1,275.72,277.38,2973706
23-Oct-09,277.9,279.22,275.88,277.12,2393191
22-Oct-09,275.27,277.78,274.27,277.32,2337087
21-Oct-09,275.23,279.95,274.77,275.83,3673168
20-Oct-09,276.1,276.75,270.62,276.14,4044439
19-Oct-09,276.62,277.08,274.64,276.32,3220167
16-Oct-09,273.94,277.65,272.54,275.2,8845714
15-Oct-09,267.14,268.72,263.9,265.22,6100353
14-Oct-09,266.5,268.06,265.26,267.93,3265055
13-Oct-09,262.46,263.99,260.95,263.32,3042242
12-Oct-09,261.97,263.14,259.92,262.28,3324320
09-Oct-09,258.58,261.02,257.51,258.38,2739892
08-Oct-09,260.04,261.89,256.93,257.35,4306504
07-Oct-09,249.75,259.75,249.15,259.03,4877683
06-Oct-09,246.1,249.93,246.1,249.62,2732977
05-Oct-09,244.07,246.46,241.91,244.5,2144652
02-Oct-09,242.11,246.12,241.54,242.53,2600805
01-Oct-09,246.75,248.48,243.74,243.84,2816234
30-Sep-09,250.25,250.32,243.86,248.17,3141701
29-Sep-09,250.01,250.12,246.75,249.51,2099379
28-Sep-09,247.67,251.0,246.89,249.51,1843168
25-Sep-09,247.39,250.21,246.25,246.49,2052014
24-Sep-09,250.49,250.96,246.75,248.63,2528646
23-Sep-09,250.64,253.75,249.1,249.48,2704685
22-Sep-09,250.71,251.25,249.15,249.78,3041830
21-Sep-09,244.11,249.7,243.35,248.75,2117567
18-Sep-09,248.63,248.74,245.86,245.98,3284248
17-Sep-09,245.53,248.93,243.82,246.11,4483447
16-Sep-09,240.14,244.93,239.48,244.39,2587367
15-Sep-09,237.78,239.69,236.59,239.01,2398607
14-Sep-09,235.49,238.64,235.26,237.8,1977667
11-Sep-09,235.44,236.89,234.05,236.31,1902811
10-Sep-09,233.56,235.71,231.23,235.71,2535304
09-Sep-09,229.76,233.37,229.63,232.22,2195496
08-Sep-09,232.38,233.73,228.15,229.54,2656609
04-Sep-09,229.01,231.53,228.12,230.88,1499873
03-Sep-09,228.14,229.35,227.73,228.99,1646354
02-Sep-09,228.14,229.39,226.52,226.73,1806518
01-Sep-09,230.07,233.64,227.44,228.11,2595091
31-Aug-09,230.12,231.16,229.23,231.07,1957955
28-Aug-09,234.86,236.42,231.92,232.61,1771808
27-Aug-09,234.52,234.52,230.6,233.26,2000000
26-Aug-09,236.62,236.74,233.58,234.23,1988449
25-Aug-09,234.8,237.41,234.59,235.92,2343030
24-Aug-09,233.91,235.28,232.44,234.6,2459325
21-Aug-09,233.0,233.28,231.56,232.85,3564367
20-Aug-09,226.23,231.32,225.84,230.44,4002454
19-Aug-09,220.22,222.72,219.5,222.21,2260091
18-Aug-09,222.77,224.07,221.38,222.86,2357493
17-Aug-09,225.98,226.22,221.78,222.67,2620304
14-Aug-09,231.62,231.82,228.67,230.23,1676559
13-Aug-09,231.31,232.59,229.68,231.37,1995640
12-Aug-09,227.93,231.11,227.69,229.52,2341768
11-Aug-09,227.06,228.84,226.42,227.2,1714613
10-Aug-09,227.8,229.43,227.12,228.53,1741979
07-Aug-09,228.06,229.94,227.72,228.78,2543392
06-Aug-09,227.38,227.67,224.49,225.41,2111395
05-Aug-09,228.23,228.68,224.16,225.8,2342227
04-Aug-09,224.91,227.23,224.44,227.09,2390098
03-Aug-09,224.59,227.18,224.04,226.33,2591173
31-Jul-09,225.21,226.58,221.44,221.75,2861550
30-Jul-09,221.53,225.96,221.53,223.04,3200547
29-Jul-09,218.83,219.12,216.16,218.34,1987216
28-Jul-09,220.72,221.63,218.27,220.14,2541052
27-Jul-09,223.24,223.6,219.02,222.62,2505329
24-Jul-09,218.12,225.47,217.72,223.58,3629454
23-Jul-09,214.55,220.83,212.96,218.89,3479378
22-Jul-09,214.21,215.32,211.96,214.06,2586960
21-Jul-09,215.69,216.17,213.07,214.16,2969146
20-Jul-09,215.15,216.64,213.34,215.3,3154002
17-Jul-09,216.72,217.96,213.56,215.34,6854734
16-Jul-09,218.56,223.1,217.27,221.52,6554412
15-Jul-09,215.04,219.56,214.46,219.3,3779342
14-Jul-09,212.07,213.58,210.65,212.56,2896461
13-Jul-09,208.3,212.47,207.8,212.36,4047557
10-Jul-09,204.99,208.89,204.55,207.41,2929559
09-Jul-09,203.26,207.43,203.1,205.4,3275816
08-Jul-09,200.2,203.2,199.23,201.45,3441854
07-Jul-09,204.32,204.8,198.19,198.51,3260307
06-Jul-09,203.45,205.53,201.03,205.01,2262557
02-Jul-09,207.91,207.91,203.61,204.45,2517630
01-Jul-09,212.31,213.41,209.28,209.7,2310768
30-Jun-09,212.21,213.82,209.32,211.01,2594683
29-Jun-09,213.21,214.11,211.33,212.28,2169518
26-Jun-09,207.05,214.33,206.76,212.87,3257482
25-Jun-09,203.7,208.16,203.46,208.09,3045279
24-Jun-09,204.57,206.32,203.48,204.85,2457992
23-Jun-09,203.53,204.7,201.48,203.04,2899710
22-Jun-09,208.68,208.95,201.15,203.88,4124360
19-Jun-09,209.31,210.44,207.5,210.26,4261008
18-Jun-09,208.05,209.55,206.71,207.24,3087653
17-Jun-09,208.3,210.07,205.99,207.79,3490947
16-Jun-09,209.86,210.76,207.92,208.21,3050261
15-Jun-09,210.96,210.96,207.21,208.59,3737299
12-Jun-09,213.64,214.06,210.82,212.63,2918429
11-Jun-09,216.1,217.08,214.4,214.71,2866040
10-Jun-09,218.33,219.16,213.55,216.52,3358870
09-Jun-09,219.51,220.47,216.1,218.03,3255945
08-Jun-09,219.97,220.68,217.28,219.6,3098931
05-Jun-09,222.76,223.89,219.95,222.38,3681002
04-Jun-09,217.87,220.84,217.47,220.36,3639434
03-Jun-09,213.21,216.45,212.21,216.04,3535593
02-Jun-09,213.34,215.19,211.91,214.41,2626012
01-Jun-09,209.57,215.01,209.47,213.49,3323431
29-May-09,206.26,208.83,205.56,208.82,2649405
28-May-09,204.54,206.02,202.51,205.41,2668993
27-May-09,203.02,206.14,202.61,202.98,3035892
26-May-09,196.17,202.7,195.2,202.38,3104776
22-May-09,198.53,199.52,196.2,196.95,1718843
21-May-09,198.35,201.62,197.12,198.45,2720300
20-May-09,201.25,203.04,197.7,198.79,2284191
19-May-09,198.25,201.02,196.7,199.64,2837823
18-May-09,197.56,198.85,192.89,198.62,3352055
15-May-09,195.75,197.25,194.74,195.2,3016859
14-May-09,194.59,196.3,192.54,193.94,2937904
13-May-09,197.24,198.39,194.37,194.96,2852384
12-May-09,205.21,205.7,197.75,199.7,3796453
11-May-09,201.6,206.21,200.8,204.19,2560736
08-May-09,201.63,205.27,197.7,203.87,3865597
07-May-09,202.25,202.7,196.45,198.5,3000724
06-May-09,203.6,204.34,200.7,201.94,2633743
05-May-09,200.19,202.7,198.82,201.7,2401096
04-May-09,199.28,201.4,197.59,201.19,3204843
01-May-09,197.71,198.99,195.97,197.04,2428611
30-Apr-09,198.08,202.08,197.6,198.18,4361069
29-Apr-09,193.18,197.68,193.11,195.93,3610160
28-Apr-09,192.07,194.72,190.96,192.05,2943938
27-Apr-09,192.36,194.94,191.57,193.17,2291125
24-Apr-09,193.22,196.79,190.44,194.94,3386147
23-Apr-09,193.95,195.07,190.75,192.54,2611240
22-Apr-09,191.07,195.19,189.69,192.12,3503616
21-Apr-09,188.27,192.34,188.24,190.93,3697301
20-Apr-09,193.27,195.52,188.13,189.84,4429555
17-Apr-09,193.2,200.11,192.6,196.32,10734963
16-Apr-09,190.94,196.65,190.7,194.56,10185094
15-Apr-09,183.73,190.72,182.26,189.94,4935003
14-Apr-09,188.66,188.68,182.98,184.64,3429359
13-Apr-09,185.85,189.74,185.34,189.24,3050081
09-Apr-09,184.93,187.36,183.31,186.44,3383146
08-Apr-09,181.93,182.68,178.28,181.18,2765142
07-Apr-09,181.48,182.06,177.83,179.5,3681433
06-Apr-09,183.68,185.09,180.88,184.3,3281760
03-Apr-09,182.43,186.05,179.18,185.07,3789784
02-Apr-09,181.84,185.06,180.34,181.43,4489367
01-Apr-09,172.06,177.8,170.48,177.22,3303042
31-Mar-09,174.64,176.93,173.26,174.2,3658421
30-Mar-09,171.44,172.08,168.2,171.52,3096702
27-Mar-09,175.18,176.17,172.91,174.02,3323401
26-Mar-09,176.74,179.76,174.42,176.82,6004769
25-Mar-09,175.38,175.85,168.29,172.21,4337117
24-Mar-09,173.42,177.1,172.17,173.76,3821808
23-Mar-09,166.95,174.9,166.68,174.48,4272085
20-Mar-09,165.32,166.66,163.33,165.25,4738590
19-Mar-09,166.01,168.17,163.85,165.13,4111476
18-Mar-09,167.57,170.17,164.19,166.72,5013619
17-Mar-09,160.25,167.84,159.7,167.84,4715786
16-Mar-09,163.16,165.03,159.45,160.0,4947256
13-Mar-09,163.21,163.89,159.67,162.37,3907609
12-Mar-09,158.93,162.66,156.98,161.93,5026330
11-Mar-09,155.21,160.16,153.01,159.11,5926878
10-Mar-09,149.27,155.41,147.27,154.24,6731733
09-Mar-09,150.14,153.44,144.87,145.59,6929592
06-Mar-09,153.76,155.25,147.27,154.44,7238087
05-Mar-09,158.4,159.7,151.47,152.97,6530631
04-Mar-09,161.74,164.66,157.85,159.62,7820133
03-Mar-09,165.2,167.01,161.34,162.9,6524207
02-Mar-09,166.83,170.52,163.16,163.74,5789674
27-Feb-09,166.64,172.08,165.72,169.16,5420892
26-Feb-09,173.15,176.42,168.75,168.76,5607758
25-Feb-09,171.25,176.33,169.63,170.99,6440776
24-Feb-09,165.68,174.98,165.61,172.9,6101985
23-Feb-09,173.67,175.07,164.94,165.2,5220506
20-Feb-09,169.19,174.63,167.67,173.4,6218278
19-Feb-09,178.91,180.08,170.88,171.49,4989553
18-Feb-09,173.79,176.87,170.43,176.73,6025999
17-Feb-09,173.43,173.72,170.01,171.5,5680732
13-Feb-09,181.28,181.68,177.79,179.02,4147107
12-Feb-09,176.76,181.99,175.92,181.71,5551383
11-Feb-09,179.65,182.68,176.68,179.2,5232088
10-Feb-09,188.18,188.94,179.12,179.43,7105831
09-Feb-09,185.83,190.69,183.83,189.57,4983224
06-Feb-09,178.41,187.09,177.9,185.83,7041797
05-Feb-09,170.63,177.87,168.67,177.04,7265283
04-Feb-09,170.21,177.4,169.75,171.67,6817851
03-Feb-09,171.46,171.67,167.08,170.4,6561634
02-Feb-09,167.31,172.67,166.17,170.46,5206915
30-Jan-09,172.52,174.57,168.17,169.43,4673619
29-Jan-09,172.44,172.7,170.23,171.83,7284342
28-Jan-09,169.16,176.34,168.32,174.51,7693202
27-Jan-09,163.39,167.1,162.3,165.91,4929544
26-Jan-09,162.59,164.16,160.44,162.1,4611581
23-Jan-09,154.79,166.15,152.26,162.51,10732775
22-Jan-09,149.17,154.83,147.72,153.4,8266320
21-Jan-09,144.32,151.9,144.32,151.69,4927534
20-Jan-09,149.72,149.9,141.52,141.52,5050088
16-Jan-09,152.66,154.28,148.0,149.98,5225959
15-Jan-09,148.93,151.94,143.54,149.64,5937439
14-Jan-09,155.15,157.06,149.02,150.64,5577379
13-Jan-09,156.04,160.46,155.35,157.32,4433603
12-Jan-09,158.31,159.63,155.27,156.5,3304863
09-Jan-09,163.91,163.91,156.86,157.69,4341085
08-Jan-09,159.3,162.76,158.83,162.76,3601466
07-Jan-09,164.32,165.62,159.53,161.17,4495295
06-Jan-09,166.66,170.57,163.36,167.2,6426845
05-Jan-09,160.66,165.79,157.66,164.19,4891063
02-Jan-09,154.45,161.07,152.9,160.82,3617574
31-Dec-08,152.25,155.66,151.46,153.98,2887334
30-Dec-08,150.55,153.56,149.5,151.71,3845369
29-Dec-08,150.26,150.84,145.94,148.86,3702166
26-Dec-08,152.19,152.78,149.3,150.33,1961122
24-Dec-08,150.89,153.32,149.34,151.63,1921757
23-Dec-08,150.37,151.81,148.48,149.16,3783790
22-Dec-08,154.43,154.9,145.46,148.7,3919429
19-Dec-08,155.65,159.05,154.65,155.24,5670140
18-Dec-08,158.51,160.34,154.71,155.3,4764056
17-Dec-08,159.48,161.23,156.37,157.78,5798130
16-Dec-08,157.42,164.91,155.79,162.8,7199994
15-Dec-08,157.16,159.4,152.71,155.49,6738806
12-Dec-08,148.0,158.39,147.15,158.04,5722856
11-Dec-08,152.24,156.6,149.05,150.26,6181078
10-Dec-08,154.77,157.61,152.41,154.56,5239603
09-Dec-08,148.99,159.16,148.65,153.14,6891773
08-Dec-08,145.14,154.87,141.14,151.21,8145300
05-Dec-08,135.65,142.26,132.14,142.14,6523993
04-Dec-08,138.4,141.89,134.52,137.31,4887799
03-Dec-08,135.06,140.82,132.8,139.85,5906616
02-Dec-08,135.0,139.03,131.42,137.69,5841927
01-Dec-08,143.48,143.83,133.12,133.13,5711464
28-Nov-08,145.44,148.37,144.28,146.63,2566368
26-Nov-08,140.28,147.88,138.24,146.19,6359179
25-Nov-08,134.47,143.47,133.79,141.17,10774259
24-Nov-08,134.76,135.11,124.63,128.85,10059557
21-Nov-08,131.39,134.82,123.77,131.35,10246338
20-Nov-08,137.58,141.61,129.65,129.91,9780746
19-Nov-08,147.84,150.25,139.43,140.23,7841605
18-Nov-08,150.94,152.02,142.82,148.86,8348791
17-Nov-08,151.65,155.24,149.12,150.21,7544451
14-Nov-08,151.78,162.66,151.43,155.17,9518466
13-Nov-08,146.03,156.66,140.14,156.2,13239068
12-Nov-08,151.18,156.4,144.02,145.65,10054453
11-Nov-08,154.5,158.31,150.41,155.89,10148785
10-Nov-08,164.16,164.89,154.89,159.55,8097595
07-Nov-08,166.73,170.75,162.83,165.74,4690083
06-Nov-08,170.15,172.38,163.07,165.78,8579492
05-Nov-08,181.26,184.62,170.83,171.29,6949770
04-Nov-08,176.9,186.37,172.92,183.65,7352449
03-Nov-08,178.97,181.68,170.89,173.42,5955447
31-Oct-08,178.26,186.17,177.31,179.86,7426876
30-Oct-08,184.41,186.19,179.36,180.02,7993407
29-Oct-08,183.08,185.69,176.36,179.18,9763687
28-Oct-08,169.69,184.84,164.42,184.56,8106988
27-Oct-08,167.57,171.67,162.96,164.91,6209173
24-Oct-08,163.4,175.41,162.53,169.81,7358927
23-Oct-08,177.0,179.18,169.16,176.34,6480445
22-Oct-08,178.67,185.03,172.17,178.01,6564121
21-Oct-08,186.38,192.08,181.18,181.56,5790611
20-Oct-08,190.06,190.68,179.97,189.85,6757002
17-Oct-08,189.67,193.19,181.96,186.46,14255817
16-Oct-08,166.55,178.43,154.87,176.69,16289267
15-Oct-08,177.5,179.68,169.58,169.75,6721780
14-Oct-08,196.96,197.45,178.68,181.54,7874657
13-Oct-08,178.07,191.17,173.05,190.7,8907601
10-Oct-08,156.74,171.12,155.31,166.17,10600607
09-Oct-08,172.43,174.46,161.0,164.65,8088421
08-Oct-08,165.25,179.67,163.22,169.22,11828463
07-Oct-08,186.85,187.68,172.86,173.18,11058832
06-Oct-08,187.18,188.18,178.76,185.79,11222485
03-Oct-08,198.87,206.46,191.73,193.65,8035907
02-Oct-08,205.1,205.19,193.19,195.44,5988151
01-Oct-08,206.27,208.7,201.75,206.07,6237073
30-Sep-08,198.2,212.76,196.36,200.46,8824587
29-Sep-08,209.96,211.97,190.55,190.69,10764969
26-Sep-08,214.21,218.8,210.73,215.74,5292426
25-Sep-08,219.64,225.22,218.21,220.02,5026917
24-Sep-08,215.39,222.72,215.27,217.77,4242795
23-Sep-08,216.84,220.62,213.07,214.85,5206644
22-Sep-08,227.29,227.29,214.71,215.29,4409119
19-Sep-08,230.73,231.27,221.86,224.8,10008393
18-Sep-08,211.53,219.81,205.46,219.76,8592097
17-Sep-08,219.46,219.79,206.93,207.45,9129154
16-Sep-08,213.19,224.86,212.96,221.69,6991767
15-Sep-08,212.21,221.21,212.07,217.15,6568621
12-Sep-08,215.32,221.22,214.71,219.05,6027927
11-Sep-08,204.38,217.76,203.39,217.09,6472648
10-Sep-08,212.45,212.45,205.04,207.29,6227792
09-Sep-08,211.8,216.41,207.71,209.54,7231445
08-Sep-08,226.24,226.7,208.98,210.18,9021498
05-Sep-08,222.97,226.45,220.26,222.35,4538375
04-Sep-08,230.23,231.85,224.92,225.36,4886656
03-Sep-08,234.6,237.38,230.02,232.44,4315457
02-Sep-08,238.62,241.33,230.94,232.86,6120696
29-Aug-08,235.11,235.74,231.4,231.88,3848198
28-Aug-08,236.48,238.46,235.4,237.13,3029755
27-Aug-08,237.1,237.65,232.65,234.52,4388646
26-Aug-08,241.97,241.97,235.53,237.32,3308534
25-Aug-08,243.3,248.75,240.99,241.75,2015252
22-Aug-08,246.0,247.68,244.98,245.54,2297253
21-Aug-08,241.7,245.19,239.87,243.51,3514192
20-Aug-08,247.61,248.59,241.53,242.74,3984524
19-Aug-08,245.46,249.39,243.56,245.5,3046669
18-Aug-08,255.17,255.26,248.0,249.4,3336321
15-Aug-08,253.75,255.59,253.0,255.33,3545614
14-Aug-08,249.1,254.06,248.39,253.0,2918940
13-Aug-08,251.05,252.02,247.19,250.27,3626049
12-Aug-08,251.25,253.32,249.25,251.56,2755768
11-Aug-08,246.48,254.69,246.14,250.67,4241367
08-Aug-08,240.32,248.12,238.08,247.75,3739462
07-Aug-08,241.24,242.24,238.44,239.8,2773726
06-Aug-08,239.42,245.13,236.49,243.41,3375880
05-Aug-08,234.03,240.28,233.4,240.16,3584521
04-Aug-08,234.29,236.74,231.18,231.73,2486956
01-Aug-08,236.49,236.85,231.48,234.16,3008213
31-Jul-08,237.52,240.69,235.96,237.11,2865036
30-Jul-08,242.99,243.25,236.64,241.59,3491976
29-Jul-08,239.89,243.87,239.24,241.8,2803356
28-Jul-08,246.29,246.29,237.8,238.8,3164213
25-Jul-08,243.49,246.81,240.99,246.24,3184517
24-Jul-08,248.6,248.68,238.05,238.05,3544129
23-Jul-08,241.05,248.86,239.29,244.85,4898469
22-Jul-08,233.59,240.37,233.03,238.79,4694231
21-Jul-08,240.68,242.29,233.08,234.63,5910402
18-Jul-08,249.42,249.74,239.33,240.9,11294260
17-Jul-08,267.35,268.79,262.51,266.99,8796466
16-Jul-08,257.28,268.52,255.56,268.07,4744695
15-Jul-08,258.4,264.01,250.8,258.3,6071955
14-Jul-08,269.77,270.3,257.98,261.07,4425055
11-Jul-08,268.52,270.02,259.97,267.17,4981837
10-Jul-08,272.77,275.02,265.63,270.56,4332164
09-Jul-08,275.66,278.12,270.64,271.05,4154089
08-Jul-08,273.27,277.87,270.27,277.54,4933328
07-Jul-08,271.42,274.77,268.07,272.23,4260084
03-Jul-08,265.71,269.88,264.01,268.77,2400686
02-Jul-08,268.52,270.46,263.29,263.78,4225485
01-Jul-08,260.05,268.63,258.76,267.63,4961186
30-Jun-08,266.51,269.27,261.79,263.47,3765738
27-Jun-08,264.1,265.26,257.8,264.3,5446925
26-Jun-08,272.32,272.74,264.39,264.67,5660281
25-Jun-08,272.76,279.18,272.11,275.78,4126218
24-Jun-08,272.84,275.87,267.82,271.42,4672590
23-Jun-08,272.95,276.85,271.28,272.88,3636930
20-Jun-08,278.77,278.77,272.53,273.49,5983267
19-Jun-08,277.95,282.17,275.68,280.38,5683305
18-Jun-08,282.54,284.78,279.86,281.47,3388111
17-Jun-08,288.46,289.32,284.47,285.01,3463538
16-Jun-08,283.53,289.84,283.53,286.69,3544066
13-Jun-08,281.03,288.14,280.95,286.04,6184523
12-Jun-08,274.65,279.28,273.71,276.75,5496577
11-Jun-08,278.4,278.95,272.5,272.87,3813039
10-Jun-08,275.05,279.69,273.66,277.36,3658060
09-Jun-08,284.31,285.28,272.97,279.21,5288503
06-Jun-08,290.16,290.65,283.78,283.78,4735039
05-Jun-08,288.83,294.31,288.39,293.44,3921519
04-Jun-08,282.95,289.29,282.56,286.4,3363944
03-Jun-08,288.54,290.54,280.59,283.93,4335870
02-Jun-08,291.54,292.24,285.92,287.79,3674673
30-May-08,292.03,295.25,290.94,293.19,3226189
29-May-08,287.68,293.23,286.89,291.79,4846918
28-May-08,284.25,286.03,280.83,284.4,4053146
27-May-08,272.75,281.58,272.2,280.73,3868084
23-May-08,273.75,276.78,269.17,272.58,4434523
22-May-08,276.25,277.38,270.4,275.0,5077251
21-May-08,289.55,291.0,274.22,275.27,6470194
20-May-08,287.6,291.53,286.74,289.59,3313954
19-May-08,289.56,294.73,287.05,289.05,5604808
16-May-08,291.01,292.63,289.45,290.33,4275273
15-May-08,289.79,291.77,288.09,290.79,4343918
14-May-08,293.54,295.89,287.91,288.44,4379072
13-May-08,293.41,294.27,289.56,291.79,5165161
12-May-08,287.66,293.67,284.74,292.76,4865400
09-May-08,289.8,292.8,285.9,286.9,4484839
08-May-08,293.39,294.94,289.74,291.8,5123411
07-May-08,295.43,300.04,288.5,289.79,6613900
06-May-08,295.8,296.3,291.79,293.47,4632216
05-May-08,299.73,299.8,293.86,297.75,6288296
02-May-08,299.54,301.53,289.94,290.94,6999258
01-May-08,289.44,297.76,288.77,296.84,6605847
30-Apr-08,281.39,292.72,279.51,287.43,7904535
29-Apr-08,275.69,281.98,275.28,279.51,4346436
28-Apr-08,273.21,278.68,269.77,276.34,4010065
25-Apr-08,274.78,276.78,271.64,272.3,4166074
24-Apr-08,275.92,277.52,270.28,271.79,4138703
23-Apr-08,279.25,279.93,270.75,273.52,4923072
22-Apr-08,269.05,280.7,269.05,277.78,7941759
21-Apr-08,269.96,271.57,265.41,269.16,7444117
18-Apr-08,267.87,274.12,262.65,269.97,18238386
17-Apr-08,228.04,229.91,223.48,224.99,13409137
16-Apr-08,222.42,229.37,220.72,227.74,7630655
15-Apr-08,229.29,230.09,222.08,223.64,4586501
14-Apr-08,228.81,228.95,225.3,226.06,3842503
11-Apr-08,232.27,233.86,227.73,228.95,4169117
10-Apr-08,232.71,237.17,231.16,234.78,5073694
09-Apr-08,234.8,236.24,229.0,232.33,6048035
08-Apr-08,236.76,237.31,231.24,234.14,4550207
07-Apr-08,238.75,242.96,237.0,238.65,5945423
04-Apr-08,228.73,239.15,228.33,235.78,5898306
03-Apr-08,231.1,231.88,224.29,227.79,6778451
02-Apr-08,235.18,238.11,230.43,233.08,5999798
01-Apr-08,224.09,233.48,223.66,233.09,6093549
31-Mar-08,218.04,221.57,216.22,220.46,4446368
28-Mar-08,223.95,227.01,217.37,219.26,4377076
27-Mar-08,223.22,224.53,220.47,222.26,5832991
26-Mar-08,226.52,231.67,224.87,229.32,5225697
25-Mar-08,228.96,228.96,223.22,225.62,5833209
24-Mar-08,219.43,233.12,219.08,230.51,6764494
20-Mar-08,213.87,218.07,208.96,216.99,9913319
19-Mar-08,220.78,223.97,216.05,216.22,6179192
18-Mar-08,214.7,220.64,212.98,219.8,7240516
17-Mar-08,214.21,217.07,206.26,210.14,7890149
14-Mar-08,221.71,224.89,215.53,219.18,6574552
13-Mar-08,216.55,223.71,214.6,221.73,7727576
12-Mar-08,220.23,224.16,219.25,220.31,6652334
11-Mar-08,212.84,220.3,212.54,220.14,8832034
10-Mar-08,214.63,215.72,206.73,207.02,7989824
07-Mar-08,214.65,220.22,213.33,216.89,8071768
06-Mar-08,224.07,226.88,215.81,216.57,7471193
05-Mar-08,222.85,227.31,222.22,224.07,7439608
04-Mar-08,225.7,226.91,218.11,222.52,13628262
03-Mar-08,235.99,236.6,225.28,228.74,7557087
29-Feb-08,236.17,240.11,232.56,235.83,9426116
28-Feb-08,235.49,239.78,233.91,237.93,6590488
27-Feb-08,230.3,237.98,230.05,236.67,10127156
26-Feb-08,230.83,233.47,223.65,232.33,23290879
25-Feb-08,253.23,253.5,243.11,243.46,8372710
22-Feb-08,251.28,254.75,249.02,254.15,5516076
21-Feb-08,256.68,256.86,250.0,251.68,5678661
20-Feb-08,252.01,255.76,249.66,254.75,6668010
19-Feb-08,267.74,267.8,253.5,254.73,6352534
15-Feb-08,264.42,266.6,262.43,265.08,5243414
14-Feb-08,269.44,270.79,265.77,266.39,6480153
13-Feb-08,261.51,267.76,259.6,267.58,6632316
12-Feb-08,261.96,265.57,256.77,259.3,6662924
11-Feb-08,260.52,262.12,256.96,260.84,5826685
08-Feb-08,254.96,259.12,254.6,258.6,6828979
07-Feb-08,248.68,257.35,247.63,252.73,7930092
06-Feb-08,255.83,255.84,249.21,251.11,7640492
05-Feb-08,244.96,254.75,244.5,253.65,11210033
04-Feb-08,254.79,256.65,246.52,247.96,13160074
01-Feb-08,264.6,268.6,255.25,258.21,17601684
31-Jan-08,269.77,286.79,267.41,282.43,14871222
30-Jan-08,274.87,280.5,272.03,274.41,7947343
29-Jan-08,280.52,280.95,270.61,275.54,6284567
28-Jan-08,285.77,286.41,274.57,278.27,5816620
25-Jan-08,296.2,297.8,283.37,283.48,6965930
24-Jan-08,279.68,290.13,277.35,287.53,9409332
23-Jan-08,280.64,284.28,259.76,274.58,16971752
22-Jan-08,281.3,299.05,280.88,292.47,9501793
18-Jan-08,304.48,305.3,299.52,300.43,8540347
17-Jan-08,310.69,313.18,299.3,300.7,8216873
16-Jan-08,314.8,320.31,301.27,308.28,10562595
15-Jan-08,323.43,324.85,318.01,319.14,5584773
14-Jan-08,325.9,329.03,322.95,327.24,4448369
11-Jan-08,321.67,325.06,315.37,319.44,4977597
10-Jan-08,322.83,328.93,320.38,323.69,6334653
09-Jan-08,315.34,327.0,311.57,326.93,6744242
08-Jan-08,326.83,330.31,315.82,316.16,5341949
07-Jan-08,327.3,331.47,318.99,324.95,6404945
04-Jan-08,340.18,340.82,327.83,328.83,5359834
03-Jan-08,342.97,343.77,338.6,343.01,3252846
02-Jan-08,346.78,349.03,339.2,342.94,4306848
31-Dec-07,349.63,351.6,345.64,346.09,2376478
28-Dec-07,352.82,354.33,348.62,351.62,2562699
27-Dec-07,353.89,358.36,350.72,350.72,2943242
26-Dec-07,349.84,356.97,349.45,355.78,2530377
24-Dec-07,347.84,350.72,346.88,350.72,1628440
21-Dec-07,349.29,349.98,346.97,348.69,5394027
20-Dec-07,343.26,345.85,340.65,345.19,4422920
19-Dec-07,337.44,340.09,334.83,339.02,4425125
18-Dec-07,337.42,338.69,326.58,337.01,7166879
17-Dec-07,344.34,348.06,332.17,334.95,5489502
14-Dec-07,344.1,350.2,343.97,345.32,3673495
13-Dec-07,348.5,349.16,340.95,347.37,5182202
12-Dec-07,357.36,357.52,344.59,350.02,6166134
11-Dec-07,360.33,360.86,349.74,349.95,6142422
10-Dec-07,358.35,362.76,357.36,359.57,3858284
07-Dec-07,357.85,359.36,355.61,357.79,3852520
06-Dec-07,349.25,358.64,348.85,357.99,4916014
05-Dec-07,346.71,349.81,344.09,349.6,4212216
04-Dec-07,339.49,346.35,338.9,342.42,4232399
03-Dec-07,345.85,347.85,340.91,341.11,4329483
30-Nov-07,355.86,355.89,341.4,346.85,7901777
29-Nov-07,345.72,351.75,344.23,348.85,6214863
28-Nov-07,341.4,347.5,336.41,346.48,7919050
27-Nov-07,337.74,338.55,325.46,337.12,8905896
26-Nov-07,340.4,347.0,332.8,333.3,6792108
23-Nov-07,335.33,339.48,334.39,338.69,2739539
21-Nov-07,322.21,335.32,321.36,330.59,7014231
20-Nov-07,318.56,329.88,316.75,324.59,9840579
19-Nov-07,315.11,318.7,309.56,313.24,5532464
16-Nov-07,317.29,318.06,308.32,317.13,9043931
15-Nov-07,319.6,324.07,312.31,315.14,6972499
14-Nov-07,336.98,338.08,318.45,321.16,8102399
13-Nov-07,322.82,330.79,316.35,330.61,8445305
12-Nov-07,329.2,335.3,313.42,316.35,10235519
09-Nov-07,338.23,341.28,330.94,332.32,11390236
08-Nov-07,367.67,367.81,338.93,347.27,16517335
07-Nov-07,370.94,373.99,361.93,366.84,8273434
06-Nov-07,369.15,371.27,362.86,371.27,8441623
05-Nov-07,353.85,365.48,353.39,363.19,8885626
02-Nov-07,355.61,357.15,349.02,355.98,5842237
01-Nov-07,351.75,357.22,351.24,351.96,6528949
31-Oct-07,350.7,353.85,348.37,353.85,6884486
30-Oct-07,339.09,350.3,339.09,347.73,6900524
29-Oct-07,339.22,340.34,336.38,339.95,3066529
26-Oct-07,337.35,338.61,334.36,337.64,3354536
25-Oct-07,339.68,339.82,332.11,334.59,5798452
24-Oct-07,336.69,339.07,330.11,338.25,7409295
23-Oct-07,330.96,339.14,330.33,338.22,6799991
22-Oct-07,319.65,327.83,318.46,325.7,6664306
19-Oct-07,327.61,329.57,321.94,322.68,15783471
18-Oct-07,318.02,321.01,314.56,320.13,12353796
17-Oct-07,315.54,317.32,311.11,317.06,6030452
16-Oct-07,309.55,313.27,306.3,308.31,6025266
15-Oct-07,319.55,320.25,308.08,310.37,6948873
12-Oct-07,312.3,319.52,309.43,319.01,6826850
11-Oct-07,317.14,321.03,304.8,311.31,11800476
10-Oct-07,310.99,313.15,308.71,313.01,5385599
09-Oct-07,307.86,312.2,304.5,307.9,8769117
08-Oct-07,297.8,305.44,297.27,305.11,5029116
05-Oct-07,293.85,298.3,293.8,297.32,5072844
04-Oct-07,292.84,292.84,288.82,289.8,2988773
03-Oct-07,293.42,294.79,290.47,292.3,3884247
02-Oct-07,291.98,298.7,290.3,292.49,7067477
01-Oct-07,285.27,292.47,285.09,291.57,4714446
28-Sep-07,283.78,285.06,282.34,283.92,2639328
27-Sep-07,286.15,286.16,283.17,284.03,2056256
26-Sep-07,285.49,286.18,282.19,284.36,3346447
25-Sep-07,282.28,285.06,281.71,284.78,2730639
24-Sep-07,280.78,286.02,280.28,284.29,5299786
21-Sep-07,278.45,280.68,276.69,280.33,8012546
20-Sep-07,273.77,278.68,273.29,276.69,5531347
19-Sep-07,269.9,275.0,269.7,273.7,5527900
18-Sep-07,263.52,268.89,262.4,267.9,4223173
17-Sep-07,263.53,264.9,262.3,262.91,2198559
14-Sep-07,261.86,265.4,261.37,264.64,2765340
13-Sep-07,262.29,263.87,261.87,262.65,1892758
12-Sep-07,260.53,264.25,259.76,261.59,2986903
11-Sep-07,258.75,261.09,258.12,260.93,2704265
10-Sep-07,260.9,261.3,255.7,257.5,3226721
07-Sep-07,259.19,260.88,258.66,259.93,3663641
06-Sep-07,264.94,265.18,259.38,262.02,3634263
05-Sep-07,261.96,265.0,261.39,264.16,3314006
04-Sep-07,257.77,264.26,257.57,262.84,3696830
31-Aug-07,256.81,258.51,255.99,257.88,2977506
30-Aug-07,256.44,257.96,255.54,255.96,2653547
29-Aug-07,254.17,256.91,253.87,256.7,2550539
28-Aug-07,256.02,257.75,253.15,253.45,3275023
27-Aug-07,257.47,258.98,255.96,256.89,2325049
24-Aug-07,256.56,258.03,254.5,257.76,2472653
23-Aug-07,258.26,258.32,253.75,256.35,3077240
22-Aug-07,255.23,258.38,254.88,256.63,3255994
21-Aug-07,249.72,254.33,249.13,253.56,3618508
20-Aug-07,251.48,251.53,248.25,249.21,2698225
17-Aug-07,248.97,250.75,246.07,250.27,5481730
16-Aug-07,246.26,248.46,240.47,246.01,8645559
15-Aug-07,254.75,256.1,248.6,249.02,5409677
14-Aug-07,258.12,258.96,254.25,254.55,3634035
13-Aug-07,260.03,260.13,256.77,258.01,3179214
10-Aug-07,255.35,259.62,253.07,258.13,5884448
09-Aug-07,260.66,263.67,257.57,257.62,4849116
08-Aug-07,259.93,263.15,258.8,263.15,4068931
07-Aug-07,255.13,260.2,254.77,258.27,4267391
06-Aug-07,251.75,255.33,251.5,255.25,3651924
03-Aug-07,255.28,256.86,251.75,251.75,3176102
02-Aug-07,257.12,257.75,254.75,255.76,3156501
01-Aug-07,255.51,258.51,254.32,256.73,4428166
31-Jul-07,260.38,260.48,255.25,255.25,4270981
30-Jul-07,256.72,259.93,255.51,258.31,3967248
27-Jul-07,254.52,258.57,253.0,256.2,5472989
26-Jul-07,254.62,256.55,249.69,254.25,6894330
25-Jul-07,258.75,258.77,253.03,255.13,5556426
24-Jul-07,254.9,259.6,253.81,257.26,5741426
23-Jul-07,259.76,260.26,256.33,256.51,6356603
20-Jul-07,256.21,261.85,255.0,260.32,17773613
19-Jul-07,277.01,277.04,271.39,274.57,11127140
18-Jul-07,277.22,277.53,272.18,275.02,6084148
17-Jul-07,277.8,279.14,276.47,277.78,4331404
16-Jul-07,275.43,279.57,274.93,276.77,6601545
13-Jul-07,274.23,276.61,273.9,276.36,5237139
12-Jul-07,273.2,273.93,270.38,272.94,3443154
11-Jul-07,272.08,273.52,270.28,272.51,3311848
10-Jul-07,272.17,273.77,271.1,271.94,3856200
09-Jul-07,271.77,274.64,270.4,271.55,3731529
06-Jul-07,270.9,272.21,269.63,269.97,2747044
05-Jul-07,268.05,272.47,266.34,271.09,4943783
03-Jul-07,265.8,267.47,264.01,267.44,1871795
02-Jul-07,263.01,266.19,262.36,265.46,3496531
29-Jun-07,263.27,263.96,259.99,261.61,3881004
28-Jun-07,262.7,265.01,262.16,262.77,4174304
27-Jun-07,262.76,264.26,260.04,263.41,6126644
26-Jun-07,266.63,266.87,263.38,265.4,5690466
25-Jun-07,264.75,267.76,261.95,263.97,7926891
22-Jun-07,258.47,262.76,258.31,262.75,7287906
21-Jun-07,255.75,257.9,253.39,257.31,4410593
20-Jun-07,258.74,259.63,254.78,255.24,4340703
19-Jun-07,257.26,258.88,256.03,257.41,4384299
18-Jun-07,253.34,258.26,252.37,257.86,4844965
15-Jun-07,254.35,254.75,250.87,253.2,6174369
14-Jun-07,252.94,253.19,251.1,251.67,4624604
13-Jun-07,253.8,254.52,249.59,252.87,7042609
12-Jun-07,254.61,256.09,251.84,252.64,6423044
11-Jun-07,257.27,259.38,255.25,255.93,4654821
08-Jun-07,258.36,260.08,254.98,258.0,6360840
07-Jun-07,260.13,263.51,256.51,257.79,10641285
06-Jun-07,258.63,260.65,257.89,259.38,7899928
05-Jun-07,255.13,259.76,253.56,259.68,10459611
04-Jun-07,249.2,255.51,249.04,253.79,7103954
01-Jun-07,250.75,252.76,249.21,250.45,4806053
31-May-07,250.53,254.64,248.78,249.2,8927564
30-May-07,242.49,249.67,241.74,249.55,7299636
29-May-07,242.74,246.15,242.24,243.8,5221872
25-May-07,240.09,242.72,238.87,242.0,5348571
24-May-07,237.81,239.84,235.99,237.4,4200474
23-May-07,240.65,241.95,237.11,237.22,5086490
22-May-07,236.74,239.74,236.74,238.17,3840233
21-May-07,235.0,239.84,233.59,235.54,6168614
18-May-07,236.25,236.59,235.11,235.4,3696999
17-May-07,236.47,237.85,235.64,235.72,4667201
16-May-07,231.23,236.81,229.74,236.54,6563239
15-May-07,231.21,231.5,228.93,229.23,4119544
14-May-07,232.97,233.99,230.23,231.12,3873493
11-May-07,231.15,233.73,230.73,233.6,2940516
10-May-07,233.75,234.98,230.74,230.97,3691513
09-May-07,233.31,236.1,232.17,234.86,3892236
08-May-07,233.3,234.32,232.6,233.64,2908622
07-May-07,236.31,236.65,233.47,233.87,3022311
04-May-07,235.3,237.66,233.17,235.8,3951718
03-May-07,233.34,237.27,232.88,236.85,3596694
02-May-07,234.56,235.78,233.1,233.12,3080494
01-May-07,236.33,236.64,232.32,234.73,3658854
30-Apr-07,239.81,240.92,235.93,235.93,3645852
27-Apr-07,240.28,241.44,239.4,239.74,2927221
26-Apr-07,239.29,242.47,238.79,240.83,4132037
25-Apr-07,240.24,240.93,238.29,239.23,3972723
24-Apr-07,239.54,240.23,238.01,239.0,3699323
23-Apr-07,240.29,242.74,239.37,239.78,5679371
20-Apr-07,245.51,246.5,241.25,241.48,12223144
19-Apr-07,237.49,241.22,235.03,236.06,11225221
18-Apr-07,235.87,240.19,235.0,238.24,5672972
17-Apr-07,237.14,238.43,236.04,236.64,3216071
16-Apr-07,234.46,238.73,234.31,237.37,5080883
13-Apr-07,234.46,234.62,231.91,233.38,2799340
12-Apr-07,232.23,234.23,231.35,233.93,2711803
11-Apr-07,233.26,234.93,231.54,232.5,3824385
10-Apr-07,233.78,235.63,232.81,233.48,2979518
09-Apr-07,236.73,236.74,233.03,234.34,3063964
05-Apr-07,235.89,236.28,235.04,235.99,2716305
04-Apr-07,236.31,236.74,235.02,235.75,3779646
03-Apr-07,232.26,237.36,232.23,236.54,6518088
02-Apr-07,229.11,229.49,226.29,229.49,3448632
30-Mar-07,231.28,231.93,228.3,229.31,3380552
29-Mar-07,232.51,233.23,227.73,230.69,3989119
28-Mar-07,231.17,232.95,230.31,231.17,4641156
27-Mar-07,232.01,232.85,230.4,232.04,3742166
26-Mar-07,230.51,232.73,228.04,232.73,4711009
23-Mar-07,230.96,231.93,228.77,231.15,4114854
22-Mar-07,228.03,231.32,226.49,231.25,5727728
21-Mar-07,222.87,228.51,222.83,228.5,5801900
20-Mar-07,223.12,224.02,222.02,222.86,3422340
19-Mar-07,221.85,224.47,220.54,223.84,5200733
16-Mar-07,223.05,223.57,220.16,220.65,5669244
15-Mar-07,224.15,225.14,222.19,223.32,3947143
14-Mar-07,221.84,224.55,219.72,224.22,8021553
13-Mar-07,225.28,226.19,221.64,221.74,6378634
12-Mar-07,226.51,227.85,225.78,227.6,3467969
09-Mar-07,229.23,229.43,225.28,226.71,4977644
08-Mar-07,229.84,232.98,227.28,227.59,5363496
07-Mar-07,231.58,231.8,227.37,228.05,6534977
06-Mar-07,223.96,229.73,223.91,229.0,7537169
05-Mar-07,218.73,222.97,218.72,220.69,6359581
02-Mar-07,222.78,224.57,219.56,219.56,6585824
01-Mar-07,221.56,226.44,220.22,224.34,8689893
28-Feb-07,225.43,227.06,221.74,224.95,8046584
27-Feb-07,227.73,230.13,223.81,224.61,9338828
26-Feb-07,236.65,237.86,232.11,232.7,3990296
23-Feb-07,238.11,238.71,234.13,235.55,3885580
22-Feb-07,239.58,242.36,237.43,238.16,5747347
21-Feb-07,235.15,239.58,234.1,238.17,5643426
20-Feb-07,234.47,236.61,232.59,236.29,4069032
16-Feb-07,231.63,235.31,231.26,235.2,6179453
15-Feb-07,233.23,233.3,230.59,230.97,4049689
14-Feb-07,230.23,234.8,229.84,233.2,5700073
13-Feb-07,229.81,231.62,228.86,229.78,4147588
12-Feb-07,230.57,231.43,227.74,229.37,5754929
09-Feb-07,236.06,236.58,230.98,231.18,4859692
08-Feb-07,234.26,237.11,232.81,235.75,4077666
07-Feb-07,237.15,237.41,234.62,235.24,4121831
06-Feb-07,234.28,236.89,233.86,235.98,5326388
05-Feb-07,238.99,239.24,233.33,233.81,7210422
02-Feb-07,241.55,242.74,239.14,240.99,6312533
01-Feb-07,253.25,253.26,241.01,241.12,15669297
31-Jan-07,248.49,252.75,248.0,251.0,12402800
30-Jan-07,247.25,249.25,245.86,247.41,4185385
29-Jan-07,249.25,249.62,245.5,246.48,4778995
26-Jan-07,245.71,249.2,243.76,248.17,5497075
25-Jan-07,250.75,252.5,243.07,244.29,6444810
24-Jan-07,242.46,250.02,241.89,249.78,6074077
23-Jan-07,240.64,242.62,238.88,239.76,4686879
22-Jan-07,246.5,246.57,239.49,240.66,5407309
19-Jan-07,244.23,245.63,243.61,245.12,4979438
18-Jan-07,247.51,248.49,243.96,244.16,5932894
17-Jan-07,251.95,254.14,247.44,248.89,6708439
16-Jan-07,254.03,256.76,251.9,252.39,7579201
12-Jan-07,251.25,252.75,250.25,252.75,4475211
11-Jan-07,248.85,251.13,248.34,250.11,7227025
10-Jan-07,242.46,247.02,241.26,244.97,5978283
09-Jan-07,242.97,244.37,240.84,242.99,5383043
08-Jan-07,244.09,245.18,241.34,242.03,4756244
05-Jan-07,241.49,243.99,239.29,243.84,6874670
04-Jan-07,234.73,242.22,234.41,241.87,7916458
03-Jan-07,233.23,238.57,230.79,234.03,7722839
29-Dec-06,231.28,232.47,230.16,230.47,2559612
28-Dec-06,233.79,234.52,231.36,231.51,3140196
27-Dec-06,230.23,234.27,229.78,234.25,4232499
26-Dec-06,228.49,229.96,227.52,228.99,2075834
22-Dec-06,228.98,229.55,226.59,228.02,3989025
21-Dec-06,232.32,232.86,226.4,228.33,6964912
20-Dec-06,235.23,235.99,231.4,231.68,4382715
19-Dec-06,231.09,234.89,229.48,234.55,6590738
18-Dec-06,241.49,241.61,230.59,231.63,8019415
15-Dec-06,241.56,242.3,240.16,240.39,5249098
14-Dec-06,240.37,242.12,238.87,241.3,4759376
13-Dec-06,242.59,242.99,238.75,239.73,4664176
12-Dec-06,242.17,243.42,240.38,241.13,4213915
11-Dec-06,242.7,244.69,242.14,242.21,3265994
08-Dec-06,241.21,244.54,240.24,242.3,3976769
07-Dec-06,245.36,246.15,241.45,241.56,4664925
06-Dec-06,243.72,246.45,242.5,244.6,4452242
05-Dec-06,243.94,244.96,242.69,243.74,4104051
04-Dec-06,241.74,243.96,239.91,242.67,4908948
01-Dec-06,243.23,244.44,239.49,240.64,5632131
30-Nov-06,242.34,245.45,241.02,242.65,5578592
29-Nov-06,247.37,247.62,241.37,242.57,6316158
28-Nov-06,240.81,245.17,238.75,244.99,7805521
27-Nov-06,250.94,251.14,242.62,242.62,7328930
24-Nov-06,252.5,254.0,252.3,252.8,1734759
22-Nov-06,255.74,256.76,253.14,254.26,4502581
21-Nov-06,248.52,255.25,248.16,255.08,8437379
20-Nov-06,249.45,249.45,246.57,247.77,5125836
17-Nov-06,246.87,250.08,246.75,249.64,5523304
16-Nov-06,247.75,249.09,246.53,248.2,5095517
15-Nov-06,246.96,250.17,246.21,246.21,8375966
14-Nov-06,240.59,245.22,240.49,244.89,7227386
13-Nov-06,237.69,240.83,237.31,240.76,4346003
10-Nov-06,237.13,237.6,235.38,237.01,2798140
09-Nov-06,238.49,239.98,236.17,236.55,4881874
08-Nov-06,235.41,241.11,234.53,237.74,7967989
07-Nov-06,238.72,239.75,236.12,236.52,4899975
06-Nov-06,237.12,240.07,236.4,238.71,4994005
03-Nov-06,236.35,237.11,232.76,236.13,4909128
02-Nov-06,233.98,237.1,233.42,235.19,5237726
01-Nov-06,239.62,239.8,232.86,233.98,5432936
31-Oct-06,239.27,241.32,237.16,238.43,6290913
30-Oct-06,237.65,240.47,235.24,238.52,6564929
27-Oct-06,242.19,242.86,236.48,237.84,6605323
26-Oct-06,244.08,246.23,242.34,242.79,7041034
25-Oct-06,238.98,244.49,237.79,243.54,9193703
24-Oct-06,238.38,239.17,235.94,236.89,8691915
23-Oct-06,231.37,242.56,230.42,240.63,15113954
20-Oct-06,229.72,230.28,227.02,230.06,11651830
19-Oct-06,210.33,227.68,209.99,213.24,11819967
18-Oct-06,211.71,212.59,208.96,209.86,6018380
17-Oct-06,210.36,212.09,208.56,210.53,5225527
16-Oct-06,214.06,214.81,210.88,211.09,4319941
13-Oct-06,214.09,214.96,212.99,213.86,3622924
12-Oct-06,214.49,215.05,212.21,213.93,4848073
11-Oct-06,212.72,215.17,212.09,213.46,5636120
10-Oct-06,216.0,219.14,211.41,213.54,9791240
09-Oct-06,212.61,216.19,211.92,214.71,7606719
06-Oct-06,205.32,211.17,205.08,210.46,7339021
05-Oct-06,207.56,209.33,205.64,206.11,5791267
04-Oct-06,202.69,208.09,201.73,208.06,6665603
03-Oct-06,200.85,203.43,199.29,202.22,5467091
02-Oct-06,201.15,203.2,200.6,200.92,3652860
29-Sep-06,202.76,203.01,200.91,201.15,3314271
28-Sep-06,202.24,203.69,200.47,201.99,5112270
27-Sep-06,203.35,205.82,201.39,201.66,5977574
26-Sep-06,202.95,204.04,201.09,203.64,5294954
25-Sep-06,202.99,204.93,201.45,202.19,5741665
22-Sep-06,202.69,203.93,200.88,202.09,4649781
21-Sep-06,200.35,204.43,200.13,203.63,10696761
20-Sep-06,203.75,203.9,197.51,198.7,9154036
19-Sep-06,207.94,207.95,196.57,202.11,14296993
18-Sep-06,205.2,209.55,204.94,207.55,7112081
15-Sep-06,203.94,205.23,203.57,205.14,7841361
14-Sep-06,202.35,203.34,201.17,202.19,5367264
13-Sep-06,197.77,203.58,197.75,203.49,9770012
12-Sep-06,192.69,196.56,192.63,196.15,5467584
11-Sep-06,189.32,192.54,189.07,192.24,4529209
08-Sep-06,188.55,190.59,188.55,189.11,3083687
07-Sep-06,189.88,191.07,188.89,189.43,3842020
06-Sep-06,191.24,191.79,190.02,190.26,3727247
05-Sep-06,190.12,192.89,188.91,192.37,4075696
01-Sep-06,190.69,190.83,188.78,189.49,2674099
31-Aug-06,190.94,191.27,189.29,189.45,2967829
30-Aug-06,189.79,192.52,189.44,190.57,4043381
29-Aug-06,190.58,191.35,188.79,189.66,4465569
28-Aug-06,187.99,190.67,187.69,190.67,4165511
25-Aug-06,186.73,187.85,186.44,186.82,2467697
24-Aug-06,187.41,188.39,186.32,187.05,3484226
23-Aug-06,189.01,189.32,186.52,186.9,3644331
22-Aug-06,189.06,189.82,187.61,189.33,4164286
21-Aug-06,189.24,189.69,187.8,188.84,4120021
18-Aug-06,193.35,193.74,190.57,191.87,4952934
17-Aug-06,193.39,195.19,192.15,193.09,5080326
16-Aug-06,191.93,194.42,191.25,194.05,5853626
15-Aug-06,187.24,191.03,186.49,190.68,6699844
14-Aug-06,185.94,187.75,184.52,184.9,4968614
11-Aug-06,187.39,187.83,184.18,184.43,3768869
10-Aug-06,187.13,189.02,186.42,187.29,4264885
09-Aug-06,192.08,192.53,188.37,188.66,4311433
08-Aug-06,191.6,192.44,189.73,190.69,5744843
07-Aug-06,185.94,190.05,185.76,189.16,3999670
04-Aug-06,189.97,190.53,186.06,187.11,5095481
03-Aug-06,182.67,189.14,181.86,187.88,6329923
02-Aug-06,187.99,188.77,182.78,183.8,7098826
01-Aug-06,192.75,193.08,187.94,187.94,5466822
31-Jul-06,194.19,194.78,191.85,193.49,4598575
28-Jul-06,191.19,194.97,191.06,194.25,4084395
27-Jul-06,193.88,193.94,189.16,191.39,5641105
26-Jul-06,194.29,196.15,191.69,192.94,5532668
25-Jul-06,192.7,195.85,192.09,194.87,5761388
24-Jul-06,196.61,197.14,190.8,195.65,8087709
21-Jul-06,193.26,196.07,189.03,195.25,11767919
20-Jul-06,202.34,202.42,193.02,193.75,12631703
19-Jul-06,197.7,200.77,197.53,199.7,8523151
18-Jul-06,205.08,205.49,199.07,201.73,8631609
17-Jul-06,202.52,205.7,202.06,204.15,5813229
14-Jul-06,205.37,205.95,199.5,201.95,7552072
13-Jul-06,207.21,209.38,203.62,204.62,6924475
12-Jul-06,211.26,211.58,208.57,208.83,4906618
11-Jul-06,209.46,212.74,206.72,212.49,5972817
10-Jul-06,211.93,212.83,208.4,209.31,4438867
07-Jul-06,213.24,214.16,208.15,210.44,6042310
06-Jul-06,211.9,212.9,211.2,211.81,3687577
05-Jul-06,210.97,211.61,208.03,210.94,4986307
03-Jul-06,210.23,212.1,209.93,211.81,2156782
30-Jun-06,208.01,209.87,206.37,209.87,6298846
29-Jun-06,204.2,209.31,203.11,209.11,6662215
28-Jun-06,202.21,203.44,200.77,203.26,3712699
27-Jun-06,203.06,204.2,200.71,201.36,4107079
26-Jun-06,203.58,204.35,201.83,202.31,3551178
23-Jun-06,201.58,205.08,200.57,202.63,5314766
22-Jun-06,200.99,203.2,194.19,200.17,6008179
21-Jun-06,195.73,202.2,195.07,201.27,8745047
20-Jun-06,194.21,196.13,193.45,193.78,4045219
19-Jun-06,195.62,197.6,193.68,194.26,7634692
16-Jun-06,194.74,195.66,194.19,195.55,5306979
15-Jun-06,193.5,196.32,191.69,195.7,6788401
14-Jun-06,195.11,195.75,189.45,192.39,7773360
13-Jun-06,190.64,193.69,189.25,193.46,7662124
12-Jun-06,194.36,195.44,190.69,190.96,5021083
09-Jun-06,196.29,197.91,192.87,193.48,6159365
08-Jun-06,194.07,197.33,189.48,196.85,10360552
07-Jun-06,196.82,197.63,193.44,193.45,8912579
06-Jun-06,188.48,195.2,188.34,195.19,10263036
05-Jun-06,188.28,190.92,187.26,187.41,5559992
02-Jun-06,192.92,193.73,188.91,189.91,6386442
01-Jun-06,186.96,191.69,185.99,191.5,6280223
31-May-06,187.09,189.31,183.57,186.1,7982732
30-May-06,189.33,190.69,185.91,186.16,4315930
26-May-06,192.47,193.13,190.21,190.87,3667717
25-May-06,189.73,191.69,186.34,191.69,8198046
24-May-06,188.86,191.91,185.99,190.82,9556510
23-May-06,187.29,192.13,186.97,187.98,8985421
22-May-06,184.11,186.7,182.81,185.66,8605568
19-May-06,186.83,187.44,180.47,185.2,11399560
18-May-06,189.58,191.1,185.54,185.68,5835892
17-May-06,185.49,190.11,185.3,187.44,10664908
16-May-06,188.18,188.62,185.13,185.84,5317198
15-May-06,188.15,190.27,184.31,188.29,8594484
12-May-06,191.96,192.63,186.96,187.25,10156524
11-May-06,201.91,202.56,192.68,193.69,8898884
10-May-06,204.36,206.06,201.13,201.69,6211308
09-May-06,198.04,204.7,197.07,204.6,9143664
08-May-06,197.75,198.76,195.22,197.59,5129461
05-May-06,199.0,200.54,196.09,197.35,6069528
04-May-06,197.71,199.63,196.3,197.57,4653255
03-May-06,198.37,200.95,195.64,197.28,8075850
02-May-06,200.74,201.45,194.39,197.6,13108333
01-May-06,209.44,209.93,199.47,199.65,10367637
28-Apr-06,209.52,213.08,208.36,209.18,7425666
27-Apr-06,211.67,213.67,209.9,210.23,8359256
26-Apr-06,214.08,215.24,211.98,213.2,7282287
25-Apr-06,220.03,220.74,213.21,213.79,9569567
24-Apr-06,219.92,222.57,218.48,220.47,8840100
21-Apr-06,224.67,225.59,218.3,218.77,22559250
20-Apr-06,205.71,208.21,204.3,207.71,12458412
19-Apr-06,206.49,207.03,203.57,205.46,6786151
18-Apr-06,204.17,205.12,200.95,202.32,8154780
17-Apr-06,201.93,206.46,200.62,203.61,8261422
13-Apr-06,204.52,205.08,200.45,201.28,6554861
12-Apr-06,204.7,205.87,202.8,204.68,6021169
11-Apr-06,208.42,209.76,203.31,205.03,11112419
10-Apr-06,203.74,208.79,202.83,208.4,9325308
07-Apr-06,206.41,206.63,202.21,203.28,7027980
06-Apr-06,203.45,207.15,202.92,205.8,8599983
05-Apr-06,204.31,207.49,201.61,204.2,13454976
04-Apr-06,195.14,202.65,194.26,202.37,15725137
03-Apr-06,194.96,196.43,194.16,195.04,8129930
31-Mar-06,194.56,196.13,192.21,195.19,36514857
30-Mar-06,194.79,196.95,192.0,194.41,14723626
29-Mar-06,190.16,199.7,189.94,197.69,19345086
28-Mar-06,186.04,189.12,185.77,188.79,8952532
27-Mar-06,183.73,186.04,182.68,185.03,7026402
24-Mar-06,184.49,185.23,181.44,183.08,15182162
23-Mar-06,171.35,173.05,170.27,171.12,7784834
22-Mar-06,170.04,172.22,168.92,170.28,7600389
21-Mar-06,175.18,176.01,169.71,170.13,9858099
20-Mar-06,171.34,175.22,170.94,174.27,10415814
17-Mar-06,169.57,171.06,167.63,170.06,8558663
16-Mar-06,174.48,174.55,169.12,169.55,10021478
15-Mar-06,175.56,176.33,170.44,172.42,12772794
14-Mar-06,168.74,176.36,166.48,175.76,18462895
13-Mar-06,170.64,173.22,167.89,168.7,13647636
10-Mar-06,171.92,172.42,165.94,168.92,19335603
09-Mar-06,177.87,179.44,170.92,171.67,13930023
08-Mar-06,177.14,180.2,175.45,177.12,11789648
07-Mar-06,182.69,184.41,179.25,182.41,10458838
06-Mar-06,190.65,191.89,183.75,184.23,8944987
03-Mar-06,192.34,193.81,188.07,189.28,11965401
02-Mar-06,182.32,190.74,181.28,188.41,18340198
01-Mar-06,184.46,184.91,180.83,182.58,12065342
28-Feb-06,196.8,198.97,169.42,181.49,39446833
27-Feb-06,190.83,196.05,190.33,195.38,10218579
24-Feb-06,188.84,190.23,186.93,188.89,6486245
23-Feb-06,182.99,190.81,182.88,189.22,12555816
22-Feb-06,183.76,184.66,182.11,182.93,6480739
21-Feb-06,183.4,186.96,182.74,183.48,8690747
17-Feb-06,185.11,186.26,181.99,184.56,14320187
16-Feb-06,173.01,183.68,172.42,183.41,21346655
15-Feb-06,170.81,173.17,169.08,171.36,12950205
14-Feb-06,172.84,176.02,171.37,171.83,14658822
13-Feb-06,173.49,175.48,171.12,173.02,19724806
10-Feb-06,181.16,182.43,176.75,181.49,15223458
09-Feb-06,185.79,187.39,178.23,179.56,11913420
08-Feb-06,184.42,185.53,177.51,184.72,20818364
07-Feb-06,191.69,192.04,181.85,184.14,16640139
06-Feb-06,192.85,195.14,189.97,192.74,8948485
03-Feb-06,197.01,197.15,186.47,190.97,18286547
02-Feb-06,202.11,203.45,198.19,198.22,11810931
01-Feb-06,194.71,201.2,193.95,201.09,27132792
31-Jan-06,215.5,220.02,212.2,216.55,22449604
30-Jan-06,214.83,216.86,212.71,213.62,8596167
27-Jan-06,217.72,219.33,214.7,216.96,8459747
26-Jan-06,219.99,220.22,211.99,217.35,12931382
25-Jan-06,225.86,227.34,214.82,216.72,18746567
24-Jan-06,218.23,222.7,217.46,221.74,15468453
23-Jan-06,203.89,214.41,203.07,213.96,22768073
20-Jan-06,219.57,220.24,197.57,199.93,41182889
19-Jan-06,225.81,226.97,216.72,218.44,14539830
18-Jan-06,223.87,228.91,221.85,222.68,20511176
17-Jan-06,231.76,235.18,231.5,233.79,8335300
13-Jan-06,232.39,233.68,231.04,233.36,7660220
12-Jan-06,237.1,237.73,230.98,232.05,10125212
11-Jan-06,235.87,237.79,234.82,236.05,9008664
10-Jan-06,232.44,235.36,231.25,235.11,9104719
09-Jan-06,233.44,236.94,230.7,233.68,12795837
06-Jan-06,228.66,235.49,226.85,233.06,17759521
05-Jan-06,223.22,226.0,220.97,225.85,10815661
04-Jan-06,222.17,224.7,220.09,222.84,15292353
03-Jan-06,211.47,218.05,209.32,217.83,13137450
30-Dec-05,208.84,209.31,207.08,207.64,7587928
29-Dec-05,214.2,214.58,209.79,210.29,6949966
28-Dec-05,212.38,214.1,210.84,213.56,7119624
27-Dec-05,216.15,216.15,211.59,212.53,6705231
23-Dec-05,216.29,216.47,214.6,215.68,4595093
22-Dec-05,216.1,216.65,213.18,216.24,7550670
21-Dec-05,216.99,218.65,210.57,213.38,11221892
20-Dec-05,214.14,216.32,212.55,215.08,10084650
19-Dec-05,216.32,223.33,210.27,212.51,21942641
16-Dec-05,212.88,216.47,211.59,215.29,16330482
15-Dec-05,209.76,211.78,208.46,211.48,6045839
14-Dec-05,208.73,210.07,207.95,209.69,6630334
13-Dec-05,206.46,209.21,206.03,208.95,8163779
12-Dec-05,207.52,207.81,205.18,206.51,6950693
09-Dec-05,207.71,208.1,204.48,204.8,7666076
08-Dec-05,202.85,205.53,201.52,205.53,8910050
07-Dec-05,203.28,203.55,199.7,202.31,11665835
06-Dec-05,204.55,208.41,201.05,202.47,15125295
05-Dec-05,208.71,208.96,202.34,203.13,10294635
02-Dec-05,208.68,209.97,207.14,209.06,7543423
01-Dec-05,204.8,207.93,204.35,207.25,9744804
30-Nov-05,202.33,204.43,197.98,202.66,15596530
29-Nov-05,212.44,213.41,201.27,201.97,21495925
28-Nov-05,215.12,215.84,211.43,211.95,11008320
25-Nov-05,213.1,214.59,212.86,214.52,4840017
23-Nov-05,208.73,212.57,208.1,211.64,10084913
22-Nov-05,204.53,208.86,203.32,208.44,9600241
21-Nov-05,199.78,205.19,196.94,204.88,10335092
18-Nov-05,201.95,202.45,200.12,200.31,7025691
17-Nov-05,201.1,202.11,199.96,201.93,9219270
16-Nov-05,198.3,199.62,197.25,199.27,8719016
15-Nov-05,197.39,198.7,195.67,196.6,8627392
14-Nov-05,196.26,199.31,195.96,198.68,7807857
11-Nov-05,197.76,198.65,194.62,195.4,7063895
10-Nov-05,189.37,195.87,188.9,195.75,9128653
09-Nov-05,193.53,194.34,189.2,189.76,10473628
08-Nov-05,197.32,197.99,194.48,195.14,7897478
07-Nov-05,197.75,198.93,196.27,197.71,9591457
04-Nov-05,195.18,196.09,192.92,195.41,8824846
03-Nov-05,191.4,193.48,190.88,193.17,7448384
02-Nov-05,191.04,192.69,188.77,190.03,10687615
01-Nov-05,186.12,192.14,184.69,189.88,16370713
31-Oct-05,180.3,187.56,179.93,186.26,14349800
28-Oct-05,177.81,179.65,177.69,179.26,5988235
27-Oct-05,178.48,178.72,176.02,176.71,5152474
26-Oct-05,173.31,178.18,173.27,177.9,9237425
25-Oct-05,173.06,173.87,171.6,173.63,6902192
24-Oct-05,171.86,174.82,171.27,174.5,9462011
21-Oct-05,173.07,173.39,166.67,170.12,22897490
20-Oct-05,155.15,155.72,150.76,151.75,14281852
19-Oct-05,152.15,155.09,152.13,154.5,7014755
18-Oct-05,152.63,154.13,151.52,151.79,7083351
17-Oct-05,148.9,152.75,147.43,152.65,7570244
14-Oct-05,150.1,150.27,146.42,148.22,8520588
13-Oct-05,151.15,151.15,145.49,148.87,10567915
12-Oct-05,152.75,153.75,149.65,150.64,9308530
11-Oct-05,155.46,156.48,152.58,153.2,8555741
10-Oct-05,156.81,157.57,154.73,155.48,5573750
07-Oct-05,157.55,158.49,155.43,156.65,6770813
06-Oct-05,157.23,157.4,155.2,156.53,8031100
05-Oct-05,156.5,157.61,154.15,155.51,8330347
04-Oct-05,160.13,160.8,155.53,155.66,9145274
03-Oct-05,156.97,160.22,156.55,159.5,9164380
30-Sep-05,157.27,158.91,156.3,158.39,9171299
29-Sep-05,153.49,155.52,153.19,154.96,5616217
28-Sep-05,157.27,157.71,152.95,153.15,8001283
27-Sep-05,157.63,159.36,156.85,157.13,6876755
26-Sep-05,159.91,160.64,156.44,157.3,9896294
23-Sep-05,156.66,158.76,156.45,157.84,8486213
22-Sep-05,155.91,159.77,155.24,155.84,13010352
21-Sep-05,154.36,157.04,153.13,156.11,10127489
20-Sep-05,153.23,155.81,152.77,154.11,9405622
19-Sep-05,150.65,153.15,150.51,152.05,5763979
16-Sep-05,152.16,152.4,150.08,150.25,7582013
15-Sep-05,149.91,153.53,149.1,151.46,15472402
14-Sep-05,154.52,156.8,150.3,151.65,11286140
13-Sep-05,154.65,157.92,153.24,156.0,10307401
12-Sep-05,151.03,155.87,150.65,155.02,10392015
09-Sep-05,148.79,149.7,148.43,149.69,4468241
08-Sep-05,147.56,149.79,146.83,147.84,6614790
07-Sep-05,143.09,147.9,142.78,147.58,7501491
06-Sep-05,144.64,144.84,143.54,143.7,4214975
02-Sep-05,143.4,145.14,143.36,144.37,3435233
01-Sep-05,143.1,143.89,142.64,143.27,2742784
31-Aug-05,144.26,144.39,142.32,143.14,5036499
30-Aug-05,143.84,144.9,143.08,143.78,4792410
29-Aug-05,141.26,144.7,141.26,144.37,5907365
26-Aug-05,141.88,142.65,141.47,141.93,3756000
25-Aug-05,141.42,142.14,140.12,141.44,4377971
24-Aug-05,138.92,142.52,138.36,141.43,8596213
23-Aug-05,138.22,140.01,137.2,139.93,5846664
22-Aug-05,140.76,140.88,136.81,137.14,6881151
19-Aug-05,140.64,140.87,139.95,140.14,5612914
18-Aug-05,138.09,140.39,137.64,140.13,11945084
17-Aug-05,142.9,143.43,142.14,142.69,3894753
16-Aug-05,142.58,144.04,141.81,142.97,7114089
15-Aug-05,145.04,146.53,142.03,142.14,8177102
12-Aug-05,141.82,145.24,140.96,145.0,6594985
11-Aug-05,143.09,143.43,140.45,142.17,7517646
10-Aug-05,145.8,146.31,142.58,142.98,7003074
09-Aug-05,146.13,146.49,144.4,145.93,5783987
08-Aug-05,146.95,147.97,145.39,145.77,4488996
05-Aug-05,148.9,149.4,145.8,146.32,5954926
04-Aug-05,147.92,149.65,147.77,149.01,5318709
03-Aug-05,149.15,150.01,147.95,148.8,5939351
02-Aug-05,145.95,149.91,145.71,149.74,7301442
01-Aug-05,144.2,146.4,144.19,145.95,5668989
29-Jul-05,146.22,146.57,143.64,144.02,8374949
28-Jul-05,148.85,148.85,146.79,146.9,5930844
27-Jul-05,149.02,149.26,146.35,148.61,7369857
26-Jul-05,147.65,149.15,146.19,148.19,9839432
25-Jul-05,151.35,151.8,147.63,148.07,9660843
22-Jul-05,153.34,154.78,148.31,151.35,23448413
21-Jul-05,157.18,159.06,155.76,157.13,21291787
20-Jul-05,152.94,156.46,151.05,156.16,14365156
19-Jul-05,151.2,155.33,151.05,155.1,12774227
18-Jul-05,150.15,151.1,149.02,149.92,6226588
15-Jul-05,150.77,151.85,150.04,150.75,8459090
14-Jul-05,152.82,153.53,150.19,150.6,10696485
13-Jul-05,146.4,149.77,146.2,149.58,11460650
12-Jul-05,146.84,147.35,145.61,146.04,5872887
11-Jul-05,148.35,148.45,145.66,146.82,8414373
08-Jul-05,148.27,148.9,147.17,148.26,7459423
07-Jul-05,144.84,148.05,144.4,147.92,10684827
06-Jul-05,148.8,148.95,145.84,145.91,8037169
05-Jul-05,146.2,148.14,145.26,148.0,7498527
01-Jul-05,147.67,148.27,144.75,145.77,9234756
30-Jun-05,147.32,149.61,145.67,147.22,15103830
29-Jun-05,151.4,152.34,146.22,146.51,18320175
28-Jun-05,153.29,154.78,151.15,151.15,19082149
27-Jun-05,149.6,152.39,147.08,152.2,17883066
24-Jun-05,145.6,149.15,144.93,148.77,20177442
23-Jun-05,144.14,147.55,143.39,145.0,14083550
22-Jun-05,144.98,146.31,144.48,144.79,10557675
21-Jun-05,144.18,145.3,142.63,144.06,15153375
20-Jun-05,138.18,143.98,136.0,143.49,21051350
17-Jun-05,139.6,140.3,138.1,140.3,10445283
16-Jun-05,137.27,139.29,136.67,138.86,12469496
15-Jun-05,137.64,138.79,133.85,137.54,20943444
14-Jun-05,139.43,140.76,139.01,139.31,10127384
13-Jun-05,140.05,142.24,138.4,141.52,12819732
10-Jun-05,143.64,143.78,140.15,141.39,12721422
09-Jun-05,142.5,144.39,140.42,143.3,16457373
08-Jun-05,146.57,146.74,139.14,139.92,25822065
07-Jun-05,148.7,149.94,145.3,146.71,24340436
06-Jun-05,141.34,147.02,141.06,145.62,22599499
03-Jun-05,143.54,144.79,138.84,140.27,18815956
02-Jun-05,144.51,145.03,142.44,144.09,17984841
01-Jun-05,141.74,146.59,141.15,144.14,35253350
31-May-05,134.85,139.34,134.82,138.77,22277429
27-May-05,130.36,133.16,129.75,133.13,12190561
26-May-05,130.61,132.01,129.28,129.73,13554038
25-May-05,126.49,130.62,125.44,130.54,18157435
24-May-05,128.61,132.85,126.88,128.13,29121832
23-May-05,121.7,129.18,121.48,127.85,21444449
20-May-05,120.73,120.96,119.94,120.93,8175393
19-May-05,120.29,120.71,119.25,119.71,9719025
18-May-05,116.92,120.1,116.88,119.7,12316818
17-May-05,115.4,116.84,115.22,116.68,7808839
16-May-05,114.95,115.93,114.4,115.64,5767655
13-May-05,114.7,115.66,113.77,114.73,7416107
12-May-05,115.52,116.23,114.21,114.47,8957683
11-May-05,114.6,116.11,114.08,115.76,11479923
10-May-05,112.85,114.01,112.47,114.01,6348834
09-May-05,114.11,114.36,112.83,113.12,5538129
06-May-05,114.31,114.74,113.35,114.12,6770910
05-May-05,114.42,114.42,113.05,113.6,7516776
04-May-05,113.73,115.06,113.61,114.36,12173708
03-May-05,111.04,114.19,110.77,113.21,17797914
02-May-05,111.14,111.96,110.22,111.26,9778195
29-Apr-05,111.07,111.24,109.02,110.11,9183854
28-Apr-05,109.86,111.15,108.96,109.83,8691968
27-Apr-05,109.1,110.54,108.48,110.0,10317176
26-Apr-05,110.22,111.11,109.25,109.48,17285020
25-Apr-05,109.02,112.48,108.87,111.88,19861020
22-Apr-05,111.56,112.11,107.24,108.01,33222629
21-Apr-05,100.31,102.6,99.76,102.21,18683042
20-Apr-05,99.39,100.35,98.05,99.15,15469239
19-Apr-05,94.76,96.1,94.11,95.8,8560170
18-Apr-05,92.38,94.03,91.84,93.58,6553403
15-Apr-05,95.15,95.27,92.42,92.59,11584509
14-Apr-05,96.73,97.28,95.15,95.82,6162356
13-Apr-05,96.83,97.26,94.96,96.56,6558128
12-Apr-05,96.6,97.31,94.8,97.07,7322292
11-Apr-05,96.64,97.5,96.26,96.71,5411925
08-Apr-05,96.94,97.65,95.82,96.12,5116704
07-Apr-05,94.48,97.41,94.41,96.98,9694562
06-Apr-05,94.71,94.92,93.88,94.7,5278872
05-Apr-05,93.96,95.23,93.88,94.38,8750113
04-Apr-05,90.06,92.75,90.01,92.74,8078608
01-Apr-05,90.97,91.57,90.08,90.11,6196316
31-Mar-05,89.06,90.79,88.91,90.35,6770462
30-Mar-05,90.41,90.82,89.89,90.32,6260231
29-Mar-05,90.62,91.73,89.12,89.87,6478302
28-Mar-05,90.93,92.49,90.57,90.8,8748100
24-Mar-05,90.44,90.52,89.69,89.71,3727539
23-Mar-05,89.07,90.21,89.07,89.58,4857419
22-Mar-05,90.68,91.06,89.01,89.39,5649453
21-Mar-05,89.72,91.18,88.71,90.53,7483615
18-Mar-05,89.49,90.29,89.24,90.11,7153356
17-Mar-05,88.65,89.91,87.99,89.73,8261695
16-Mar-05,88.44,89.39,87.59,87.89,7151929
15-Mar-05,87.74,90.09,87.19,89.39,10444435
14-Mar-05,89.25,89.29,86.37,87.58,11146592
11-Mar-05,90.31,90.57,88.66,88.99,8030469
10-Mar-05,90.6,90.69,88.79,90.08,10964011
09-Mar-05,92.2,92.42,90.17,90.77,11375297
08-Mar-05,94.64,95.02,92.58,92.69,8046020
07-Mar-05,93.98,94.89,93.61,94.5,8710529
04-Mar-05,93.44,93.72,92.63,93.04,6778129
03-Mar-05,93.16,93.97,92.25,93.6,7612159
02-Mar-05,93.07,93.93,92.27,92.68,7325936
01-Mar-05,94.74,94.97,92.79,93.12,9431762
28-Feb-05,93.09,95.03,93.02,94.09,7824418
25-Feb-05,94.67,95.05,92.85,93.03,9983901
24-Feb-05,91.78,95.02,91.21,94.54,25837038
23-Feb-05,96.75,97.34,94.42,97.07,15650711
22-Feb-05,98.35,99.55,95.29,95.78,13506512
18-Feb-05,99.35,99.52,98.43,99.07,8507046
17-Feb-05,99.01,99.97,98.5,99.05,10426333
16-Feb-05,97.45,99.76,97.25,99.3,16653921
15-Feb-05,96.9,100.02,96.64,97.71,25857576
14-Feb-05,91.52,96.64,90.59,96.59,38576169
11-Feb-05,93.42,96.26,93.13,93.79,13126137
10-Feb-05,96.08,96.2,92.72,94.08,18986725
09-Feb-05,100.48,100.9,94.82,95.89,17310425
08-Feb-05,98.58,100.11,97.36,99.42,11493216
07-Feb-05,102.73,103.3,97.85,98.11,12981698
04-Feb-05,103.34,103.98,101.4,102.28,14823134
03-Feb-05,103.1,106.79,103.01,105.54,13005885
02-Feb-05,107.88,108.51,101.93,103.08,32874261
01-Feb-05,97.29,101.98,95.41,96.05,19153969
31-Jan-05,96.94,98.28,95.96,97.91,9600561
28-Jan-05,95.11,97.45,93.26,95.27,12212727
27-Jan-05,94.47,94.52,92.69,94.13,6631221
26-Jan-05,89.72,94.8,89.66,94.71,12345935
25-Jan-05,91.19,91.21,88.23,88.65,10696013
24-Jan-05,94.44,94.76,90.25,90.45,14034232
21-Jan-05,97.32,97.78,94.15,94.23,9294685
20-Jan-05,96.39,98.22,96.1,97.06,9003777
19-Jan-05,102.42,102.75,98.45,98.75,11351583
18-Jan-05,100.55,102.61,99.43,102.05,13237127
14-Jan-05,98.1,100.11,97.16,100.08,9643747
13-Jan-05,97.79,98.79,97.12,97.76,6852573
12-Jan-05,97.26,98.06,95.35,97.79,8361295
11-Jan-05,97.91,98.95,96.69,96.87,6962544
10-Jan-05,97.35,99.15,96.01,97.63,7554795
07-Jan-05,95.42,97.22,94.48,97.02,9666175
06-Jan-05,97.72,98.05,93.95,94.37,10389803
05-Jan-05,96.82,98.55,96.21,96.85,8239545
04-Jan-05,100.77,101.57,96.84,97.35,13762396
03-Jan-05,98.8,101.92,97.83,101.46,15860692
